OpenROAD 41a51eaf4ca2171c92ff38afb91eb37bbd3f36da 
This program is licensed under the BSD-3 license. See the LICENSE file for details.
Components of this program may be licensed under more restrictive licenses which must be honored.
[INFO]: Reading ODB at '/openlane/designs/RiscvALU/runs/RUN_2026.09.20_19.53.10/tmp/15-ALU.odb'…
define_corners Typical
read_liberty -corner Typical /home/onur/.ciel/ciel/sky130/versions/0fe599b2afb6708d281543108caf8310912f54af/sky130A/libs.ref/sky130_fd_sc_hd/lib/MySCL_M_tt.lib
Using 1e-12 for capacitance...
Using 1e+03 for resistance...
Using 1e-09 for time...
Using 1e+00 for voltage...
Using 1e-03 for current...
Using 1e-09 for power...
Using 1e-06 for distance...
Reading design constraints file at '/openlane/designs/RiscvALU/runs/RUN_2026.09.20_19.53.10/tmp/15-ALU.sdc'…
[INFO]: Setting RC values...
[WARNING GRT-0026] Missing route to pin _3128_/Y.
[WARNING GRT-0026] Missing route to pin _3130_/B.
[WARNING GRT-0026] Missing route to pin _3131_/Y.
[WARNING GRT-0026] Missing route to pin _3755_/A.
[WARNING GRT-0026] Missing route to pin _2235_/X.
[WARNING GRT-0026] Missing route to pin _4030_/A.
[WARNING GRT-0026] Missing route to pin _4029_/A.
[WARNING GRT-0026] Missing route to pin _4030_/B.
[WARNING GRT-0026] Missing route to pin _4029_/B.
[WARNING GRT-0026] Missing route to pin _4032_/A.
[WARNING GRT-0026] Missing route to pin _4030_/Y.
[WARNING GRT-0026] Missing route to pin _4032_/B.
[WARNING GRT-0026] Missing route to pin _4032_/Y.
[WARNING GRT-0026] Missing route to pin _4306_/B.
[WARNING GRT-0026] Missing route to pin _4306_/Y.
[WARNING GRT-0026] Missing route to pin _4308_/B.
[WARNING GRT-0026] Missing route to pin _4308_/Y.
[WARNING GRT-0026] Missing route to pin _2480_/X.
[WARNING GRT-0026] Missing route to pin _3420_/A.
[WARNING GRT-0026] Missing route to pin _3131_/A.
[WARNING GRT-0026] Missing route to pin _2951_/A.
[WARNING GRT-0026] Missing route to pin _2951_/B.
[WARNING GRT-0026] Missing route to pin _2951_/Y.
[WARNING GRT-0026] Missing route to pin _3128_/A.
[WARNING GRT-0026] Missing route to pin input52/A.
[WARNING GRT-0026] Missing route to pin input58/A.
[WARNING GRT-0026] Missing route to pin output74/X.
[WARNING GRT-0026] Missing route to pin output80/X.
[WARNING GRT-0026] Missing route to pin output90/X.
[WARNING GRT-0026] Missing route to pin _2221_/A.
[WARNING GRT-0026] Missing route to pin input52/X.
[WARNING GRT-0026] Missing route to pin input63/X.
[WARNING GRT-0026] Missing route to pin output74/A.
min_report

===========================================================================
report_checks -path_delay min (Hold)
============================================================================
======================= Typical Corner ===================================

Startpoint: a[19] (input port clocked by clk)
Endpoint: result[19] (output port clocked by clk)
Path Group: clk
Path Type: min

Fanout     Cap    Slew   Delay    Time   Description
-----------------------------------------------------------------------------
                  0.00    0.00    0.00   clock clk (rise edge)
                          0.00    0.00   clock network delay (ideal)
                          4.00    4.00 ^ input external delay
                  0.02    0.01    4.01 ^ a[19] (in)
     1    0.00                           a[19] (net)
                  0.02    0.00    4.01 ^ input11/A (sky130_fd_sc_hd__clkbuf_2)
                  0.05    0.09    4.10 ^ input11/X (sky130_fd_sc_hd__clkbuf_2)
     3    0.01                           net11 (net)
                  0.05    0.00    4.10 ^ _2223_/A (inverter)
                  0.05    0.04    4.15 v _2223_/Y (inverter)
     3    0.01                           _0603_ (net)
                  0.05    0.00    4.15 v _3740_/A (Nand_gate)
                  0.03    0.04    4.19 ^ _3740_/Y (Nand_gate)
     1    0.00                           _0725_ (net)
                  0.03    0.00    4.19 ^ _3744_/A (Nand_gate)
                  0.03    0.04    4.23 v _3744_/Y (Nand_gate)
     1    0.00                           _0729_ (net)
                  0.03    0.00    4.23 v _3767_/A (Nand_gate)
                  0.03    0.04    4.27 ^ _3767_/Y (Nand_gate)
     1    0.00                           _0754_ (net)
                  0.03    0.00    4.27 ^ _3768_/B (Nor_gate)
                  0.04    0.04    4.31 v _3768_/Y (Nor_gate)
     2    0.01                           _0756_ (net)
                  0.04    0.00    4.31 v _3769_/A (inverter)
                  0.03    0.03    4.34 ^ _3769_/Y (inverter)
     1    0.00                           net79 (net)
                  0.03    0.00    4.34 ^ output79/A (sky130_fd_sc_hd__clkbuf_4)
                  0.11    0.17    4.51 ^ output79/X (sky130_fd_sc_hd__clkbuf_4)
     1    0.03                           result[19] (net)
                  0.11    0.00    4.51 ^ result[19] (out)
                                  4.51   data arrival time

                  0.00    0.00    0.00   clock clk (rise edge)
                          0.00    0.00   clock network delay (ideal)
                          0.25    0.25   clock uncertainty
                          0.00    0.25   clock reconvergence pessimism
                         -4.00   -3.75   output external delay
                                 -3.75   data required time
-----------------------------------------------------------------------------
                                 -3.75   data required time
                                 -4.51   data arrival time
-----------------------------------------------------------------------------
                                  8.26   slack (MET)


Startpoint: a[26] (input port clocked by clk)
Endpoint: result[26] (output port clocked by clk)
Path Group: clk
Path Type: min

Fanout     Cap    Slew   Delay    Time   Description
-----------------------------------------------------------------------------
                  0.00    0.00    0.00   clock clk (rise edge)
                          0.00    0.00   clock network delay (ideal)
                          4.00    4.00 v input external delay
                  0.01    0.00    4.00 v a[26] (in)
     1    0.00                           a[26] (net)
                  0.01    0.00    4.00 v input19/A (sky130_fd_sc_hd__buf_2)
                  0.06    0.13    4.13 v input19/X (sky130_fd_sc_hd__buf_2)
     9    0.02                           net19 (net)
                  0.06    0.00    4.13 v _4090_/A (Nand_gate)
                  0.06    0.06    4.20 ^ _4090_/Y (Nand_gate)
     2    0.01                           _1103_ (net)
                  0.06    0.00    4.20 ^ _4093_/A (Nand_gate)
                  0.04    0.05    4.24 v _4093_/Y (Nand_gate)
     1    0.00                           _1106_ (net)
                  0.04    0.00    4.24 v _4117_/A (Nand_gate)
                  0.04    0.04    4.29 ^ _4117_/Y (Nand_gate)
     1    0.00                           _1132_ (net)
                  0.04    0.00    4.29 ^ _4118_/B (Nor_gate)
                  0.03    0.03    4.32 v _4118_/Y (Nor_gate)
     2    0.00                           _1134_ (net)
                  0.03    0.00    4.32 v _4119_/A (inverter)
                  0.03    0.03    4.35 ^ _4119_/Y (inverter)
     1    0.00                           net87 (net)
                  0.03    0.00    4.35 ^ output87/A (sky130_fd_sc_hd__clkbuf_4)
                  0.12    0.17    4.52 ^ output87/X (sky130_fd_sc_hd__clkbuf_4)
     1    0.04                           result[26] (net)
                  0.12    0.00    4.52 ^ result[26] (out)
                                  4.52   data arrival time

                  0.00    0.00    0.00   clock clk (rise edge)
                          0.00    0.00   clock network delay (ideal)
                          0.25    0.25   clock uncertainty
                          0.00    0.25   clock reconvergence pessimism
                         -4.00   -3.75   output external delay
                                 -3.75   data required time
-----------------------------------------------------------------------------
                                 -3.75   data required time
                                 -4.52   data arrival time
-----------------------------------------------------------------------------
                                  8.27   slack (MET)


Startpoint: b[22] (input port clocked by clk)
Endpoint: result[22] (output port clocked by clk)
Path Group: clk
Path Type: min

Fanout     Cap    Slew   Delay    Time   Description
-----------------------------------------------------------------------------
                  0.00    0.00    0.00   clock clk (rise edge)
                          0.00    0.00   clock network delay (ideal)
                          4.00    4.00 ^ input external delay
                  0.02    0.01    4.01 ^ b[22] (in)
     1    0.00                           b[22] (net)
                  0.02    0.00    4.01 ^ input51/A (sky130_fd_sc_hd__buf_2)
                  0.07    0.11    4.12 ^ input51/X (sky130_fd_sc_hd__buf_2)
     5    0.01                           net51 (net)
                  0.07    0.00    4.12 ^ _3911_/A (Nand_gate)
                  0.03    0.04    4.16 v _3911_/Y (Nand_gate)
     1    0.00                           _0910_ (net)
                  0.03    0.00    4.16 v _3916_/A (Nand_gate)
                  0.03    0.04    4.20 ^ _3916_/Y (Nand_gate)
     1    0.00                           _0915_ (net)
                  0.03    0.00    4.20 ^ _3917_/B (Nor_gate)
                  0.02    0.02    4.22 v _3917_/Y (Nor_gate)
     1    0.00                           _0916_ (net)
                  0.02    0.00    4.22 v _3918_/B (Nand_gate)
                  0.03    0.03    4.25 ^ _3918_/Y (Nand_gate)
     1    0.00                           _0918_ (net)
                  0.03    0.00    4.25 ^ _3919_/B (Nor_gate)
                  0.06    0.06    4.31 v _3919_/Y (Nor_gate)
     2    0.01                           _0919_ (net)
                  0.06    0.00    4.31 v _3920_/A (inverter)
                  0.04    0.04    4.35 ^ _3920_/Y (inverter)
     1    0.00                           net83 (net)
                  0.04    0.00    4.35 ^ output83/A (sky130_fd_sc_hd__clkbuf_4)
                  0.11    0.17    4.53 ^ output83/X (sky130_fd_sc_hd__clkbuf_4)
     1    0.03                           result[22] (net)
                  0.11    0.00    4.53 ^ result[22] (out)
                                  4.53   data arrival time

                  0.00    0.00    0.00   clock clk (rise edge)
                          0.00    0.00   clock network delay (ideal)
                          0.25    0.25   clock uncertainty
                          0.00    0.25   clock reconvergence pessimism
                         -4.00   -3.75   output external delay
                                 -3.75   data required time
-----------------------------------------------------------------------------
                                 -3.75   data required time
                                 -4.53   data arrival time
-----------------------------------------------------------------------------
                                  8.28   slack (MET)


Startpoint: b[23] (input port clocked by clk)
Endpoint: result[23] (output port clocked by clk)
Path Group: clk
Path Type: min

Fanout     Cap    Slew   Delay    Time   Description
-----------------------------------------------------------------------------
                  0.00    0.00    0.00   clock clk (rise edge)
                          0.00    0.00   clock network delay (ideal)
                          4.00    4.00 ^ input external delay
                  0.02    0.01    4.01 ^ b[23] (in)
     1    0.00                           b[23] (net)
                  0.02    0.00    4.01 ^ input52/A (sky130_fd_sc_hd__buf_2)
                  0.07    0.11    4.11 ^ input52/X (sky130_fd_sc_hd__buf_2)
     5    0.01                           net52 (net)
                  0.07    0.00    4.11 ^ _3948_/A (Nand_gate)
                  0.03    0.04    4.16 v _3948_/Y (Nand_gate)
     1    0.00                           _0950_ (net)
                  0.03    0.00    4.16 v _3953_/A (Nand_gate)
                  0.03    0.04    4.20 ^ _3953_/Y (Nand_gate)
     1    0.00                           _0955_ (net)
                  0.03    0.00    4.20 ^ _3954_/B (Nor_gate)
                  0.02    0.02    4.22 v _3954_/Y (Nor_gate)
     1    0.00                           _0956_ (net)
                  0.02    0.00    4.22 v _3955_/B (Nand_gate)
                  0.03    0.03    4.25 ^ _3955_/Y (Nand_gate)
     1    0.00                           _0957_ (net)
                  0.03    0.00    4.25 ^ _3956_/B (Nor_gate)
                  0.03    0.03    4.28 v _3956_/Y (Nor_gate)
     2    0.00                           _0958_ (net)
                  0.03    0.00    4.28 v _3957_/A (inverter)
                  0.08    0.06    4.34 ^ _3957_/Y (inverter)
     1    0.01                           net84 (net)
                  0.08    0.00    4.34 ^ output84/A (sky130_fd_sc_hd__clkbuf_4)
                  0.11    0.19    4.53 ^ output84/X (sky130_fd_sc_hd__clkbuf_4)
     1    0.03                           result[23] (net)
                  0.11    0.00    4.53 ^ result[23] (out)
                                  4.53   data arrival time

                  0.00    0.00    0.00   clock clk (rise edge)
                          0.00    0.00   clock network delay (ideal)
                          0.25    0.25   clock uncertainty
                          0.00    0.25   clock reconvergence pessimism
                         -4.00   -3.75   output external delay
                                 -3.75   data required time
-----------------------------------------------------------------------------
                                 -3.75   data required time
                                 -4.53   data arrival time
-----------------------------------------------------------------------------
                                  8.28   slack (MET)


Startpoint: alu_control[0] (input port clocked by clk)
Endpoint: result[0] (output port clocked by clk)
Path Group: clk
Path Type: min

Fanout     Cap    Slew   Delay    Time   Description
-----------------------------------------------------------------------------
                  0.00    0.00    0.00   clock clk (rise edge)
                          0.00    0.00   clock network delay (ideal)
                          4.00    4.00 ^ input external delay
                  0.04    0.02    4.02 ^ alu_control[0] (in)
     1    0.01                           alu_control[0] (net)
                  0.04    0.00    4.02 ^ input33/A (sky130_fd_sc_hd__buf_2)
                  0.08    0.12    4.15 ^ input33/X (sky130_fd_sc_hd__buf_2)
     6    0.01                           net33 (net)
                  0.08    0.00    4.15 ^ _2175_/A (Nor_gate)
                  0.04    0.05    4.19 v _2175_/Y (Nor_gate)
     2    0.01                           _0084_ (net)
                  0.04    0.00    4.19 v _2472_/A (Nand_gate)
                  0.03    0.04    4.23 ^ _2472_/Y (Nand_gate)
     1    0.00                           _1581_ (net)
                  0.03    0.00    4.23 ^ _2495_/A (Nand_gate)
                  0.03    0.04    4.27 v _2495_/Y (Nand_gate)
     1    0.00                           _1604_ (net)
                  0.03    0.00    4.27 v _2602_/A (Nand_gate)
                  0.03    0.04    4.31 ^ _2602_/Y (Nand_gate)
     1    0.00                           _1711_ (net)
                  0.03    0.00    4.31 ^ _2603_/A (sky130_fd_sc_hd__clkbuf_2)
                  0.04    0.09    4.39 ^ _2603_/X (sky130_fd_sc_hd__clkbuf_2)
     2    0.00                           net69 (net)
                  0.04    0.00    4.39 ^ output69/A (sky130_fd_sc_hd__clkbuf_4)
                  0.11    0.17    4.57 ^ output69/X (sky130_fd_sc_hd__clkbuf_4)
     1    0.03                           result[0] (net)
                  0.11    0.00    4.57 ^ result[0] (out)
                                  4.57   data arrival time

                  0.00    0.00    0.00   clock clk (rise edge)
                          0.00    0.00   clock network delay (ideal)
                          0.25    0.25   clock uncertainty
                          0.00    0.25   clock reconvergence pessimism
                         -4.00   -3.75   output external delay
                                 -3.75   data required time
-----------------------------------------------------------------------------
                                 -3.75   data required time
                                 -4.57   data arrival time
-----------------------------------------------------------------------------
                                  8.32   slack (MET)


Startpoint: a[12] (input port clocked by clk)
Endpoint: result[13] (output port clocked by clk)
Path Group: clk
Path Type: min

Fanout     Cap    Slew   Delay    Time   Description
-----------------------------------------------------------------------------
                  0.00    0.00    0.00   clock clk (rise edge)
                          0.00    0.00   clock network delay (ideal)
                          4.00    4.00 v input external delay
                  0.01    0.01    4.01 v a[12] (in)
     1    0.00                           a[12] (net)
                  0.01    0.00    4.01 v input4/A (sky130_fd_sc_hd__buf_1)
                  0.06    0.09    4.10 v input4/X (sky130_fd_sc_hd__buf_1)
     2    0.01                           net4 (net)
                  0.06    0.00    4.10 v _2385_/A (inverter)
                  0.06    0.05    4.15 ^ _2385_/Y (inverter)
     3    0.01                           _1494_ (net)
                  0.06    0.00    4.15 ^ _3410_/A (Nor_gate)
                  0.03    0.04    4.19 v _3410_/Y (Nor_gate)
     2    0.01                           _0368_ (net)
                  0.03    0.00    4.19 v _3411_/B (Nand_gate)
                  0.06    0.05    4.25 ^ _3411_/Y (Nand_gate)
     2    0.01                           _0369_ (net)
                  0.06    0.00    4.25 ^ _3415_/A (Nand_gate)
                  0.03    0.04    4.29 v _3415_/Y (Nand_gate)
     1    0.00                           _0373_ (net)
                  0.03    0.00    4.29 v _3451_/A (Nand_gate)
                  0.03    0.04    4.33 ^ _3451_/Y (Nand_gate)
     1    0.00                           _0413_ (net)
                  0.03    0.00    4.33 ^ _3452_/B (Nor_gate)
                  0.03    0.03    4.36 v _3452_/Y (Nor_gate)
     2    0.00                           _0414_ (net)
                  0.03    0.00    4.36 v _3453_/A (inverter)
                  0.04    0.04    4.40 ^ _3453_/Y (inverter)
     1    0.00                           net73 (net)
                  0.04    0.00    4.40 ^ output73/A (sky130_fd_sc_hd__clkbuf_4)
                  0.11    0.17    4.57 ^ output73/X (sky130_fd_sc_hd__clkbuf_4)
     1    0.03                           result[13] (net)
                  0.11    0.00    4.57 ^ result[13] (out)
                                  4.57   data arrival time

                  0.00    0.00    0.00   clock clk (rise edge)
                          0.00    0.00   clock network delay (ideal)
                          0.25    0.25   clock uncertainty
                          0.00    0.25   clock reconvergence pessimism
                         -4.00   -3.75   output external delay
                                 -3.75   data required time
-----------------------------------------------------------------------------
                                 -3.75   data required time
                                 -4.57   data arrival time
-----------------------------------------------------------------------------
                                  8.32   slack (MET)


Startpoint: a[26] (input port clocked by clk)
Endpoint: result[27] (output port clocked by clk)
Path Group: clk
Path Type: min

Fanout     Cap    Slew   Delay    Time   Description
-----------------------------------------------------------------------------
                  0.00    0.00    0.00   clock clk (rise edge)
                          0.00    0.00   clock network delay (ideal)
                          4.00    4.00 ^ input external delay
                  0.02    0.01    4.01 ^ a[26] (in)
     1    0.00                           a[26] (net)
                  0.02    0.00    4.01 ^ input19/A (sky130_fd_sc_hd__buf_2)
                  0.10    0.13    4.14 ^ input19/X (sky130_fd_sc_hd__buf_2)
     9    0.02                           net19 (net)
                  0.10    0.00    4.14 ^ _4090_/A (Nand_gate)
                  0.05    0.07    4.21 v _4090_/Y (Nand_gate)
     2    0.01                           _1103_ (net)
                  0.05    0.00    4.21 v _4130_/B (Nand_gate)
                  0.03    0.04    4.25 ^ _4130_/Y (Nand_gate)
     1    0.00                           _1146_ (net)
                  0.03    0.00    4.25 ^ _4136_/A (Nand_gate)
                  0.03    0.04    4.29 v _4136_/Y (Nand_gate)
     1    0.00                           _1152_ (net)
                  0.03    0.00    4.29 v _4159_/A (Nand_gate)
                  0.05    0.05    4.34 ^ _4159_/Y (Nand_gate)
     1    0.01                           _1178_ (net)
                  0.05    0.00    4.34 ^ _4160_/B (Nor_gate)
                  0.03    0.03    4.37 v _4160_/Y (Nor_gate)
     2    0.00                           _1179_ (net)
                  0.03    0.00    4.37 v _4161_/A (inverter)
                  0.03    0.03    4.40 ^ _4161_/Y (inverter)
     1    0.00                           net88 (net)
                  0.03    0.00    4.40 ^ output88/A (sky130_fd_sc_hd__buf_2)
                  0.17    0.18    4.58 ^ output88/X (sky130_fd_sc_hd__buf_2)
     1    0.03                           result[27] (net)
                  0.17    0.00    4.58 ^ result[27] (out)
                                  4.58   data arrival time

                  0.00    0.00    0.00   clock clk (rise edge)
                          0.00    0.00   clock network delay (ideal)
                          0.25    0.25   clock uncertainty
                          0.00    0.25   clock reconvergence pessimism
                         -4.00   -3.75   output external delay
                                 -3.75   data required time
-----------------------------------------------------------------------------
                                 -3.75   data required time
                                 -4.58   data arrival time
-----------------------------------------------------------------------------
                                  8.33   slack (MET)


Startpoint: a[11] (input port clocked by clk)
Endpoint: result[11] (output port clocked by clk)
Path Group: clk
Path Type: min

Fanout     Cap    Slew   Delay    Time   Description
-----------------------------------------------------------------------------
                  0.00    0.00    0.00   clock clk (rise edge)
                          0.00    0.00   clock network delay (ideal)
                          4.00    4.00 v input external delay
                  0.01    0.00    4.00 v a[11] (in)
     1    0.00                           a[11] (net)
                  0.01    0.00    4.00 v input3/A (sky130_fd_sc_hd__buf_2)
                  0.04    0.11    4.11 v input3/X (sky130_fd_sc_hd__buf_2)
     5    0.01                           net3 (net)
                  0.04    0.00    4.11 v _3273_/A (Xnor)
                  0.15    0.12    4.24 ^ _3273_/Y (Xnor)
     3    0.01                           _0219_ (net)
                  0.15    0.00    4.24 ^ _3276_/A (Nor_gate)
                  0.02    0.05    4.28 v _3276_/Y (Nor_gate)
     1    0.00                           _0222_ (net)
                  0.02    0.00    4.28 v _3279_/A (Nor_gate)
                  0.08    0.08    4.36 ^ _3279_/Y (Nor_gate)
     1    0.00                           _0226_ (net)
                  0.08    0.00    4.36 ^ _3326_/A (Nor_gate)
                  0.03    0.04    4.41 v _3326_/Y (Nor_gate)
     2    0.00                           _0277_ (net)
                  0.03    0.00    4.41 v _3327_/A (inverter)
                  0.03    0.03    4.44 ^ _3327_/Y (inverter)
     1    0.00                           net71 (net)
                  0.03    0.00    4.44 ^ output71/A (sky130_fd_sc_hd__clkbuf_4)
                  0.11    0.17    4.61 ^ output71/X (sky130_fd_sc_hd__clkbuf_4)
     1    0.03                           result[11] (net)
                  0.11    0.00    4.61 ^ result[11] (out)
                                  4.61   data arrival time

                  0.00    0.00    0.00   clock clk (rise edge)
                          0.00    0.00   clock network delay (ideal)
                          0.25    0.25   clock uncertainty
                          0.00    0.25   clock reconvergence pessimism
                         -4.00   -3.75   output external delay
                                 -3.75   data required time
-----------------------------------------------------------------------------
                                 -3.75   data required time
                                 -4.61   data arrival time
-----------------------------------------------------------------------------
                                  8.36   slack (MET)


Startpoint: alu_control[1] (input port clocked by clk)
Endpoint: result[5] (output port clocked by clk)
Path Group: clk
Path Type: min

Fanout     Cap    Slew   Delay    Time   Description
-----------------------------------------------------------------------------
                  0.00    0.00    0.00   clock clk (rise edge)
                          0.00    0.00   clock network delay (ideal)
                          4.00    4.00 v input external delay
                  0.01    0.00    4.00 v alu_control[1] (in)
     1    0.00                           alu_control[1] (net)
                  0.01    0.00    4.00 v input34/A (sky130_fd_sc_hd__buf_2)
                  0.09    0.15    4.16 v input34/X (sky130_fd_sc_hd__buf_2)
     7    0.03                           net34 (net)
                  0.09    0.00    4.16 v _2792_/A (Nand_gate)
                  0.10    0.09    4.26 ^ _2792_/Y (Nand_gate)
     5    0.01                           _1898_ (net)
                  0.10    0.00    4.26 ^ _2926_/A (Nor_gate)
                  0.02    0.04    4.30 v _2926_/Y (Nor_gate)
     1    0.00                           _2030_ (net)
                  0.02    0.00    4.30 v _2927_/B (Nand_gate)
                  0.04    0.03    4.33 ^ _2927_/Y (Nand_gate)
     1    0.00                           _2031_ (net)
                  0.04    0.00    4.33 ^ _2964_/A (Nand_gate)
                  0.03    0.04    4.37 v _2964_/Y (Nand_gate)
     1    0.00                           _2068_ (net)
                  0.03    0.00    4.37 v _2965_/A (sky130_fd_sc_hd__buf_1)
                  0.03    0.08    4.45 v _2965_/X (sky130_fd_sc_hd__buf_1)
     2    0.00                           net96 (net)
                  0.03    0.00    4.45 v output96/A (sky130_fd_sc_hd__buf_2)
                  0.09    0.17    4.62 v output96/X (sky130_fd_sc_hd__buf_2)
     1    0.03                           result[5] (net)
                  0.09    0.00    4.62 v result[5] (out)
                                  4.62   data arrival time

                  0.00    0.00    0.00   clock clk (rise edge)
                          0.00    0.00   clock network delay (ideal)
                          0.25    0.25   clock uncertainty
                          0.00    0.25   clock reconvergence pessimism
                         -4.00   -3.75   output external delay
                                 -3.75   data required time
-----------------------------------------------------------------------------
                                 -3.75   data required time
                                 -4.62   data arrival time
-----------------------------------------------------------------------------
                                  8.37   slack (MET)


Startpoint: a[1] (input port clocked by clk)
Endpoint: result[1] (output port clocked by clk)
Path Group: clk
Path Type: min

Fanout     Cap    Slew   Delay    Time   Description
-----------------------------------------------------------------------------
                  0.00    0.00    0.00   clock clk (rise edge)
                          0.00    0.00   clock network delay (ideal)
                          4.00    4.00 ^ input external delay
                  0.02    0.01    4.01 ^ a[1] (in)
     1    0.00                           a[1] (net)
                  0.02    0.00    4.01 ^ input12/A (sky130_fd_sc_hd__clkbuf_4)
                  0.07    0.14    4.15 ^ input12/X (sky130_fd_sc_hd__clkbuf_4)
     9    0.02                           net12 (net)
                  0.07    0.00    4.15 ^ _2321_/A (inverter)
                  0.04    0.04    4.19 v _2321_/Y (inverter)
     2    0.01                           _1430_ (net)
                  0.04    0.00    4.19 v _2684_/A (Nor_gate)
                  0.07    0.07    4.26 ^ _2684_/Y (Nor_gate)
     1    0.00                           _1792_ (net)
                  0.07    0.00    4.26 ^ _2685_/B (Nor_gate)
                  0.02    0.03    4.29 v _2685_/Y (Nor_gate)
     1    0.00                           _1793_ (net)
                  0.02    0.00    4.29 v _2698_/A (Nand_gate)
                  0.04    0.04    4.33 ^ _2698_/Y (Nand_gate)
     1    0.00                           _1806_ (net)
                  0.04    0.00    4.33 ^ _2699_/B (Nor_gate)
                  0.02    0.03    4.36 v _2699_/Y (Nor_gate)
     1    0.00                           _1807_ (net)
                  0.02    0.00    4.36 v _2700_/B (Nand_gate)
                  0.03    0.03    4.39 ^ _2700_/Y (Nand_gate)
     1    0.00                           _1808_ (net)
                  0.03    0.00    4.39 ^ _2701_/B (Nor_gate)
                  0.03    0.03    4.42 v _2701_/Y (Nor_gate)
     2    0.00                           _1809_ (net)
                  0.03    0.00    4.42 v _2702_/A (inverter)
                  0.03    0.03    4.45 ^ _2702_/Y (inverter)
     1    0.00                           net80 (net)
                  0.03    0.00    4.45 ^ output80/A (sky130_fd_sc_hd__clkbuf_4)
                  0.11    0.17    4.62 ^ output80/X (sky130_fd_sc_hd__clkbuf_4)
     1    0.03                           result[1] (net)
                  0.11    0.00    4.62 ^ result[1] (out)
                                  4.62   data arrival time

                  0.00    0.00    0.00   clock clk (rise edge)
                          0.00    0.00   clock network delay (ideal)
                          0.25    0.25   clock uncertainty
                          0.00    0.25   clock reconvergence pessimism
                         -4.00   -3.75   output external delay
                                 -3.75   data required time
-----------------------------------------------------------------------------
                                 -3.75   data required time
                                 -4.62   data arrival time
-----------------------------------------------------------------------------
                                  8.37   slack (MET)


Startpoint: b[18] (input port clocked by clk)
Endpoint: result[18] (output port clocked by clk)
Path Group: clk
Path Type: min

Fanout     Cap    Slew   Delay    Time   Description
-----------------------------------------------------------------------------
                  0.00    0.00    0.00   clock clk (rise edge)
                          0.00    0.00   clock network delay (ideal)
                          4.00    4.00 ^ input external delay
                  0.04    0.02    4.02 ^ b[18] (in)
     1    0.01                           b[18] (net)
                  0.04    0.00    4.02 ^ input46/A (sky130_fd_sc_hd__buf_2)
                  0.09    0.13    4.15 ^ input46/X (sky130_fd_sc_hd__buf_2)
     7    0.02                           net46 (net)
                  0.09    0.00    4.15 ^ _3722_/A (Nand_gate)
                  0.03    0.05    4.20 v _3722_/Y (Nand_gate)
     1    0.00                           _0706_ (net)
                  0.03    0.00    4.20 v _3723_/B (Nand_gate)
                  0.04    0.04    4.24 ^ _3723_/Y (Nand_gate)
     1    0.00                           _0707_ (net)
                  0.04    0.00    4.24 ^ _3724_/B (Nor_gate)
                  0.02    0.03    4.26 v _3724_/Y (Nor_gate)
     1    0.00                           _0708_ (net)
                  0.02    0.00    4.26 v _3725_/B (Nand_gate)
                  0.04    0.03    4.30 ^ _3725_/Y (Nand_gate)
     1    0.00                           _0709_ (net)
                  0.04    0.00    4.30 ^ _3726_/B (Nor_gate)
                  0.02    0.02    4.32 v _3726_/Y (Nor_gate)
     1    0.00                           _0710_ (net)
                  0.02    0.00    4.32 v _3727_/B (Nand_gate)
                  0.03    0.03    4.35 ^ _3727_/Y (Nand_gate)
     1    0.00                           _0711_ (net)
                  0.03    0.00    4.35 ^ _3728_/B (Nor_gate)
                  0.07    0.06    4.41 v _3728_/Y (Nor_gate)
     2    0.02                           _0713_ (net)
                  0.07    0.00    4.41 v _3729_/A (inverter)
                  0.03    0.04    4.45 ^ _3729_/Y (inverter)
     1    0.00                           net78 (net)
                  0.03    0.00    4.45 ^ output78/A (sky130_fd_sc_hd__clkbuf_4)
                  0.11    0.17    4.62 ^ output78/X (sky130_fd_sc_hd__clkbuf_4)
     1    0.03                           result[18] (net)
                  0.11    0.00    4.63 ^ result[18] (out)
                                  4.63   data arrival time

                  0.00    0.00    0.00   clock clk (rise edge)
                          0.00    0.00   clock network delay (ideal)
                          0.25    0.25   clock uncertainty
                          0.00    0.25   clock reconvergence pessimism
                         -4.00   -3.75   output external delay
                                 -3.75   data required time
-----------------------------------------------------------------------------
                                 -3.75   data required time
                                 -4.63   data arrival time
-----------------------------------------------------------------------------
                                  8.38   slack (MET)


Startpoint: alu_control[1] (input port clocked by clk)
Endpoint: result[3] (output port clocked by clk)
Path Group: clk
Path Type: min

Fanout     Cap    Slew   Delay    Time   Description
-----------------------------------------------------------------------------
                  0.00    0.00    0.00   clock clk (rise edge)
                          0.00    0.00   clock network delay (ideal)
                          4.00    4.00 v input external delay
                  0.01    0.00    4.00 v alu_control[1] (in)
     1    0.00                           alu_control[1] (net)
                  0.01    0.00    4.00 v input34/A (sky130_fd_sc_hd__buf_2)
                  0.09    0.15    4.16 v input34/X (sky130_fd_sc_hd__buf_2)
     7    0.03                           net34 (net)
                  0.09    0.00    4.16 v _2792_/A (Nand_gate)
                  0.10    0.09    4.26 ^ _2792_/Y (Nand_gate)
     5    0.01                           _1898_ (net)
                  0.10    0.00    4.26 ^ _2794_/A (Nor_gate)
                  0.02    0.04    4.30 v _2794_/Y (Nor_gate)
     1    0.00                           _1900_ (net)
                  0.02    0.00    4.30 v _2795_/B (Nand_gate)
                  0.04    0.04    4.33 ^ _2795_/Y (Nand_gate)
     1    0.00                           _1901_ (net)
                  0.04    0.00    4.33 ^ _2849_/A (Nand_gate)
                  0.03    0.04    4.37 v _2849_/Y (Nand_gate)
     1    0.00                           _1955_ (net)
                  0.03    0.00    4.37 v _2850_/A (sky130_fd_sc_hd__buf_1)
                  0.04    0.08    4.46 v _2850_/X (sky130_fd_sc_hd__buf_1)
     2    0.00                           net94 (net)
                  0.04    0.00    4.46 v output94/A (sky130_fd_sc_hd__clkbuf_4)
                  0.08    0.17    4.63 v output94/X (sky130_fd_sc_hd__clkbuf_4)
     1    0.04                           result[3] (net)
                  0.08    0.00    4.63 v result[3] (out)
                                  4.63   data arrival time

                  0.00    0.00    0.00   clock clk (rise edge)
                          0.00    0.00   clock network delay (ideal)
                          0.25    0.25   clock uncertainty
                          0.00    0.25   clock reconvergence pessimism
                         -4.00   -3.75   output external delay
                                 -3.75   data required time
-----------------------------------------------------------------------------
                                 -3.75   data required time
                                 -4.63   data arrival time
-----------------------------------------------------------------------------
                                  8.38   slack (MET)


Startpoint: b[20] (input port clocked by clk)
Endpoint: result[20] (output port clocked by clk)
Path Group: clk
Path Type: min

Fanout     Cap    Slew   Delay    Time   Description
-----------------------------------------------------------------------------
                  0.00    0.00    0.00   clock clk (rise edge)
                          0.00    0.00   clock network delay (ideal)
                          4.00    4.00 ^ input external delay
                  0.02    0.01    4.01 ^ b[20] (in)
     1    0.00                           b[20] (net)
                  0.02    0.00    4.01 ^ input49/A (sky130_fd_sc_hd__buf_2)
                  0.15    0.17    4.18 ^ input49/X (sky130_fd_sc_hd__buf_2)
     7    0.03                           net49 (net)
                  0.15    0.00    4.18 ^ _3817_/A (Nand_gate)
                  0.04    0.06    4.24 v _3817_/Y (Nand_gate)
     1    0.00                           _0808_ (net)
                  0.04    0.00    4.24 v _3822_/A (Nand_gate)
                  0.03    0.04    4.28 ^ _3822_/Y (Nand_gate)
     1    0.00                           _0814_ (net)
                  0.03    0.00    4.28 ^ _3823_/B (Nor_gate)
                  0.02    0.02    4.30 v _3823_/Y (Nor_gate)
     1    0.00                           _0815_ (net)
                  0.02    0.00    4.30 v _3824_/B (Nand_gate)
                  0.03    0.03    4.33 ^ _3824_/Y (Nand_gate)
     1    0.00                           _0816_ (net)
                  0.03    0.00    4.33 ^ _3825_/B (Nor_gate)
                  0.07    0.06    4.39 v _3825_/Y (Nor_gate)
     2    0.02                           _0817_ (net)
                  0.07    0.00    4.39 v _3826_/A (inverter)
                  0.05    0.05    4.45 ^ _3826_/Y (inverter)
     1    0.01                           net81 (net)
                  0.05    0.00    4.45 ^ output81/A (sky130_fd_sc_hd__clkbuf_4)
                  0.12    0.18    4.63 ^ output81/X (sky130_fd_sc_hd__clkbuf_4)
     1    0.04                           result[20] (net)
                  0.12    0.00    4.63 ^ result[20] (out)
                                  4.63   data arrival time

                  0.00    0.00    0.00   clock clk (rise edge)
                          0.00    0.00   clock network delay (ideal)
                          0.25    0.25   clock uncertainty
                          0.00    0.25   clock reconvergence pessimism
                         -4.00   -3.75   output external delay
                                 -3.75   data required time
-----------------------------------------------------------------------------
                                 -3.75   data required time
                                 -4.63   data arrival time
-----------------------------------------------------------------------------
                                  8.38   slack (MET)


Startpoint: b[12] (input port clocked by clk)
Endpoint: result[12] (output port clocked by clk)
Path Group: clk
Path Type: min

Fanout     Cap    Slew   Delay    Time   Description
-----------------------------------------------------------------------------
                  0.00    0.00    0.00   clock clk (rise edge)
                          0.00    0.00   clock network delay (ideal)
                          4.00    4.00 ^ input external delay
                  0.04    0.02    4.02 ^ b[12] (in)
     1    0.01                           b[12] (net)
                  0.04    0.00    4.02 ^ input40/A (sky130_fd_sc_hd__buf_2)
                  0.09    0.13    4.15 ^ input40/X (sky130_fd_sc_hd__buf_2)
     7    0.02                           net40 (net)
                  0.09    0.00    4.15 ^ _3367_/A (Nand_gate)
                  0.03    0.05    4.20 v _3367_/Y (Nand_gate)
     1    0.00                           _0321_ (net)
                  0.03    0.00    4.20 v _3372_/A (Nand_gate)
                  0.03    0.04    4.24 ^ _3372_/Y (Nand_gate)
     1    0.00                           _0327_ (net)
                  0.03    0.00    4.24 ^ _3380_/A (Nor_gate)
                  0.02    0.03    4.27 v _3380_/Y (Nor_gate)
     1    0.00                           _0336_ (net)
                  0.02    0.00    4.27 v _3381_/B (Nand_gate)
                  0.03    0.03    4.30 ^ _3381_/Y (Nand_gate)
     1    0.00                           _0337_ (net)
                  0.03    0.00    4.30 ^ _3395_/A (Nor_gate)
                  0.02    0.03    4.33 v _3395_/Y (Nor_gate)
     1    0.00                           _0352_ (net)
                  0.02    0.00    4.33 v _3396_/B (Nand_gate)
                  0.04    0.03    4.36 ^ _3396_/Y (Nand_gate)
     1    0.00                           _0353_ (net)
                  0.04    0.00    4.36 ^ _3397_/A (sky130_fd_sc_hd__buf_1)
                  0.06    0.09    4.45 ^ _3397_/X (sky130_fd_sc_hd__buf_1)
     2    0.00                           net72 (net)
                  0.06    0.00    4.45 ^ output72/A (sky130_fd_sc_hd__clkbuf_4)
                  0.11    0.18    4.63 ^ output72/X (sky130_fd_sc_hd__clkbuf_4)
     1    0.03                           result[12] (net)
                  0.11    0.00    4.63 ^ result[12] (out)
                                  4.63   data arrival time

                  0.00    0.00    0.00   clock clk (rise edge)
                          0.00    0.00   clock network delay (ideal)
                          0.25    0.25   clock uncertainty
                          0.00    0.25   clock reconvergence pessimism
                         -4.00   -3.75   output external delay
                                 -3.75   data required time
-----------------------------------------------------------------------------
                                 -3.75   data required time
                                 -4.63   data arrival time
-----------------------------------------------------------------------------
                                  8.38   slack (MET)


Startpoint: a[25] (input port clocked by clk)
Endpoint: result[25] (output port clocked by clk)
Path Group: clk
Path Type: min

Fanout     Cap    Slew   Delay    Time   Description
-----------------------------------------------------------------------------
                  0.00    0.00    0.00   clock clk (rise edge)
                          0.00    0.00   clock network delay (ideal)
                          4.00    4.00 ^ input external delay
                  0.02    0.01    4.01 ^ a[25] (in)
     1    0.00                           a[25] (net)
                  0.02    0.00    4.01 ^ input18/A (sky130_fd_sc_hd__clkbuf_4)
                  0.13    0.18    4.19 ^ input18/X (sky130_fd_sc_hd__clkbuf_4)
     9    0.04                           net18 (net)
                  0.13    0.01    4.20 ^ _4033_/A (Nor_gate)
                  0.02    0.05    4.24 v _4033_/Y (Nor_gate)
     1    0.00                           _1041_ (net)
                  0.02    0.00    4.24 v _4038_/A (Nor_gate)
                  0.08    0.07    4.31 ^ _4038_/Y (Nor_gate)
     1    0.00                           _1047_ (net)
                  0.08    0.00    4.31 ^ _4064_/A (Nor_gate)
                  0.02    0.04    4.35 v _4064_/Y (Nor_gate)
     1    0.00                           _1075_ (net)
                  0.02    0.00    4.35 v _4065_/A (inverter)
                  0.05    0.04    4.39 ^ _4065_/Y (inverter)
     1    0.00                           _1076_ (net)
                  0.05    0.00    4.39 ^ _4066_/B (Nor_gate)
                  0.03    0.03    4.42 v _4066_/Y (Nor_gate)
     2    0.00                           _1077_ (net)
                  0.03    0.00    4.42 v _4067_/A (inverter)
                  0.03    0.03    4.45 ^ _4067_/Y (inverter)
     1    0.00                           net86 (net)
                  0.03    0.00    4.45 ^ output86/A (sky130_fd_sc_hd__buf_2)
                  0.17    0.18    4.63 ^ output86/X (sky130_fd_sc_hd__buf_2)
     1    0.03                           result[25] (net)
                  0.17    0.00    4.63 ^ result[25] (out)
                                  4.63   data arrival time

                  0.00    0.00    0.00   clock clk (rise edge)
                          0.00    0.00   clock network delay (ideal)
                          0.25    0.25   clock uncertainty
                          0.00    0.25   clock reconvergence pessimism
                         -4.00   -3.75   output external delay
                                 -3.75   data required time
-----------------------------------------------------------------------------
                                 -3.75   data required time
                                 -4.63   data arrival time
-----------------------------------------------------------------------------
                                  8.38   slack (MET)


Startpoint: a[2] (input port clocked by clk)
Endpoint: result[2] (output port clocked by clk)
Path Group: clk
Path Type: min

Fanout     Cap    Slew   Delay    Time   Description
-----------------------------------------------------------------------------
                  0.00    0.00    0.00   clock clk (rise edge)
                          0.00    0.00   clock network delay (ideal)
                          4.00    4.00 v input external delay
                  0.01    0.00    4.00 v a[2] (in)
     1    0.00                           a[2] (net)
                  0.01    0.00    4.00 v input23/A (sky130_fd_sc_hd__clkbuf_2)
                  0.04    0.10    4.10 v input23/X (sky130_fd_sc_hd__clkbuf_2)
     4    0.01                           net23 (net)
                  0.04    0.00    4.10 v _2709_/A (Xnor)
                  0.20    0.15    4.25 ^ _2709_/Y (Xnor)
     4    0.01                           _1816_ (net)
                  0.20    0.00    4.25 ^ _2710_/B (Nor_gate)
                  0.04    0.06    4.31 v _2710_/Y (Nor_gate)
     2    0.01                           _1817_ (net)
                  0.04    0.00    4.31 v _2713_/A (Nor_gate)
                  0.08    0.08    4.39 ^ _2713_/Y (Nor_gate)
     1    0.00                           _1820_ (net)
                  0.08    0.00    4.39 ^ _2781_/A (Nor_gate)
                  0.03    0.04    4.43 v _2781_/Y (Nor_gate)
     2    0.00                           _1888_ (net)
                  0.03    0.00    4.43 v _2782_/A (inverter)
                  0.03    0.03    4.46 ^ _2782_/Y (inverter)
     1    0.00                           net91 (net)
                  0.03    0.00    4.46 ^ output91/A (sky130_fd_sc_hd__clkbuf_4)
                  0.11    0.17    4.63 ^ output91/X (sky130_fd_sc_hd__clkbuf_4)
     1    0.03                           result[2] (net)
                  0.11    0.00    4.63 ^ result[2] (out)
                                  4.63   data arrival time

                  0.00    0.00    0.00   clock clk (rise edge)
                          0.00    0.00   clock network delay (ideal)
                          0.25    0.25   clock uncertainty
                          0.00    0.25   clock reconvergence pessimism
                         -4.00   -3.75   output external delay
                                 -3.75   data required time
-----------------------------------------------------------------------------
                                 -3.75   data required time
                                 -4.63   data arrival time
-----------------------------------------------------------------------------
                                  8.38   slack (MET)


Startpoint: b[23] (input port clocked by clk)
Endpoint: zero (output port clocked by clk)
Path Group: clk
Path Type: min

Fanout     Cap    Slew   Delay    Time   Description
-----------------------------------------------------------------------------
                  0.00    0.00    0.00   clock clk (rise edge)
                          0.00    0.00   clock network delay (ideal)
                          4.00    4.00 ^ input external delay
                  0.02    0.01    4.01 ^ b[23] (in)
     1    0.00                           b[23] (net)
                  0.02    0.00    4.01 ^ input52/A (sky130_fd_sc_hd__buf_2)
                  0.07    0.11    4.11 ^ input52/X (sky130_fd_sc_hd__buf_2)
     5    0.01                           net52 (net)
                  0.07    0.00    4.11 ^ _3948_/A (Nand_gate)
                  0.03    0.04    4.16 v _3948_/Y (Nand_gate)
     1    0.00                           _0950_ (net)
                  0.03    0.00    4.16 v _3953_/A (Nand_gate)
                  0.03    0.04    4.20 ^ _3953_/Y (Nand_gate)
     1    0.00                           _0955_ (net)
                  0.03    0.00    4.20 ^ _3954_/B (Nor_gate)
                  0.02    0.02    4.22 v _3954_/Y (Nor_gate)
     1    0.00                           _0956_ (net)
                  0.02    0.00    4.22 v _3955_/B (Nand_gate)
                  0.03    0.03    4.25 ^ _3955_/Y (Nand_gate)
     1    0.00                           _0957_ (net)
                  0.03    0.00    4.25 ^ _3956_/B (Nor_gate)
                  0.03    0.03    4.28 v _3956_/Y (Nor_gate)
     2    0.00                           _0958_ (net)
                  0.03    0.00    4.28 v _4368_/A (Nand_gate)
                  0.04    0.04    4.32 ^ _4368_/Y (Nand_gate)
     1    0.00                           _1403_ (net)
                  0.04    0.00    4.32 ^ _4369_/B (Nor_gate)
                  0.03    0.03    4.35 v _4369_/Y (Nor_gate)
     1    0.00                           _1404_ (net)
                  0.03    0.00    4.35 v _4370_/B (Nand_gate)
                  0.03    0.03    4.38 ^ _4370_/Y (Nand_gate)
     1    0.00                           _1405_ (net)
                  0.03    0.00    4.38 ^ _4371_/B (Nor_gate)
                  0.02    0.02    4.41 v _4371_/Y (Nor_gate)
     1    0.00                           _1406_ (net)
                  0.02    0.00    4.41 v _4372_/A (sky130_fd_sc_hd__clkbuf_1)
                  0.03    0.07    4.48 v _4372_/X (sky130_fd_sc_hd__clkbuf_1)
     1    0.00                           net101 (net)
                  0.03    0.00    4.48 v output101/A (sky130_fd_sc_hd__buf_2)
                  0.09    0.16    4.64 v output101/X (sky130_fd_sc_hd__buf_2)
     1    0.03                           zero (net)
                  0.09    0.00    4.64 v zero (out)
                                  4.64   data arrival time

                  0.00    0.00    0.00   clock clk (rise edge)
                          0.00    0.00   clock network delay (ideal)
                          0.25    0.25   clock uncertainty
                          0.00    0.25   clock reconvergence pessimism
                         -4.00   -3.75   output external delay
                                 -3.75   data required time
-----------------------------------------------------------------------------
                                 -3.75   data required time
                                 -4.64   data arrival time
-----------------------------------------------------------------------------
                                  8.39   slack (MET)


Startpoint: b[15] (input port clocked by clk)
Endpoint: result[15] (output port clocked by clk)
Path Group: clk
Path Type: min

Fanout     Cap    Slew   Delay    Time   Description
-----------------------------------------------------------------------------
                  0.00    0.00    0.00   clock clk (rise edge)
                          0.00    0.00   clock network delay (ideal)
                          4.00    4.00 ^ input external delay
                  0.02    0.01    4.01 ^ b[15] (in)
     1    0.00                           b[15] (net)
                  0.02    0.00    4.01 ^ input43/A (sky130_fd_sc_hd__buf_2)
                  0.08    0.11    4.12 ^ input43/X (sky130_fd_sc_hd__buf_2)
     6    0.01                           net43 (net)
                  0.08    0.00    4.12 ^ _3548_/A (Nand_gate)
                  0.03    0.05    4.17 v _3548_/Y (Nand_gate)
     1    0.00                           _0518_ (net)
                  0.03    0.00    4.17 v _3553_/A (Nand_gate)
                  0.04    0.04    4.22 ^ _3553_/Y (Nand_gate)
     1    0.00                           _0523_ (net)
                  0.04    0.00    4.22 ^ _3554_/B (Nor_gate)
                  0.02    0.03    4.24 v _3554_/Y (Nor_gate)
     1    0.00                           _0524_ (net)
                  0.02    0.00    4.24 v _3555_/B (Nand_gate)
                  0.03    0.03    4.27 ^ _3555_/Y (Nand_gate)
     1    0.00                           _0525_ (net)
                  0.03    0.00    4.27 ^ _3556_/B (Nor_gate)
                  0.02    0.02    4.29 v _3556_/Y (Nor_gate)
     1    0.00                           _0526_ (net)
                  0.02    0.00    4.29 v _3557_/B (Nand_gate)
                  0.03    0.03    4.32 ^ _3557_/Y (Nand_gate)
     1    0.00                           _0527_ (net)
                  0.03    0.00    4.32 ^ _3558_/A (sky130_fd_sc_hd__buf_1)
                  0.12    0.12    4.44 ^ _3558_/X (sky130_fd_sc_hd__buf_1)
     2    0.01                           net75 (net)
                  0.12    0.00    4.44 ^ output75/A (sky130_fd_sc_hd__clkbuf_4)
                  0.11    0.20    4.64 ^ output75/X (sky130_fd_sc_hd__clkbuf_4)
     1    0.03                           result[15] (net)
                  0.11    0.00    4.64 ^ result[15] (out)
                                  4.64   data arrival time

                  0.00    0.00    0.00   clock clk (rise edge)
                          0.00    0.00   clock network delay (ideal)
                          0.25    0.25   clock uncertainty
                          0.00    0.25   clock reconvergence pessimism
                         -4.00   -3.75   output external delay
                                 -3.75   data required time
-----------------------------------------------------------------------------
                                 -3.75   data required time
                                 -4.64   data arrival time
-----------------------------------------------------------------------------
                                  8.39   slack (MET)


Startpoint: b[7] (input port clocked by clk)
Endpoint: result[7] (output port clocked by clk)
Path Group: clk
Path Type: min

Fanout     Cap    Slew   Delay    Time   Description
-----------------------------------------------------------------------------
                  0.00    0.00    0.00   clock clk (rise edge)
                          0.00    0.00   clock network delay (ideal)
                          4.00    4.00 ^ input external delay
                  0.02    0.01    4.01 ^ b[7] (in)
     1    0.00                           b[7] (net)
                  0.02    0.00    4.01 ^ input66/A (sky130_fd_sc_hd__clkbuf_2)
                  0.07    0.11    4.12 ^ input66/X (sky130_fd_sc_hd__clkbuf_2)
     5    0.01                           net66 (net)
                  0.07    0.00    4.12 ^ _2342_/B (Nor_gate)
                  0.03    0.04    4.16 v _2342_/Y (Nor_gate)
     2    0.01                           _1451_ (net)
                  0.03    0.00    4.16 v _3075_/A (Nor_gate)
                  0.07    0.07    4.23 ^ _3075_/Y (Nor_gate)
     1    0.00                           _0007_ (net)
                  0.07    0.00    4.23 ^ _3076_/B (Nor_gate)
                  0.02    0.03    4.27 v _3076_/Y (Nor_gate)
     1    0.00                           _0008_ (net)
                  0.02    0.00    4.27 v _3077_/B (Nand_gate)
                  0.03    0.03    4.29 ^ _3077_/Y (Nand_gate)
     1    0.00                           _0009_ (net)
                  0.03    0.00    4.29 ^ _3078_/B (Nor_gate)
                  0.02    0.03    4.32 v _3078_/Y (Nor_gate)
     1    0.00                           _0010_ (net)
                  0.02    0.00    4.32 v _3079_/A (inverter)
                  0.04    0.03    4.35 ^ _3079_/Y (inverter)
     1    0.00                           _0011_ (net)
                  0.04    0.00    4.35 ^ _3080_/B (Nor_gate)
                  0.03    0.03    4.38 v _3080_/Y (Nor_gate)
     2    0.00                           _0012_ (net)
                  0.03    0.00    4.38 v _3081_/A (inverter)
                  0.09    0.07    4.45 ^ _3081_/Y (inverter)
     1    0.01                           net98 (net)
                  0.09    0.00    4.45 ^ output98/A (sky130_fd_sc_hd__clkbuf_4)
                  0.11    0.19    4.64 ^ output98/X (sky130_fd_sc_hd__clkbuf_4)
     1    0.03                           result[7] (net)
                  0.11    0.00    4.64 ^ result[7] (out)
                                  4.64   data arrival time

                  0.00    0.00    0.00   clock clk (rise edge)
                          0.00    0.00   clock network delay (ideal)
                          0.25    0.25   clock uncertainty
                          0.00    0.25   clock reconvergence pessimism
                         -4.00   -3.75   output external delay
                                 -3.75   data required time
-----------------------------------------------------------------------------
                                 -3.75   data required time
                                 -4.64   data arrival time
-----------------------------------------------------------------------------
                                  8.39   slack (MET)


Startpoint: b[9] (input port clocked by clk)
Endpoint: result[9] (output port clocked by clk)
Path Group: clk
Path Type: min

Fanout     Cap    Slew   Delay    Time   Description
-----------------------------------------------------------------------------
                  0.00    0.00    0.00   clock clk (rise edge)
                          0.00    0.00   clock network delay (ideal)
                          4.00    4.00 ^ input external delay
                  0.02    0.01    4.01 ^ b[9] (in)
     1    0.00                           b[9] (net)
                  0.02    0.00    4.01 ^ input68/A (sky130_fd_sc_hd__clkbuf_2)
                  0.08    0.12    4.13 ^ input68/X (sky130_fd_sc_hd__clkbuf_2)
     6    0.01                           net68 (net)
                  0.08    0.00    4.13 ^ _3186_/A (Nand_gate)
                  0.04    0.05    4.18 v _3186_/Y (Nand_gate)
     1    0.00                           _0125_ (net)
                  0.04    0.00    4.18 v _3193_/A (Nand_gate)
                  0.03    0.04    4.22 ^ _3193_/Y (Nand_gate)
     1    0.00                           _0133_ (net)
                  0.03    0.00    4.22 ^ _3194_/B (Nor_gate)
                  0.03    0.03    4.25 v _3194_/Y (Nor_gate)
     1    0.01                           _0134_ (net)
                  0.03    0.00    4.25 v _3204_/A (Nand_gate)
                  0.03    0.04    4.29 ^ _3204_/Y (Nand_gate)
     1    0.00                           _0145_ (net)
                  0.03    0.00    4.29 ^ _3205_/B (Nor_gate)
                  0.02    0.02    4.32 v _3205_/Y (Nor_gate)
     1    0.00                           _0146_ (net)
                  0.02    0.00    4.32 v _3206_/B (Nand_gate)
                  0.07    0.06    4.38 ^ _3206_/Y (Nand_gate)
     1    0.01                           _0147_ (net)
                  0.07    0.00    4.38 ^ _3207_/B (Nor_gate)
                  0.06    0.07    4.44 v _3207_/Y (Nor_gate)
     2    0.01                           _0148_ (net)
                  0.06    0.00    4.44 v _3208_/A (inverter)
                  0.04    0.04    4.49 ^ _3208_/Y (inverter)
     1    0.00                           net100 (net)
                  0.04    0.00    4.49 ^ output100/A (sky130_fd_sc_hd__clkbuf_4)
                  0.11    0.18    4.66 ^ output100/X (sky130_fd_sc_hd__clkbuf_4)
     1    0.03                           result[9] (net)
                  0.11    0.00    4.66 ^ result[9] (out)
                                  4.66   data arrival time

                  0.00    0.00    0.00   clock clk (rise edge)
                          0.00    0.00   clock network delay (ideal)
                          0.25    0.25   clock uncertainty
                          0.00    0.25   clock reconvergence pessimism
                         -4.00   -3.75   output external delay
                                 -3.75   data required time
-----------------------------------------------------------------------------
                                 -3.75   data required time
                                 -4.66   data arrival time
-----------------------------------------------------------------------------
                                  8.41   slack (MET)


Startpoint: b[30] (input port clocked by clk)
Endpoint: result[30] (output port clocked by clk)
Path Group: clk
Path Type: min

Fanout     Cap    Slew   Delay    Time   Description
-----------------------------------------------------------------------------
                  0.00    0.00    0.00   clock clk (rise edge)
                          0.00    0.00   clock network delay (ideal)
                          4.00    4.00 ^ input external delay
                  0.02    0.01    4.01 ^ b[30] (in)
     1    0.00                           b[30] (net)
                  0.02    0.00    4.01 ^ input60/A (sky130_fd_sc_hd__clkbuf_2)
                  0.06    0.10    4.11 ^ input60/X (sky130_fd_sc_hd__clkbuf_2)
     4    0.01                           net60 (net)
                  0.06    0.00    4.11 ^ _4292_/A (Nand_gate)
                  0.03    0.05    4.16 v _4292_/Y (Nand_gate)
     1    0.00                           _1321_ (net)
                  0.03    0.00    4.16 v _4293_/B (Nand_gate)
                  0.03    0.03    4.19 ^ _4293_/Y (Nand_gate)
     1    0.00                           _1322_ (net)
                  0.03    0.00    4.19 ^ _4294_/B (Nor_gate)
                  0.02    0.02    4.21 v _4294_/Y (Nor_gate)
     1    0.00                           _1323_ (net)
                  0.02    0.00    4.21 v _4295_/A (inverter)
                  0.03    0.03    4.24 ^ _4295_/Y (inverter)
     1    0.00                           _1324_ (net)
                  0.03    0.00    4.24 ^ _4296_/B (Nor_gate)
                  0.02    0.03    4.27 v _4296_/Y (Nor_gate)
     1    0.00                           _1325_ (net)
                  0.02    0.00    4.27 v _4297_/B (Nand_gate)
                  0.04    0.04    4.30 ^ _4297_/Y (Nand_gate)
     1    0.00                           _1326_ (net)
                  0.04    0.00    4.30 ^ _4298_/B (Nor_gate)
                  0.03    0.03    4.33 v _4298_/Y (Nor_gate)
     1    0.00                           _1328_ (net)
                  0.03    0.00    4.34 v _4299_/B (Nand_gate)
                  0.03    0.03    4.37 ^ _4299_/Y (Nand_gate)
     1    0.00                           _1329_ (net)
                  0.03    0.00    4.37 ^ _4300_/A (sky130_fd_sc_hd__buf_1)
                  0.11    0.11    4.48 ^ _4300_/X (sky130_fd_sc_hd__buf_1)
     2    0.01                           net92 (net)
                  0.11    0.00    4.48 ^ output92/A (sky130_fd_sc_hd__clkbuf_4)
                  0.12    0.20    4.69 ^ output92/X (sky130_fd_sc_hd__clkbuf_4)
     1    0.04                           result[30] (net)
                  0.12    0.00    4.69 ^ result[30] (out)
                                  4.69   data arrival time

                  0.00    0.00    0.00   clock clk (rise edge)
                          0.00    0.00   clock network delay (ideal)
                          0.25    0.25   clock uncertainty
                          0.00    0.25   clock reconvergence pessimism
                         -4.00   -3.75   output external delay
                                 -3.75   data required time
-----------------------------------------------------------------------------
                                 -3.75   data required time
                                 -4.69   data arrival time
-----------------------------------------------------------------------------
                                  8.44   slack (MET)


Startpoint: b[6] (input port clocked by clk)
Endpoint: result[6] (output port clocked by clk)
Path Group: clk
Path Type: min

Fanout     Cap    Slew   Delay    Time   Description
-----------------------------------------------------------------------------
                  0.00    0.00    0.00   clock clk (rise edge)
                          0.00    0.00   clock network delay (ideal)
                          4.00    4.00 ^ input external delay
                  0.02    0.01    4.01 ^ b[6] (in)
     1    0.00                           b[6] (net)
                  0.02    0.00    4.01 ^ input65/A (sky130_fd_sc_hd__clkbuf_2)
                  0.08    0.12    4.12 ^ input65/X (sky130_fd_sc_hd__clkbuf_2)
     6    0.01                           net65 (net)
                  0.08    0.00    4.12 ^ _3025_/A (Nand_gate)
                  0.04    0.05    4.18 v _3025_/Y (Nand_gate)
     1    0.00                           _2128_ (net)
                  0.04    0.00    4.18 v _3026_/B (Nand_gate)
                  0.04    0.04    4.21 ^ _3026_/Y (Nand_gate)
     1    0.00                           _2129_ (net)
                  0.04    0.00    4.21 ^ _3027_/B (Nor_gate)
                  0.03    0.03    4.24 v _3027_/Y (Nor_gate)
     1    0.00                           _2130_ (net)
                  0.03    0.00    4.24 v _3028_/B (Nand_gate)
                  0.03    0.03    4.28 ^ _3028_/Y (Nand_gate)
     1    0.00                           _2131_ (net)
                  0.03    0.00    4.28 ^ _3029_/B (Nor_gate)
                  0.03    0.03    4.31 v _3029_/Y (Nor_gate)
     1    0.00                           _2132_ (net)
                  0.03    0.00    4.31 v _3030_/B (Nand_gate)
                  0.03    0.03    4.34 ^ _3030_/Y (Nand_gate)
     1    0.00                           _2133_ (net)
                  0.03    0.00    4.34 ^ _3031_/A (sky130_fd_sc_hd__buf_1)
                  0.15    0.14    4.48 ^ _3031_/X (sky130_fd_sc_hd__buf_1)
     2    0.01                           net97 (net)
                  0.15    0.00    4.48 ^ output97/A (sky130_fd_sc_hd__clkbuf_4)
                  0.12    0.22    4.69 ^ output97/X (sky130_fd_sc_hd__clkbuf_4)
     1    0.04                           result[6] (net)
                  0.12    0.00    4.70 ^ result[6] (out)
                                  4.70   data arrival time

                  0.00    0.00    0.00   clock clk (rise edge)
                          0.00    0.00   clock network delay (ideal)
                          0.25    0.25   clock uncertainty
                          0.00    0.25   clock reconvergence pessimism
                         -4.00   -3.75   output external delay
                                 -3.75   data required time
-----------------------------------------------------------------------------
                                 -3.75   data required time
                                 -4.70   data arrival time
-----------------------------------------------------------------------------
                                  8.45   slack (MET)


Startpoint: a[7] (input port clocked by clk)
Endpoint: result[8] (output port clocked by clk)
Path Group: clk
Path Type: min

Fanout     Cap    Slew   Delay    Time   Description
-----------------------------------------------------------------------------
                  0.00    0.00    0.00   clock clk (rise edge)
                          0.00    0.00   clock network delay (ideal)
                          4.00    4.00 ^ input external delay
                  0.02    0.01    4.01 ^ a[7] (in)
     1    0.00                           a[7] (net)
                  0.02    0.00    4.01 ^ input30/A (sky130_fd_sc_hd__dlymetal6s2s_1)
                  0.10    0.11    4.12 ^ input30/X (sky130_fd_sc_hd__dlymetal6s2s_1)
     3    0.01                           net30 (net)
                  0.10    0.00    4.12 ^ _3065_/A (Nand_gate)
                  0.07    0.08    4.20 v _3065_/Y (Nand_gate)
     3    0.01                           _2167_ (net)
                  0.07    0.00    4.20 v _3136_/B (Nand_gate)
                  0.04    0.05    4.24 ^ _3136_/Y (Nand_gate)
     1    0.00                           _0071_ (net)
                  0.04    0.00    4.24 ^ _3139_/A (Nand_gate)
                  0.04    0.04    4.29 v _3139_/Y (Nand_gate)
     1    0.00                           _0075_ (net)
                  0.04    0.00    4.29 v _3148_/A (Nand_gate)
                  0.04    0.04    4.33 ^ _3148_/Y (Nand_gate)
     1    0.00                           _0085_ (net)
                  0.04    0.00    4.33 ^ _3149_/B (Nor_gate)
                  0.02    0.03    4.36 v _3149_/Y (Nor_gate)
     1    0.00                           _0086_ (net)
                  0.02    0.00    4.36 v _3150_/B (Nand_gate)
                  0.04    0.03    4.39 ^ _3150_/Y (Nand_gate)
     1    0.00                           _0087_ (net)
                  0.04    0.00    4.39 ^ _3151_/A (sky130_fd_sc_hd__buf_1)
                  0.10    0.11    4.50 ^ _3151_/X (sky130_fd_sc_hd__buf_1)
     2    0.01                           net99 (net)
                  0.10    0.00    4.50 ^ output99/A (sky130_fd_sc_hd__clkbuf_4)
                  0.11    0.19    4.70 ^ output99/X (sky130_fd_sc_hd__clkbuf_4)
     1    0.03                           result[8] (net)
                  0.11    0.00    4.70 ^ result[8] (out)
                                  4.70   data arrival time

                  0.00    0.00    0.00   clock clk (rise edge)
                          0.00    0.00   clock network delay (ideal)
                          0.25    0.25   clock uncertainty
                          0.00    0.25   clock reconvergence pessimism
                         -4.00   -3.75   output external delay
                                 -3.75   data required time
-----------------------------------------------------------------------------
                                 -3.75   data required time
                                 -4.70   data arrival time
-----------------------------------------------------------------------------
                                  8.45   slack (MET)


Startpoint: a[4] (input port clocked by clk)
Endpoint: result[4] (output port clocked by clk)
Path Group: clk
Path Type: min

Fanout     Cap    Slew   Delay    Time   Description
-----------------------------------------------------------------------------
                  0.00    0.00    0.00   clock clk (rise edge)
                          0.00    0.00   clock network delay (ideal)
                          4.00    4.00 ^ input external delay
                  0.02    0.01    4.01 ^ a[4] (in)
     1    0.00                           a[4] (net)
                  0.02    0.00    4.01 ^ input27/A (sky130_fd_sc_hd__clkbuf_4)
                  0.08    0.14    4.15 ^ input27/X (sky130_fd_sc_hd__clkbuf_4)
     9    0.02                           net27 (net)
                  0.08    0.00    4.15 ^ _2878_/B (Nor_gate)
                  0.03    0.04    4.19 v _2878_/Y (Nor_gate)
     1    0.00                           _1983_ (net)
                  0.03    0.00    4.19 v _2884_/A (Nor_gate)
                  0.08    0.08    4.27 ^ _2884_/Y (Nor_gate)
     1    0.00                           _1989_ (net)
                  0.08    0.00    4.27 ^ _2885_/B (Nor_gate)
                  0.02    0.03    4.30 v _2885_/Y (Nor_gate)
     1    0.00                           _1990_ (net)
                  0.02    0.00    4.30 v _2916_/A (Nand_gate)
                  0.04    0.04    4.35 ^ _2916_/Y (Nand_gate)
     1    0.00                           _2021_ (net)
                  0.04    0.00    4.35 ^ _2917_/B (Nor_gate)
                  0.03    0.04    4.38 v _2917_/Y (Nor_gate)
     2    0.01                           _2022_ (net)
                  0.03    0.00    4.38 v _2918_/A (inverter)
                  0.15    0.11    4.49 ^ _2918_/Y (inverter)
     1    0.02                           net95 (net)
                  0.15    0.00    4.49 ^ output95/A (sky130_fd_sc_hd__clkbuf_4)
                  0.11    0.21    4.70 ^ output95/X (sky130_fd_sc_hd__clkbuf_4)
     1    0.03                           result[4] (net)
                  0.11    0.00    4.70 ^ result[4] (out)
                                  4.70   data arrival time

                  0.00    0.00    0.00   clock clk (rise edge)
                          0.00    0.00   clock network delay (ideal)
                          0.25    0.25   clock uncertainty
                          0.00    0.25   clock reconvergence pessimism
                         -4.00   -3.75   output external delay
                                 -3.75   data required time
-----------------------------------------------------------------------------
                                 -3.75   data required time
                                 -4.70   data arrival time
-----------------------------------------------------------------------------
                                  8.45   slack (MET)


Startpoint: b[16] (input port clocked by clk)
Endpoint: result[16] (output port clocked by clk)
Path Group: clk
Path Type: min

Fanout     Cap    Slew   Delay    Time   Description
-----------------------------------------------------------------------------
                  0.00    0.00    0.00   clock clk (rise edge)
                          0.00    0.00   clock network delay (ideal)
                          4.00    4.00 ^ input external delay
                  0.02    0.01    4.01 ^ b[16] (in)
     1    0.00                           b[16] (net)
                  0.02    0.00    4.01 ^ input44/A (sky130_fd_sc_hd__clkbuf_4)
                  0.08    0.14    4.15 ^ input44/X (sky130_fd_sc_hd__clkbuf_4)
     8    0.02                           net44 (net)
                  0.08    0.00    4.15 ^ _3616_/A (Nand_gate)
                  0.03    0.05    4.20 v _3616_/Y (Nand_gate)
     1    0.00                           _0591_ (net)
                  0.03    0.00    4.20 v _3622_/A (Nand_gate)
                  0.03    0.04    4.24 ^ _3622_/Y (Nand_gate)
     1    0.00                           _0598_ (net)
                  0.03    0.00    4.24 ^ _3623_/B (Nor_gate)
                  0.02    0.02    4.26 v _3623_/Y (Nor_gate)
     1    0.00                           _0599_ (net)
                  0.02    0.00    4.26 v _3624_/B (Nand_gate)
                  0.03    0.03    4.29 ^ _3624_/Y (Nand_gate)
     1    0.00                           _0600_ (net)
                  0.03    0.00    4.29 ^ _3625_/B (Nor_gate)
                  0.02    0.02    4.31 v _3625_/Y (Nor_gate)
     1    0.00                           _0601_ (net)
                  0.02    0.00    4.31 v _3626_/B (Nand_gate)
                  0.03    0.03    4.34 ^ _3626_/Y (Nand_gate)
     1    0.00                           _0602_ (net)
                  0.03    0.00    4.34 ^ _3627_/A (sky130_fd_sc_hd__buf_1)
                  0.16    0.15    4.49 ^ _3627_/X (sky130_fd_sc_hd__buf_1)
     2    0.01                           net76 (net)
                  0.16    0.00    4.50 ^ output76/A (sky130_fd_sc_hd__clkbuf_4)
                  0.11    0.22    4.71 ^ output76/X (sky130_fd_sc_hd__clkbuf_4)
     1    0.03                           result[16] (net)
                  0.11    0.00    4.71 ^ result[16] (out)
                                  4.71   data arrival time

                  0.00    0.00    0.00   clock clk (rise edge)
                          0.00    0.00   clock network delay (ideal)
                          0.25    0.25   clock uncertainty
                          0.00    0.25   clock reconvergence pessimism
                         -4.00   -3.75   output external delay
                                 -3.75   data required time
-----------------------------------------------------------------------------
                                 -3.75   data required time
                                 -4.71   data arrival time
-----------------------------------------------------------------------------
                                  8.46   slack (MET)


Startpoint: alu_control[1] (input port clocked by clk)
Endpoint: result[10] (output port clocked by clk)
Path Group: clk
Path Type: min

Fanout     Cap    Slew   Delay    Time   Description
-----------------------------------------------------------------------------
                  0.00    0.00    0.00   clock clk (rise edge)
                          0.00    0.00   clock network delay (ideal)
                          4.00    4.00 v input external delay
                  0.01    0.00    4.00 v alu_control[1] (in)
     1    0.00                           alu_control[1] (net)
                  0.01    0.00    4.00 v input34/A (sky130_fd_sc_hd__buf_2)
                  0.09    0.15    4.16 v input34/X (sky130_fd_sc_hd__buf_2)
     7    0.03                           net34 (net)
                  0.09    0.00    4.16 v _2792_/A (Nand_gate)
                  0.10    0.09    4.26 ^ _2792_/Y (Nand_gate)
     5    0.01                           _1898_ (net)
                  0.10    0.00    4.26 ^ _3229_/A (Nor_gate)
                  0.03    0.04    4.30 v _3229_/Y (Nor_gate)
     1    0.00                           _0172_ (net)
                  0.03    0.00    4.30 v _3230_/B (Nand_gate)
                  0.06    0.05    4.35 ^ _3230_/Y (Nand_gate)
     1    0.01                           _0173_ (net)
                  0.06    0.00    4.35 ^ _3267_/A (Nand_gate)
                  0.03    0.04    4.39 v _3267_/Y (Nand_gate)
     1    0.00                           _0213_ (net)
                  0.03    0.00    4.39 v _3268_/A (sky130_fd_sc_hd__clkbuf_2)
                  0.08    0.13    4.52 v _3268_/X (sky130_fd_sc_hd__clkbuf_2)
     2    0.02                           net70 (net)
                  0.08    0.00    4.52 v output70/A (sky130_fd_sc_hd__clkbuf_4)
                  0.08    0.19    4.71 v output70/X (sky130_fd_sc_hd__clkbuf_4)
     1    0.03                           result[10] (net)
                  0.08    0.00    4.71 v result[10] (out)
                                  4.71   data arrival time

                  0.00    0.00    0.00   clock clk (rise edge)
                          0.00    0.00   clock network delay (ideal)
                          0.25    0.25   clock uncertainty
                          0.00    0.25   clock reconvergence pessimism
                         -4.00   -3.75   output external delay
                                 -3.75   data required time
-----------------------------------------------------------------------------
                                 -3.75   data required time
                                 -4.71   data arrival time
-----------------------------------------------------------------------------
                                  8.46   slack (MET)


Startpoint: b[14] (input port clocked by clk)
Endpoint: result[14] (output port clocked by clk)
Path Group: clk
Path Type: min

Fanout     Cap    Slew   Delay    Time   Description
-----------------------------------------------------------------------------
                  0.00    0.00    0.00   clock clk (rise edge)
                          0.00    0.00   clock network delay (ideal)
                          4.00    4.00 ^ input external delay
                  0.04    0.02    4.02 ^ b[14] (in)
     1    0.01                           b[14] (net)
                  0.04    0.00    4.02 ^ input42/A (sky130_fd_sc_hd__clkbuf_2)
                  0.14    0.16    4.19 ^ input42/X (sky130_fd_sc_hd__clkbuf_2)
     5    0.02                           net42 (net)
                  0.14    0.00    4.19 ^ _2247_/B (Nor_gate)
                  0.04    0.06    4.25 v _2247_/Y (Nor_gate)
     2    0.01                           _0863_ (net)
                  0.04    0.00    4.25 v _3482_/A (Nor_gate)
                  0.08    0.08    4.32 ^ _3482_/Y (Nor_gate)
     1    0.00                           _0446_ (net)
                  0.08    0.00    4.32 ^ _3483_/B (Nor_gate)
                  0.02    0.03    4.35 v _3483_/Y (Nor_gate)
     1    0.00                           _0447_ (net)
                  0.02    0.00    4.35 v _3508_/A (Nand_gate)
                  0.03    0.03    4.39 ^ _3508_/Y (Nand_gate)
     1    0.00                           _0475_ (net)
                  0.03    0.00    4.39 ^ _3509_/B (Nor_gate)
                  0.02    0.03    4.41 v _3509_/Y (Nor_gate)
     1    0.00                           _0476_ (net)
                  0.02    0.00    4.41 v _3510_/B (Nand_gate)
                  0.03    0.03    4.45 ^ _3510_/Y (Nand_gate)
     1    0.00                           _0477_ (net)
                  0.03    0.00    4.45 ^ _3511_/A (sky130_fd_sc_hd__buf_1)
                  0.07    0.09    4.53 ^ _3511_/X (sky130_fd_sc_hd__buf_1)
     2    0.00                           net74 (net)
                  0.07    0.00    4.53 ^ output74/A (sky130_fd_sc_hd__clkbuf_4)
                  0.11    0.18    4.71 ^ output74/X (sky130_fd_sc_hd__clkbuf_4)
     1    0.03                           result[14] (net)
                  0.11    0.00    4.71 ^ result[14] (out)
                                  4.71   data arrival time

                  0.00    0.00    0.00   clock clk (rise edge)
                          0.00    0.00   clock network delay (ideal)
                          0.25    0.25   clock uncertainty
                          0.00    0.25   clock reconvergence pessimism
                         -4.00   -3.75   output external delay
                                 -3.75   data required time
-----------------------------------------------------------------------------
                                 -3.75   data required time
                                 -4.71   data arrival time
-----------------------------------------------------------------------------
                                  8.46   slack (MET)


Startpoint: a[21] (input port clocked by clk)
Endpoint: result[21] (output port clocked by clk)
Path Group: clk
Path Type: min

Fanout     Cap    Slew   Delay    Time   Description
-----------------------------------------------------------------------------
                  0.00    0.00    0.00   clock clk (rise edge)
                          0.00    0.00   clock network delay (ideal)
                          4.00    4.00 ^ input external delay
                  0.02    0.01    4.01 ^ a[21] (in)
     1    0.00                           a[21] (net)
                  0.02    0.00    4.01 ^ input14/A (sky130_fd_sc_hd__clkbuf_1)
                  0.08    0.09    4.10 ^ input14/X (sky130_fd_sc_hd__clkbuf_1)
     2    0.01                           net14 (net)
                  0.08    0.00    4.10 ^ _2203_/A (sky130_fd_sc_hd__clkbuf_4)
                  0.08    0.16    4.26 ^ _2203_/X (sky130_fd_sc_hd__clkbuf_4)
    10    0.02                           _0387_ (net)
                  0.08    0.00    4.26 ^ _3841_/A (Nor_gate)
                  0.02    0.04    4.30 v _3841_/Y (Nor_gate)
     1    0.00                           _0834_ (net)
                  0.02    0.00    4.30 v _3846_/A (Nor_gate)
                  0.08    0.07    4.37 ^ _3846_/Y (Nor_gate)
     1    0.00                           _0839_ (net)
                  0.08    0.00    4.38 ^ _3866_/A (Nor_gate)
                  0.02    0.04    4.41 v _3866_/Y (Nor_gate)
     1    0.00                           _0861_ (net)
                  0.02    0.00    4.41 v _3867_/A (inverter)
                  0.03    0.03    4.44 ^ _3867_/Y (inverter)
     1    0.00                           _0862_ (net)
                  0.03    0.00    4.44 ^ _3868_/B (Nor_gate)
                  0.07    0.06    4.50 v _3868_/Y (Nor_gate)
     2    0.02                           _0864_ (net)
                  0.07    0.00    4.50 v _3869_/A (inverter)
                  0.04    0.04    4.54 ^ _3869_/Y (inverter)
     1    0.00                           net82 (net)
                  0.04    0.00    4.54 ^ output82/A (sky130_fd_sc_hd__clkbuf_4)
                  0.11    0.17    4.72 ^ output82/X (sky130_fd_sc_hd__clkbuf_4)
     1    0.03                           result[21] (net)
                  0.11    0.00    4.72 ^ result[21] (out)
                                  4.72   data arrival time

                  0.00    0.00    0.00   clock clk (rise edge)
                          0.00    0.00   clock network delay (ideal)
                          0.25    0.25   clock uncertainty
                          0.00    0.25   clock reconvergence pessimism
                         -4.00   -3.75   output external delay
                                 -3.75   data required time
-----------------------------------------------------------------------------
                                 -3.75   data required time
                                 -4.72   data arrival time
-----------------------------------------------------------------------------
                                  8.47   slack (MET)


Startpoint: a[28] (input port clocked by clk)
Endpoint: result[28] (output port clocked by clk)
Path Group: clk
Path Type: min

Fanout     Cap    Slew   Delay    Time   Description
-----------------------------------------------------------------------------
                  0.00    0.00    0.00   clock clk (rise edge)
                          0.00    0.00   clock network delay (ideal)
                          4.00    4.00 ^ input external delay
                  0.02    0.01    4.01 ^ a[28] (in)
     1    0.00                           a[28] (net)
                  0.02    0.00    4.01 ^ input21/A (sky130_fd_sc_hd__buf_2)
                  0.08    0.11    4.12 ^ input21/X (sky130_fd_sc_hd__buf_2)
     7    0.01                           net21 (net)
                  0.08    0.00    4.12 ^ _4180_/A (Xnor)
                  0.05    0.09    4.21 v _4180_/Y (Xnor)
     1    0.00                           _1200_ (net)
                  0.05    0.00    4.21 v _4181_/A (inverter)
                  0.06    0.05    4.27 ^ _4181_/Y (inverter)
     2    0.01                           _1201_ (net)
                  0.06    0.00    4.27 ^ _4182_/B (Nand_gate)
                  0.04    0.04    4.31 v _4182_/Y (Nand_gate)
     1    0.00                           _1202_ (net)
                  0.04    0.00    4.31 v _4185_/A (Nand_gate)
                  0.04    0.05    4.36 ^ _4185_/Y (Nand_gate)
     1    0.00                           _1205_ (net)
                  0.04    0.00    4.36 ^ _4216_/A (Nand_gate)
                  0.03    0.04    4.40 v _4216_/Y (Nand_gate)
     1    0.00                           _1239_ (net)
                  0.03    0.00    4.40 v _4217_/A (sky130_fd_sc_hd__clkbuf_2)
                  0.09    0.14    4.53 v _4217_/X (sky130_fd_sc_hd__clkbuf_2)
     2    0.02                           net89 (net)
                  0.09    0.00    4.53 v output89/A (sky130_fd_sc_hd__clkbuf_4)
                  0.08    0.19    4.73 v output89/X (sky130_fd_sc_hd__clkbuf_4)
     1    0.03                           result[28] (net)
                  0.08    0.00    4.73 v result[28] (out)
                                  4.73   data arrival time

                  0.00    0.00    0.00   clock clk (rise edge)
                          0.00    0.00   clock network delay (ideal)
                          0.25    0.25   clock uncertainty
                          0.00    0.25   clock reconvergence pessimism
                         -4.00   -3.75   output external delay
                                 -3.75   data required time
-----------------------------------------------------------------------------
                                 -3.75   data required time
                                 -4.73   data arrival time
-----------------------------------------------------------------------------
                                  8.48   slack (MET)


Startpoint: a[30] (input port clocked by clk)
Endpoint: result[31] (output port clocked by clk)
Path Group: clk
Path Type: min

Fanout     Cap    Slew   Delay    Time   Description
-----------------------------------------------------------------------------
                  0.00    0.00    0.00   clock clk (rise edge)
                          0.00    0.00   clock network delay (ideal)
                          4.00    4.00 ^ input external delay
                  0.02    0.01    4.01 ^ a[30] (in)
     1    0.00                           a[30] (net)
                  0.02    0.00    4.01 ^ input24/A (sky130_fd_sc_hd__clkbuf_4)
                  0.07    0.14    4.15 ^ input24/X (sky130_fd_sc_hd__clkbuf_4)
     9    0.02                           net24 (net)
                  0.07    0.00    4.15 ^ _4301_/A (Nand_gate)
                  0.03    0.05    4.19 v _4301_/Y (Nand_gate)
     1    0.00                           _1330_ (net)
                  0.03    0.00    4.19 v _4302_/A (Nand_gate)
                  0.06    0.06    4.25 ^ _4302_/Y (Nand_gate)
     2    0.01                           _1331_ (net)
                  0.06    0.00    4.25 ^ _4306_/A (Nand_gate)
                  0.03    0.04    4.29 v _4306_/Y (Nand_gate)
     1    0.00                           _1335_ (net)
                  0.03    0.00    4.29 v _4309_/A (Nand_gate)
                  0.04    0.04    4.33 ^ _4309_/Y (Nand_gate)
     1    0.00                           _1339_ (net)
                  0.04    0.00    4.33 ^ _4337_/A (Nand_gate)
                  0.02    0.03    4.37 v _4337_/Y (Nand_gate)
     1    0.00                           _1369_ (net)
                  0.02    0.00    4.37 v _4338_/A (sky130_fd_sc_hd__dlymetal6s2s_1)
                  0.09    0.17    4.54 v _4338_/X (sky130_fd_sc_hd__dlymetal6s2s_1)
     2    0.02                           net93 (net)
                  0.09    0.00    4.54 v output93/A (sky130_fd_sc_hd__clkbuf_4)
                  0.08    0.19    4.73 v output93/X (sky130_fd_sc_hd__clkbuf_4)
     1    0.03                           result[31] (net)
                  0.08    0.00    4.73 v result[31] (out)
                                  4.73   data arrival time

                  0.00    0.00    0.00   clock clk (rise edge)
                          0.00    0.00   clock network delay (ideal)
                          0.25    0.25   clock uncertainty
                          0.00    0.25   clock reconvergence pessimism
                         -4.00   -3.75   output external delay
                                 -3.75   data required time
-----------------------------------------------------------------------------
                                 -3.75   data required time
                                 -4.73   data arrival time
-----------------------------------------------------------------------------
                                  8.48   slack (MET)


Startpoint: a[16] (input port clocked by clk)
Endpoint: result[17] (output port clocked by clk)
Path Group: clk
Path Type: min

Fanout     Cap    Slew   Delay    Time   Description
-----------------------------------------------------------------------------
                  0.00    0.00    0.00   clock clk (rise edge)
                          0.00    0.00   clock network delay (ideal)
                          4.00    4.00 v input external delay
                  0.01    0.01    4.01 v a[16] (in)
     1    0.00                           a[16] (net)
                  0.01    0.00    4.01 v input8/A (sky130_fd_sc_hd__clkbuf_2)
                  0.04    0.09    4.09 v input8/X (sky130_fd_sc_hd__clkbuf_2)
     3    0.01                           net8 (net)
                  0.04    0.00    4.09 v _2409_/A (inverter)
                  0.05    0.05    4.14 ^ _2409_/Y (inverter)
     2    0.01                           _1518_ (net)
                  0.05    0.00    4.14 ^ _3640_/A (Nor_gate)
                  0.03    0.04    4.18 v _3640_/Y (Nor_gate)
     2    0.01                           _0617_ (net)
                  0.03    0.00    4.18 v _3641_/B (Nor_gate)
                  0.07    0.06    4.24 ^ _3641_/Y (Nor_gate)
     1    0.00                           _0618_ (net)
                  0.07    0.00    4.24 ^ _3644_/A (Nor_gate)
                  0.02    0.04    4.28 v _3644_/Y (Nor_gate)
     1    0.00                           _0621_ (net)
                  0.02    0.00    4.28 v _3669_/A (Nor_gate)
                  0.07    0.07    4.35 ^ _3669_/Y (Nor_gate)
     1    0.00                           _0649_ (net)
                  0.07    0.00    4.35 ^ _3670_/B (Nand_gate)
                  0.02    0.04    4.39 v _3670_/Y (Nand_gate)
     1    0.00                           _0650_ (net)
                  0.02    0.00    4.39 v _3671_/A (sky130_fd_sc_hd__dlymetal6s2s_1)
                  0.09    0.17    4.56 v _3671_/X (sky130_fd_sc_hd__dlymetal6s2s_1)
     2    0.02                           net77 (net)
                  0.09    0.00    4.56 v output77/A (sky130_fd_sc_hd__clkbuf_4)
                  0.08    0.20    4.75 v output77/X (sky130_fd_sc_hd__clkbuf_4)
     1    0.04                           result[17] (net)
                  0.08    0.00    4.76 v result[17] (out)
                                  4.76   data arrival time

                  0.00    0.00    0.00   clock clk (rise edge)
                          0.00    0.00   clock network delay (ideal)
                          0.25    0.25   clock uncertainty
                          0.00    0.25   clock reconvergence pessimism
                         -4.00   -3.75   output external delay
                                 -3.75   data required time
-----------------------------------------------------------------------------
                                 -3.75   data required time
                                 -4.76   data arrival time
-----------------------------------------------------------------------------
                                  8.51   slack (MET)


Startpoint: a[28] (input port clocked by clk)
Endpoint: result[29] (output port clocked by clk)
Path Group: clk
Path Type: min

Fanout     Cap    Slew   Delay    Time   Description
-----------------------------------------------------------------------------
                  0.00    0.00    0.00   clock clk (rise edge)
                          0.00    0.00   clock network delay (ideal)
                          4.00    4.00 v input external delay
                  0.01    0.00    4.00 v a[28] (in)
     1    0.00                           a[28] (net)
                  0.01    0.00    4.00 v input21/A (sky130_fd_sc_hd__buf_2)
                  0.05    0.12    4.12 v input21/X (sky130_fd_sc_hd__buf_2)
     7    0.01                           net21 (net)
                  0.05    0.00    4.12 v _2461_/A (inverter)
                  0.13    0.10    4.22 ^ _2461_/Y (inverter)
     7    0.02                           _1570_ (net)
                  0.13    0.00    4.22 ^ _4188_/A (Nor_gate)
                  0.04    0.07    4.29 v _4188_/Y (Nor_gate)
     3    0.01                           _1209_ (net)
                  0.04    0.00    4.29 v _4231_/B (Nand_gate)
                  0.08    0.07    4.35 ^ _4231_/Y (Nand_gate)
     3    0.01                           _1255_ (net)
                  0.08    0.00    4.36 ^ _4234_/A (Nand_gate)
                  0.03    0.05    4.40 v _4234_/Y (Nand_gate)
     1    0.00                           _1258_ (net)
                  0.03    0.00    4.40 v _4256_/A (Nand_gate)
                  0.04    0.05    4.45 ^ _4256_/Y (Nand_gate)
     1    0.00                           _1282_ (net)
                  0.04    0.00    4.45 ^ _4257_/B (Nor_gate)
                  0.03    0.03    4.48 v _4257_/Y (Nor_gate)
     2    0.01                           _1283_ (net)
                  0.03    0.00    4.48 v _4258_/A (inverter)
                  0.14    0.10    4.59 ^ _4258_/Y (inverter)
     1    0.02                           net90 (net)
                  0.14    0.00    4.59 ^ output90/A (sky130_fd_sc_hd__clkbuf_4)
                  0.11    0.21    4.80 ^ output90/X (sky130_fd_sc_hd__clkbuf_4)
     1    0.03                           result[29] (net)
                  0.11    0.00    4.80 ^ result[29] (out)
                                  4.80   data arrival time

                  0.00    0.00    0.00   clock clk (rise edge)
                          0.00    0.00   clock network delay (ideal)
                          0.25    0.25   clock uncertainty
                          0.00    0.25   clock reconvergence pessimism
                         -4.00   -3.75   output external delay
                                 -3.75   data required time
-----------------------------------------------------------------------------
                                 -3.75   data required time
                                 -4.80   data arrival time
-----------------------------------------------------------------------------
                                  8.55   slack (MET)


Startpoint: a[24] (input port clocked by clk)
Endpoint: result[24] (output port clocked by clk)
Path Group: clk
Path Type: min

Fanout     Cap    Slew   Delay    Time   Description
-----------------------------------------------------------------------------
                  0.00    0.00    0.00   clock clk (rise edge)
                          0.00    0.00   clock network delay (ideal)
                          4.00    4.00 v input external delay
                  0.01    0.00    4.00 v a[24] (in)
     1    0.00                           a[24] (net)
                  0.01    0.00    4.00 v input17/A (sky130_fd_sc_hd__buf_2)
                  0.08    0.15    4.15 v input17/X (sky130_fd_sc_hd__buf_2)
     9    0.03                           net17 (net)
                  0.08    0.00    4.16 v _2553_/A (inverter)
                  0.09    0.08    4.23 ^ _2553_/Y (inverter)
     5    0.01                           _1662_ (net)
                  0.09    0.00    4.23 ^ _3986_/A (Nor_gate)
                  0.03    0.05    4.28 v _3986_/Y (Nor_gate)
     2    0.00                           _0990_ (net)
                  0.03    0.00    4.28 v _3989_/A (Nor_gate)
                  0.07    0.07    4.35 ^ _3989_/Y (Nor_gate)
     1    0.00                           _0994_ (net)
                  0.07    0.00    4.35 ^ _4018_/A (Nor_gate)
                  0.02    0.04    4.39 v _4018_/Y (Nor_gate)
     1    0.00                           _1026_ (net)
                  0.02    0.00    4.39 v _4019_/B (Nand_gate)
                  0.03    0.03    4.42 ^ _4019_/Y (Nand_gate)
     1    0.00                           _1027_ (net)
                  0.03    0.00    4.42 ^ _4020_/A (sky130_fd_sc_hd__dlymetal6s2s_1)
                  0.18    0.17    4.60 ^ _4020_/X (sky130_fd_sc_hd__dlymetal6s2s_1)
     2    0.02                           net85 (net)
                  0.18    0.00    4.60 ^ output85/A (sky130_fd_sc_hd__clkbuf_4)
                  0.11    0.22    4.82 ^ output85/X (sky130_fd_sc_hd__clkbuf_4)
     1    0.03                           result[24] (net)
                  0.11    0.00    4.82 ^ result[24] (out)
                                  4.82   data arrival time

                  0.00    0.00    0.00   clock clk (rise edge)
                          0.00    0.00   clock network delay (ideal)
                          0.25    0.25   clock uncertainty
                          0.00    0.25   clock reconvergence pessimism
                         -4.00   -3.75   output external delay
                                 -3.75   data required time
-----------------------------------------------------------------------------
                                 -3.75   data required time
                                 -4.82   data arrival time
-----------------------------------------------------------------------------
                                  8.57   slack (MET)



min_report_end
max_report

===========================================================================
report_checks -path_delay max (Setup)
============================================================================
======================= Typical Corner ===================================

Startpoint: b[2] (input port clocked by clk)
Endpoint: zero (output port clocked by clk)
Path Group: clk
Path Type: max

Fanout     Cap    Slew   Delay    Time   Description
-----------------------------------------------------------------------------
                  0.00    0.00    0.00   clock clk (rise edge)
                          0.00    0.00   clock network delay (ideal)
                          4.00    4.00 v input external delay
                  0.01    0.01    4.01 v b[2] (in)
     1    0.00                           b[2] (net)
                  0.01    0.00    4.01 v input59/A (sky130_fd_sc_hd__buf_1)
                  0.05    0.10    4.11 v input59/X (sky130_fd_sc_hd__buf_1)
     2    0.01                           net59 (net)
                  0.05    0.00    4.11 v _2329_/A (sky130_fd_sc_hd__clkbuf_4)
                  0.09    0.21    4.31 v _2329_/X (sky130_fd_sc_hd__clkbuf_4)
    10    0.04                           _1438_ (net)
                  0.09    0.00    4.32 v _2589_/A (Nor_gate)
                  0.14    0.14    4.46 ^ _2589_/Y (Nor_gate)
     3    0.01                           _1698_ (net)
                  0.14    0.00    4.46 ^ _2590_/B (Nand_gate)
                  0.08    0.09    4.55 v _2590_/Y (Nand_gate)
     4    0.01                           _1699_ (net)
                  0.08    0.00    4.55 v _3101_/A (Nor_gate)
                  0.14    0.13    4.69 ^ _3101_/Y (Nor_gate)
     3    0.01                           _0033_ (net)
                  0.14    0.00    4.69 ^ _3331_/A (Nand_gate)
                  0.10    0.12    4.81 v _3331_/Y (Nand_gate)
     4    0.01                           _0282_ (net)
                  0.10    0.00    4.81 v _3583_/A (Nor_gate)
                  0.19    0.18    4.99 ^ _3583_/Y (Nor_gate)
     3    0.01                           _0555_ (net)
                  0.19    0.00    4.99 ^ _3773_/A (Nand_gate)
                  0.07    0.10    5.09 v _3773_/Y (Nand_gate)
     2    0.01                           _0760_ (net)
                  0.07    0.00    5.09 v _3872_/A (Nor_gate)
                  0.06    0.08    5.17 ^ _3872_/Y (Nor_gate)
     1    0.00                           _0867_ (net)
                  0.06    0.00    5.17 ^ _3873_/B (Nor_gate)
                  0.05    0.05    5.22 v _3873_/Y (Nor_gate)
     2    0.01                           _0868_ (net)
                  0.05    0.00    5.22 v _3922_/A (Nor_gate)
                  0.14    0.14    5.35 ^ _3922_/Y (Nor_gate)
     2    0.01                           _0921_ (net)
                  0.14    0.00    5.35 ^ _3923_/B (Xnor)
                  0.32    0.30    5.66 ^ _3923_/Y (Xnor)
     3    0.01                           _0922_ (net)
                  0.32    0.00    5.66 ^ _3924_/B (Xnor)
                  0.28    0.30    5.96 ^ _3924_/Y (Xnor)
     3    0.01                           _0923_ (net)
                  0.28    0.00    5.96 ^ _3959_/B (Nor_gate)
                  0.07    0.10    6.06 v _3959_/Y (Nor_gate)
     3    0.01                           _0961_ (net)
                  0.07    0.00    6.06 v _3964_/B (Nand_gate)
                  0.05    0.05    6.11 ^ _3964_/Y (Nand_gate)
     1    0.00                           _0966_ (net)
                  0.05    0.00    6.11 ^ _3970_/A (Nand_gate)
                  0.05    0.06    6.17 v _3970_/Y (Nand_gate)
     2    0.01                           _0973_ (net)
                  0.05    0.00    6.17 v _4080_/A (inverter)
                  0.04    0.04    6.21 ^ _4080_/Y (inverter)
     1    0.00                           _1092_ (net)
                  0.04    0.00    6.21 ^ _4081_/B (Nand_gate)
                  0.03    0.04    6.25 v _4081_/Y (Nand_gate)
     1    0.00                           _1093_ (net)
                  0.03    0.00    6.25 v _4082_/B (Nor_gate)
                  0.21    0.17    6.42 ^ _4082_/Y (Nor_gate)
     2    0.01                           _1094_ (net)
                  0.21    0.00    6.42 ^ _4167_/A (Nor_gate)
                  0.04    0.06    6.49 v _4167_/Y (Nor_gate)
     1    0.00                           _1185_ (net)
                  0.04    0.00    6.49 v _4176_/A (Nor_gate)
                  0.14    0.13    6.62 ^ _4176_/Y (Nor_gate)
     2    0.01                           _1195_ (net)
                  0.14    0.00    6.62 ^ _4183_/A (Nor_gate)
                  0.05    0.07    6.69 v _4183_/Y (Nor_gate)
     3    0.01                           _1203_ (net)
                  0.05    0.00    6.69 v _4265_/A (Nor_gate)
                  0.07    0.08    6.77 ^ _4265_/Y (Nor_gate)
     1    0.00                           _1291_ (net)
                  0.07    0.00    6.77 ^ _4266_/B (Nor_gate)
                  0.04    0.05    6.82 v _4266_/Y (Nor_gate)
     2    0.01                           _1292_ (net)
                  0.04    0.00    6.82 v _4267_/B (Nand_gate)
                  0.07    0.06    6.88 ^ _4267_/Y (Nand_gate)
     2    0.01                           _1293_ (net)
                  0.07    0.00    6.88 ^ _4302_/B (Nand_gate)
                  0.05    0.06    6.94 v _4302_/Y (Nand_gate)
     2    0.01                           _1331_ (net)
                  0.05    0.00    6.94 v _4307_/A (Nor_gate)
                  0.06    0.07    7.01 ^ _4307_/Y (Nor_gate)
     1    0.00                           _1336_ (net)
                  0.06    0.00    7.01 ^ _4308_/B (Nor_gate)
                  0.03    0.03    7.05 v _4308_/Y (Nor_gate)
     1    0.00                           _1338_ (net)
                  0.03    0.00    7.05 v _4309_/B (Nand_gate)
                  0.04    0.04    7.09 ^ _4309_/Y (Nand_gate)
     1    0.00                           _1339_ (net)
                  0.04    0.00    7.09 ^ _4337_/A (Nand_gate)
                  0.03    0.04    7.12 v _4337_/Y (Nand_gate)
     1    0.00                           _1369_ (net)
                  0.03    0.00    7.12 v _4338_/A (sky130_fd_sc_hd__dlymetal6s2s_1)
                  0.09    0.19    7.31 v _4338_/X (sky130_fd_sc_hd__dlymetal6s2s_1)
     2    0.02                           net93 (net)
                  0.09    0.00    7.31 v _4371_/A (Nor_gate)
                  0.07    0.09    7.40 ^ _4371_/Y (Nor_gate)
     1    0.00                           _1406_ (net)
                  0.07    0.00    7.40 ^ _4372_/A (sky130_fd_sc_hd__clkbuf_1)
                  0.04    0.09    7.49 ^ _4372_/X (sky130_fd_sc_hd__clkbuf_1)
     1    0.00                           net101 (net)
                  0.04    0.00    7.49 ^ output101/A (sky130_fd_sc_hd__buf_2)
                  0.17    0.21    7.70 ^ output101/X (sky130_fd_sc_hd__buf_2)
     1    0.03                           zero (net)
                  0.17    0.00    7.70 ^ zero (out)
                                  7.70   data arrival time

                  0.00   20.00   20.00   clock clk (rise edge)
                          0.00   20.00   clock network delay (ideal)
                         -0.25   19.75   clock uncertainty
                          0.00   19.75   clock reconvergence pessimism
                         -4.00   15.75   output external delay
                                 15.75   data required time
-----------------------------------------------------------------------------
                                 15.75   data required time
                                 -7.70   data arrival time
-----------------------------------------------------------------------------
                                  8.05   slack (MET)


Startpoint: alu_control[2] (input port clocked by clk)
Endpoint: result[31] (output port clocked by clk)
Path Group: clk
Path Type: max

Fanout     Cap    Slew   Delay    Time   Description
-----------------------------------------------------------------------------
                  0.00    0.00    0.00   clock clk (rise edge)
                          0.00    0.00   clock network delay (ideal)
                          4.00    4.00 v input external delay
                  0.02    0.01    4.01 v alu_control[2] (in)
     1    0.01                           alu_control[2] (net)
                  0.02    0.00    4.01 v input35/A (sky130_fd_sc_hd__clkbuf_2)
                  0.10    0.15    4.17 v input35/X (sky130_fd_sc_hd__clkbuf_2)
     5    0.02                           net35 (net)
                  0.10    0.00    4.17 v _2536_/A (inverter)
                  0.12    0.11    4.28 ^ _2536_/Y (inverter)
     4    0.01                           _1645_ (net)
                  0.12    0.00    4.28 ^ _2571_/A (Nand_gate)
                  0.08    0.10    4.38 v _2571_/Y (Nand_gate)
     4    0.01                           _1680_ (net)
                  0.08    0.00    4.38 v _2669_/B (Nor_gate)
                  0.17    0.15    4.53 ^ _2669_/Y (Nor_gate)
     3    0.01                           _1777_ (net)
                  0.17    0.00    4.54 ^ _2706_/A (sky130_fd_sc_hd__clkbuf_4)
                  0.08    0.22    4.75 ^ _2706_/X (sky130_fd_sc_hd__clkbuf_4)
    10    0.02                           _1813_ (net)
                  0.08    0.00    4.75 ^ _2969_/A (Nor_gate)
                  0.05    0.06    4.81 v _2969_/Y (Nor_gate)
     2    0.01                           _2072_ (net)
                  0.05    0.00    4.81 v _3033_/A (Nor_gate)
                  0.11    0.11    4.93 ^ _3033_/Y (Nor_gate)
     1    0.01                           _2135_ (net)
                  0.11    0.00    4.93 ^ _3034_/B (Xnor)
                  0.35    0.32    5.25 ^ _3034_/Y (Xnor)
     3    0.01                           _2136_ (net)
                  0.35    0.00    5.25 ^ _3035_/B (Xnor)
                  0.30    0.31    5.56 ^ _3035_/Y (Xnor)
     3    0.01                           _2137_ (net)
                  0.30    0.00    5.56 ^ _3083_/B (Nand_gate)
                  0.09    0.13    5.69 v _3083_/Y (Nand_gate)
     3    0.01                           _0014_ (net)
                  0.09    0.00    5.69 v _3084_/B (Nor_gate)
                  0.12    0.12    5.81 ^ _3084_/Y (Nor_gate)
     2    0.01                           _0015_ (net)
                  0.12    0.00    5.81 ^ _3085_/B (Nand_gate)
                  0.04    0.06    5.87 v _3085_/Y (Nand_gate)
     1    0.00                           _0016_ (net)
                  0.04    0.00    5.87 v _3098_/A (Nand_gate)
                  0.07    0.07    5.94 ^ _3098_/Y (Nand_gate)
     3    0.01                           _0030_ (net)
                  0.07    0.00    5.94 ^ _3342_/A (Nand_gate)
                  0.06    0.07    6.01 v _3342_/Y (Nand_gate)
     2    0.01                           _0294_ (net)
                  0.06    0.00    6.01 v _3679_/A (Nor_gate)
                  0.09    0.10    6.11 ^ _3679_/Y (Nor_gate)
     1    0.00                           _0659_ (net)
                  0.09    0.00    6.11 ^ _3690_/A (Nor_gate)
                  0.07    0.09    6.20 v _3690_/Y (Nor_gate)
     3    0.02                           _0671_ (net)
                  0.07    0.00    6.20 v _4078_/A (Nor_gate)
                  0.07    0.09    6.29 ^ _4078_/Y (Nor_gate)
     1    0.00                           _1090_ (net)
                  0.07    0.00    6.29 ^ _4082_/A (Nor_gate)
                  0.06    0.07    6.36 v _4082_/Y (Nor_gate)
     2    0.01                           _1094_ (net)
                  0.06    0.00    6.36 v _4167_/A (Nor_gate)
                  0.08    0.09    6.45 ^ _4167_/Y (Nor_gate)
     1    0.00                           _1185_ (net)
                  0.08    0.00    6.45 ^ _4176_/A (Nor_gate)
                  0.04    0.06    6.50 v _4176_/Y (Nor_gate)
     2    0.01                           _1195_ (net)
                  0.04    0.00    6.50 v _4183_/A (Nor_gate)
                  0.15    0.14    6.64 ^ _4183_/Y (Nor_gate)
     3    0.01                           _1203_ (net)
                  0.15    0.00    6.64 ^ _4265_/A (Nor_gate)
                  0.03    0.05    6.70 v _4265_/Y (Nor_gate)
     1    0.00                           _1291_ (net)
                  0.03    0.00    6.70 v _4266_/B (Nor_gate)
                  0.12    0.10    6.80 ^ _4266_/Y (Nor_gate)
     2    0.01                           _1292_ (net)
                  0.12    0.00    6.80 ^ _4267_/B (Nand_gate)
                  0.06    0.07    6.88 v _4267_/Y (Nand_gate)
     2    0.01                           _1293_ (net)
                  0.06    0.00    6.88 v _4302_/B (Nand_gate)
                  0.07    0.07    6.94 ^ _4302_/Y (Nand_gate)
     2    0.01                           _1331_ (net)
                  0.07    0.00    6.94 ^ _4307_/A (Nor_gate)
                  0.03    0.04    6.98 v _4307_/Y (Nor_gate)
     1    0.00                           _1336_ (net)
                  0.03    0.00    6.98 v _4308_/B (Nor_gate)
                  0.07    0.06    7.04 ^ _4308_/Y (Nor_gate)
     1    0.00                           _1338_ (net)
                  0.07    0.00    7.04 ^ _4309_/B (Nand_gate)
                  0.03    0.05    7.09 v _4309_/Y (Nand_gate)
     1    0.00                           _1339_ (net)
                  0.03    0.00    7.09 v _4337_/A (Nand_gate)
                  0.03    0.04    7.13 ^ _4337_/Y (Nand_gate)
     1    0.00                           _1369_ (net)
                  0.03    0.00    7.13 ^ _4338_/A (sky130_fd_sc_hd__dlymetal6s2s_1)
                  0.18    0.19    7.32 ^ _4338_/X (sky130_fd_sc_hd__dlymetal6s2s_1)
     2    0.02                           net93 (net)
                  0.18    0.00    7.32 ^ output93/A (sky130_fd_sc_hd__clkbuf_4)
                  0.11    0.25    7.56 ^ output93/X (sky130_fd_sc_hd__clkbuf_4)
     1    0.03                           result[31] (net)
                  0.11    0.00    7.57 ^ result[31] (out)
                                  7.57   data arrival time

                  0.00   20.00   20.00   clock clk (rise edge)
                          0.00   20.00   clock network delay (ideal)
                         -0.25   19.75   clock uncertainty
                          0.00   19.75   clock reconvergence pessimism
                         -4.00   15.75   output external delay
                                 15.75   data required time
-----------------------------------------------------------------------------
                                 15.75   data required time
                                 -7.57   data arrival time
-----------------------------------------------------------------------------
                                  8.18   slack (MET)


Startpoint: alu_control[2] (input port clocked by clk)
Endpoint: result[30] (output port clocked by clk)
Path Group: clk
Path Type: max

Fanout     Cap    Slew   Delay    Time   Description
-----------------------------------------------------------------------------
                  0.00    0.00    0.00   clock clk (rise edge)
                          0.00    0.00   clock network delay (ideal)
                          4.00    4.00 v input external delay
                  0.02    0.01    4.01 v alu_control[2] (in)
     1    0.01                           alu_control[2] (net)
                  0.02    0.00    4.01 v input35/A (sky130_fd_sc_hd__clkbuf_2)
                  0.10    0.15    4.17 v input35/X (sky130_fd_sc_hd__clkbuf_2)
     5    0.02                           net35 (net)
                  0.10    0.00    4.17 v _2536_/A (inverter)
                  0.12    0.11    4.28 ^ _2536_/Y (inverter)
     4    0.01                           _1645_ (net)
                  0.12    0.00    4.28 ^ _2571_/A (Nand_gate)
                  0.08    0.10    4.38 v _2571_/Y (Nand_gate)
     4    0.01                           _1680_ (net)
                  0.08    0.00    4.38 v _2669_/B (Nor_gate)
                  0.17    0.15    4.53 ^ _2669_/Y (Nor_gate)
     3    0.01                           _1777_ (net)
                  0.17    0.00    4.54 ^ _2706_/A (sky130_fd_sc_hd__clkbuf_4)
                  0.08    0.22    4.75 ^ _2706_/X (sky130_fd_sc_hd__clkbuf_4)
    10    0.02                           _1813_ (net)
                  0.08    0.00    4.75 ^ _2969_/A (Nor_gate)
                  0.05    0.06    4.81 v _2969_/Y (Nor_gate)
     2    0.01                           _2072_ (net)
                  0.05    0.00    4.81 v _3033_/A (Nor_gate)
                  0.11    0.11    4.93 ^ _3033_/Y (Nor_gate)
     1    0.01                           _2135_ (net)
                  0.11    0.00    4.93 ^ _3034_/B (Xnor)
                  0.35    0.32    5.25 ^ _3034_/Y (Xnor)
     3    0.01                           _2136_ (net)
                  0.35    0.00    5.25 ^ _3035_/B (Xnor)
                  0.30    0.31    5.56 ^ _3035_/Y (Xnor)
     3    0.01                           _2137_ (net)
                  0.30    0.00    5.56 ^ _3083_/B (Nand_gate)
                  0.09    0.13    5.69 v _3083_/Y (Nand_gate)
     3    0.01                           _0014_ (net)
                  0.09    0.00    5.69 v _3084_/B (Nor_gate)
                  0.12    0.12    5.81 ^ _3084_/Y (Nor_gate)
     2    0.01                           _0015_ (net)
                  0.12    0.00    5.81 ^ _3085_/B (Nand_gate)
                  0.04    0.06    5.87 v _3085_/Y (Nand_gate)
     1    0.00                           _0016_ (net)
                  0.04    0.00    5.87 v _3098_/A (Nand_gate)
                  0.07    0.07    5.94 ^ _3098_/Y (Nand_gate)
     3    0.01                           _0030_ (net)
                  0.07    0.00    5.94 ^ _3342_/A (Nand_gate)
                  0.06    0.07    6.01 v _3342_/Y (Nand_gate)
     2    0.01                           _0294_ (net)
                  0.06    0.00    6.01 v _3679_/A (Nor_gate)
                  0.09    0.10    6.11 ^ _3679_/Y (Nor_gate)
     1    0.00                           _0659_ (net)
                  0.09    0.00    6.11 ^ _3690_/A (Nor_gate)
                  0.07    0.09    6.20 v _3690_/Y (Nor_gate)
     3    0.02                           _0671_ (net)
                  0.07    0.00    6.20 v _4078_/A (Nor_gate)
                  0.07    0.09    6.29 ^ _4078_/Y (Nor_gate)
     1    0.00                           _1090_ (net)
                  0.07    0.00    6.29 ^ _4082_/A (Nor_gate)
                  0.06    0.07    6.36 v _4082_/Y (Nor_gate)
     2    0.01                           _1094_ (net)
                  0.06    0.00    6.36 v _4167_/A (Nor_gate)
                  0.08    0.09    6.45 ^ _4167_/Y (Nor_gate)
     1    0.00                           _1185_ (net)
                  0.08    0.00    6.45 ^ _4176_/A (Nor_gate)
                  0.04    0.06    6.50 v _4176_/Y (Nor_gate)
     2    0.01                           _1195_ (net)
                  0.04    0.00    6.50 v _4183_/A (Nor_gate)
                  0.15    0.14    6.64 ^ _4183_/Y (Nor_gate)
     3    0.01                           _1203_ (net)
                  0.15    0.00    6.64 ^ _4265_/A (Nor_gate)
                  0.03    0.05    6.70 v _4265_/Y (Nor_gate)
     1    0.00                           _1291_ (net)
                  0.03    0.00    6.70 v _4266_/B (Nor_gate)
                  0.12    0.10    6.80 ^ _4266_/Y (Nor_gate)
     2    0.01                           _1292_ (net)
                  0.12    0.00    6.80 ^ _4268_/B (Nor_gate)
                  0.04    0.05    6.85 v _4268_/Y (Nor_gate)
     1    0.00                           _1295_ (net)
                  0.04    0.00    6.85 v _4269_/B (Nor_gate)
                  0.09    0.08    6.93 ^ _4269_/Y (Nor_gate)
     1    0.00                           _1296_ (net)
                  0.09    0.00    6.93 ^ _4270_/B (Nand_gate)
                  0.04    0.05    6.99 v _4270_/Y (Nand_gate)
     1    0.00                           _1297_ (net)
                  0.04    0.00    6.99 v _4299_/A (Nand_gate)
                  0.04    0.04    7.03 ^ _4299_/Y (Nand_gate)
     1    0.00                           _1329_ (net)
                  0.04    0.00    7.03 ^ _4300_/A (sky130_fd_sc_hd__buf_1)
                  0.11    0.13    7.16 ^ _4300_/X (sky130_fd_sc_hd__buf_1)
     2    0.01                           net92 (net)
                  0.11    0.00    7.16 ^ output92/A (sky130_fd_sc_hd__clkbuf_4)
                  0.12    0.23    7.38 ^ output92/X (sky130_fd_sc_hd__clkbuf_4)
     1    0.04                           result[30] (net)
                  0.12    0.00    7.39 ^ result[30] (out)
                                  7.39   data arrival time

                  0.00   20.00   20.00   clock clk (rise edge)
                          0.00   20.00   clock network delay (ideal)
                         -0.25   19.75   clock uncertainty
                          0.00   19.75   clock reconvergence pessimism
                         -4.00   15.75   output external delay
                                 15.75   data required time
-----------------------------------------------------------------------------
                                 15.75   data required time
                                 -7.39   data arrival time
-----------------------------------------------------------------------------
                                  8.36   slack (MET)


Startpoint: b[2] (input port clocked by clk)
Endpoint: result[29] (output port clocked by clk)
Path Group: clk
Path Type: max

Fanout     Cap    Slew   Delay    Time   Description
-----------------------------------------------------------------------------
                  0.00    0.00    0.00   clock clk (rise edge)
                          0.00    0.00   clock network delay (ideal)
                          4.00    4.00 v input external delay
                  0.01    0.01    4.01 v b[2] (in)
     1    0.00                           b[2] (net)
                  0.01    0.00    4.01 v input59/A (sky130_fd_sc_hd__buf_1)
                  0.05    0.10    4.11 v input59/X (sky130_fd_sc_hd__buf_1)
     2    0.01                           net59 (net)
                  0.05    0.00    4.11 v _2329_/A (sky130_fd_sc_hd__clkbuf_4)
                  0.09    0.21    4.31 v _2329_/X (sky130_fd_sc_hd__clkbuf_4)
    10    0.04                           _1438_ (net)
                  0.09    0.00    4.32 v _2589_/A (Nor_gate)
                  0.14    0.14    4.46 ^ _2589_/Y (Nor_gate)
     3    0.01                           _1698_ (net)
                  0.14    0.00    4.46 ^ _2590_/B (Nand_gate)
                  0.08    0.09    4.55 v _2590_/Y (Nand_gate)
     4    0.01                           _1699_ (net)
                  0.08    0.00    4.55 v _3101_/A (Nor_gate)
                  0.14    0.13    4.69 ^ _3101_/Y (Nor_gate)
     3    0.01                           _0033_ (net)
                  0.14    0.00    4.69 ^ _3331_/A (Nand_gate)
                  0.10    0.12    4.81 v _3331_/Y (Nand_gate)
     4    0.01                           _0282_ (net)
                  0.10    0.00    4.81 v _3583_/A (Nor_gate)
                  0.19    0.18    4.99 ^ _3583_/Y (Nor_gate)
     3    0.01                           _0555_ (net)
                  0.19    0.00    4.99 ^ _3773_/A (Nand_gate)
                  0.07    0.10    5.09 v _3773_/Y (Nand_gate)
     2    0.01                           _0760_ (net)
                  0.07    0.00    5.09 v _3872_/A (Nor_gate)
                  0.06    0.08    5.17 ^ _3872_/Y (Nor_gate)
     1    0.00                           _0867_ (net)
                  0.06    0.00    5.17 ^ _3873_/B (Nor_gate)
                  0.05    0.05    5.22 v _3873_/Y (Nor_gate)
     2    0.01                           _0868_ (net)
                  0.05    0.00    5.22 v _3922_/A (Nor_gate)
                  0.14    0.14    5.35 ^ _3922_/Y (Nor_gate)
     2    0.01                           _0921_ (net)
                  0.14    0.00    5.35 ^ _3923_/B (Xnor)
                  0.32    0.30    5.66 ^ _3923_/Y (Xnor)
     3    0.01                           _0922_ (net)
                  0.32    0.00    5.66 ^ _3924_/B (Xnor)
                  0.28    0.30    5.96 ^ _3924_/Y (Xnor)
     3    0.01                           _0923_ (net)
                  0.28    0.00    5.96 ^ _3959_/B (Nor_gate)
                  0.07    0.10    6.06 v _3959_/Y (Nor_gate)
     3    0.01                           _0961_ (net)
                  0.07    0.00    6.06 v _3964_/B (Nand_gate)
                  0.05    0.05    6.11 ^ _3964_/Y (Nand_gate)
     1    0.00                           _0966_ (net)
                  0.05    0.00    6.11 ^ _3970_/A (Nand_gate)
                  0.05    0.06    6.17 v _3970_/Y (Nand_gate)
     2    0.01                           _0973_ (net)
                  0.05    0.00    6.17 v _4080_/A (inverter)
                  0.04    0.04    6.21 ^ _4080_/Y (inverter)
     1    0.00                           _1092_ (net)
                  0.04    0.00    6.21 ^ _4081_/B (Nand_gate)
                  0.03    0.04    6.25 v _4081_/Y (Nand_gate)
     1    0.00                           _1093_ (net)
                  0.03    0.00    6.25 v _4082_/B (Nor_gate)
                  0.21    0.17    6.42 ^ _4082_/Y (Nor_gate)
     2    0.01                           _1094_ (net)
                  0.21    0.00    6.42 ^ _4167_/A (Nor_gate)
                  0.04    0.06    6.49 v _4167_/Y (Nor_gate)
     1    0.00                           _1185_ (net)
                  0.04    0.00    6.49 v _4176_/A (Nor_gate)
                  0.14    0.13    6.62 ^ _4176_/Y (Nor_gate)
     2    0.01                           _1195_ (net)
                  0.14    0.00    6.62 ^ _4183_/A (Nor_gate)
                  0.05    0.07    6.69 v _4183_/Y (Nor_gate)
     3    0.01                           _1203_ (net)
                  0.05    0.00    6.69 v _4226_/B (Nor_gate)
                  0.10    0.10    6.79 ^ _4226_/Y (Nor_gate)
     2    0.01                           _1249_ (net)
                  0.10    0.00    6.79 ^ _4228_/B (Nand_gate)
                  0.04    0.05    6.84 v _4228_/Y (Nand_gate)
     1    0.00                           _1252_ (net)
                  0.04    0.00    6.84 v _4229_/B (Nand_gate)
                  0.04    0.04    6.88 ^ _4229_/Y (Nand_gate)
     1    0.00                           _1253_ (net)
                  0.04    0.00    6.88 ^ _4230_/B (Nor_gate)
                  0.03    0.03    6.91 v _4230_/Y (Nor_gate)
     1    0.00                           _1254_ (net)
                  0.03    0.00    6.91 v _4257_/A (Nor_gate)
                  0.11    0.11    7.01 ^ _4257_/Y (Nor_gate)
     2    0.01                           _1283_ (net)
                  0.11    0.00    7.01 ^ _4258_/A (inverter)
                  0.08    0.09    7.10 v _4258_/Y (inverter)
     1    0.02                           net90 (net)
                  0.08    0.00    7.10 v output90/A (sky130_fd_sc_hd__clkbuf_4)
                  0.08    0.21    7.31 v output90/X (sky130_fd_sc_hd__clkbuf_4)
     1    0.03                           result[29] (net)
                  0.08    0.00    7.31 v result[29] (out)
                                  7.31   data arrival time

                  0.00   20.00   20.00   clock clk (rise edge)
                          0.00   20.00   clock network delay (ideal)
                         -0.25   19.75   clock uncertainty
                          0.00   19.75   clock reconvergence pessimism
                         -4.00   15.75   output external delay
                                 15.75   data required time
-----------------------------------------------------------------------------
                                 15.75   data required time
                                 -7.31   data arrival time
-----------------------------------------------------------------------------
                                  8.44   slack (MET)


Startpoint: b[2] (input port clocked by clk)
Endpoint: result[28] (output port clocked by clk)
Path Group: clk
Path Type: max

Fanout     Cap    Slew   Delay    Time   Description
-----------------------------------------------------------------------------
                  0.00    0.00    0.00   clock clk (rise edge)
                          0.00    0.00   clock network delay (ideal)
                          4.00    4.00 v input external delay
                  0.01    0.01    4.01 v b[2] (in)
     1    0.00                           b[2] (net)
                  0.01    0.00    4.01 v input59/A (sky130_fd_sc_hd__buf_1)
                  0.05    0.10    4.11 v input59/X (sky130_fd_sc_hd__buf_1)
     2    0.01                           net59 (net)
                  0.05    0.00    4.11 v _2329_/A (sky130_fd_sc_hd__clkbuf_4)
                  0.09    0.21    4.31 v _2329_/X (sky130_fd_sc_hd__clkbuf_4)
    10    0.04                           _1438_ (net)
                  0.09    0.00    4.32 v _2589_/A (Nor_gate)
                  0.14    0.14    4.46 ^ _2589_/Y (Nor_gate)
     3    0.01                           _1698_ (net)
                  0.14    0.00    4.46 ^ _2590_/B (Nand_gate)
                  0.08    0.09    4.55 v _2590_/Y (Nand_gate)
     4    0.01                           _1699_ (net)
                  0.08    0.00    4.55 v _3101_/A (Nor_gate)
                  0.14    0.13    4.69 ^ _3101_/Y (Nor_gate)
     3    0.01                           _0033_ (net)
                  0.14    0.00    4.69 ^ _3331_/A (Nand_gate)
                  0.10    0.12    4.81 v _3331_/Y (Nand_gate)
     4    0.01                           _0282_ (net)
                  0.10    0.00    4.81 v _3583_/A (Nor_gate)
                  0.19    0.18    4.99 ^ _3583_/Y (Nor_gate)
     3    0.01                           _0555_ (net)
                  0.19    0.00    4.99 ^ _3773_/A (Nand_gate)
                  0.07    0.10    5.09 v _3773_/Y (Nand_gate)
     2    0.01                           _0760_ (net)
                  0.07    0.00    5.09 v _3872_/A (Nor_gate)
                  0.06    0.08    5.17 ^ _3872_/Y (Nor_gate)
     1    0.00                           _0867_ (net)
                  0.06    0.00    5.17 ^ _3873_/B (Nor_gate)
                  0.05    0.05    5.22 v _3873_/Y (Nor_gate)
     2    0.01                           _0868_ (net)
                  0.05    0.00    5.22 v _3922_/A (Nor_gate)
                  0.14    0.14    5.35 ^ _3922_/Y (Nor_gate)
     2    0.01                           _0921_ (net)
                  0.14    0.00    5.35 ^ _3923_/B (Xnor)
                  0.32    0.30    5.66 ^ _3923_/Y (Xnor)
     3    0.01                           _0922_ (net)
                  0.32    0.00    5.66 ^ _3924_/B (Xnor)
                  0.28    0.30    5.96 ^ _3924_/Y (Xnor)
     3    0.01                           _0923_ (net)
                  0.28    0.00    5.96 ^ _3959_/B (Nor_gate)
                  0.07    0.10    6.06 v _3959_/Y (Nor_gate)
     3    0.01                           _0961_ (net)
                  0.07    0.00    6.06 v _3964_/B (Nand_gate)
                  0.05    0.05    6.11 ^ _3964_/Y (Nand_gate)
     1    0.00                           _0966_ (net)
                  0.05    0.00    6.11 ^ _3970_/A (Nand_gate)
                  0.05    0.06    6.17 v _3970_/Y (Nand_gate)
     2    0.01                           _0973_ (net)
                  0.05    0.00    6.17 v _4080_/A (inverter)
                  0.04    0.04    6.21 ^ _4080_/Y (inverter)
     1    0.00                           _1092_ (net)
                  0.04    0.00    6.21 ^ _4081_/B (Nand_gate)
                  0.03    0.04    6.25 v _4081_/Y (Nand_gate)
     1    0.00                           _1093_ (net)
                  0.03    0.00    6.25 v _4082_/B (Nor_gate)
                  0.21    0.17    6.42 ^ _4082_/Y (Nor_gate)
     2    0.01                           _1094_ (net)
                  0.21    0.00    6.42 ^ _4167_/A (Nor_gate)
                  0.04    0.06    6.49 v _4167_/Y (Nor_gate)
     1    0.00                           _1185_ (net)
                  0.04    0.00    6.49 v _4176_/A (Nor_gate)
                  0.14    0.13    6.62 ^ _4176_/Y (Nor_gate)
     2    0.01                           _1195_ (net)
                  0.14    0.00    6.62 ^ _4183_/A (Nor_gate)
                  0.05    0.07    6.69 v _4183_/Y (Nor_gate)
     3    0.01                           _1203_ (net)
                  0.05    0.00    6.69 v _4184_/B (Nor_gate)
                  0.08    0.08    6.77 ^ _4184_/Y (Nor_gate)
     1    0.00                           _1204_ (net)
                  0.08    0.00    6.77 ^ _4185_/B (Nand_gate)
                  0.04    0.05    6.82 v _4185_/Y (Nand_gate)
     1    0.00                           _1205_ (net)
                  0.04    0.00    6.82 v _4216_/A (Nand_gate)
                  0.04    0.05    6.87 ^ _4216_/Y (Nand_gate)
     1    0.00                           _1239_ (net)
                  0.04    0.00    6.87 ^ _4217_/A (sky130_fd_sc_hd__clkbuf_2)
                  0.12    0.17    7.03 ^ _4217_/X (sky130_fd_sc_hd__clkbuf_2)
     2    0.02                           net89 (net)
                  0.12    0.00    7.04 ^ output89/A (sky130_fd_sc_hd__clkbuf_4)
                  0.11    0.22    7.26 ^ output89/X (sky130_fd_sc_hd__clkbuf_4)
     1    0.03                           result[28] (net)
                  0.11    0.00    7.26 ^ result[28] (out)
                                  7.26   data arrival time

                  0.00   20.00   20.00   clock clk (rise edge)
                          0.00   20.00   clock network delay (ideal)
                         -0.25   19.75   clock uncertainty
                          0.00   19.75   clock reconvergence pessimism
                         -4.00   15.75   output external delay
                                 15.75   data required time
-----------------------------------------------------------------------------
                                 15.75   data required time
                                 -7.26   data arrival time
-----------------------------------------------------------------------------
                                  8.49   slack (MET)


Startpoint: b[2] (input port clocked by clk)
Endpoint: result[27] (output port clocked by clk)
Path Group: clk
Path Type: max

Fanout     Cap    Slew   Delay    Time   Description
-----------------------------------------------------------------------------
                  0.00    0.00    0.00   clock clk (rise edge)
                          0.00    0.00   clock network delay (ideal)
                          4.00    4.00 v input external delay
                  0.01    0.01    4.01 v b[2] (in)
     1    0.00                           b[2] (net)
                  0.01    0.00    4.01 v input59/A (sky130_fd_sc_hd__buf_1)
                  0.05    0.10    4.11 v input59/X (sky130_fd_sc_hd__buf_1)
     2    0.01                           net59 (net)
                  0.05    0.00    4.11 v _2329_/A (sky130_fd_sc_hd__clkbuf_4)
                  0.09    0.21    4.31 v _2329_/X (sky130_fd_sc_hd__clkbuf_4)
    10    0.04                           _1438_ (net)
                  0.09    0.00    4.32 v _2589_/A (Nor_gate)
                  0.14    0.14    4.46 ^ _2589_/Y (Nor_gate)
     3    0.01                           _1698_ (net)
                  0.14    0.00    4.46 ^ _2590_/B (Nand_gate)
                  0.08    0.09    4.55 v _2590_/Y (Nand_gate)
     4    0.01                           _1699_ (net)
                  0.08    0.00    4.55 v _3101_/A (Nor_gate)
                  0.14    0.13    4.69 ^ _3101_/Y (Nor_gate)
     3    0.01                           _0033_ (net)
                  0.14    0.00    4.69 ^ _3331_/A (Nand_gate)
                  0.10    0.12    4.81 v _3331_/Y (Nand_gate)
     4    0.01                           _0282_ (net)
                  0.10    0.00    4.81 v _3583_/A (Nor_gate)
                  0.19    0.18    4.99 ^ _3583_/Y (Nor_gate)
     3    0.01                           _0555_ (net)
                  0.19    0.00    4.99 ^ _3773_/A (Nand_gate)
                  0.07    0.10    5.09 v _3773_/Y (Nand_gate)
     2    0.01                           _0760_ (net)
                  0.07    0.00    5.09 v _3872_/A (Nor_gate)
                  0.06    0.08    5.17 ^ _3872_/Y (Nor_gate)
     1    0.00                           _0867_ (net)
                  0.06    0.00    5.17 ^ _3873_/B (Nor_gate)
                  0.05    0.05    5.22 v _3873_/Y (Nor_gate)
     2    0.01                           _0868_ (net)
                  0.05    0.00    5.22 v _3922_/A (Nor_gate)
                  0.14    0.14    5.35 ^ _3922_/Y (Nor_gate)
     2    0.01                           _0921_ (net)
                  0.14    0.00    5.35 ^ _3923_/B (Xnor)
                  0.32    0.30    5.66 ^ _3923_/Y (Xnor)
     3    0.01                           _0922_ (net)
                  0.32    0.00    5.66 ^ _3924_/B (Xnor)
                  0.28    0.30    5.96 ^ _3924_/Y (Xnor)
     3    0.01                           _0923_ (net)
                  0.28    0.00    5.96 ^ _3959_/B (Nor_gate)
                  0.07    0.10    6.06 v _3959_/Y (Nor_gate)
     3    0.01                           _0961_ (net)
                  0.07    0.00    6.06 v _3964_/B (Nand_gate)
                  0.05    0.05    6.11 ^ _3964_/Y (Nand_gate)
     1    0.00                           _0966_ (net)
                  0.05    0.00    6.11 ^ _3970_/A (Nand_gate)
                  0.05    0.06    6.17 v _3970_/Y (Nand_gate)
     2    0.01                           _0973_ (net)
                  0.05    0.00    6.17 v _4080_/A (inverter)
                  0.04    0.04    6.21 ^ _4080_/Y (inverter)
     1    0.00                           _1092_ (net)
                  0.04    0.00    6.21 ^ _4081_/B (Nand_gate)
                  0.03    0.04    6.25 v _4081_/Y (Nand_gate)
     1    0.00                           _1093_ (net)
                  0.03    0.00    6.25 v _4082_/B (Nor_gate)
                  0.21    0.17    6.42 ^ _4082_/Y (Nor_gate)
     2    0.01                           _1094_ (net)
                  0.21    0.00    6.42 ^ _4084_/A (Nor_gate)
                  0.04    0.07    6.49 v _4084_/Y (Nor_gate)
     1    0.00                           _1096_ (net)
                  0.04    0.00    6.49 v _4085_/B (Nor_gate)
                  0.12    0.10    6.59 ^ _4085_/Y (Nor_gate)
     2    0.01                           _1097_ (net)
                  0.12    0.00    6.59 ^ _4086_/B (Nor_gate)
                  0.06    0.06    6.65 v _4086_/Y (Nor_gate)
     2    0.01                           _1098_ (net)
                  0.06    0.00    6.65 v _4125_/B (Nor_gate)
                  0.11    0.10    6.75 ^ _4125_/Y (Nor_gate)
     2    0.01                           _1140_ (net)
                  0.11    0.00    6.75 ^ _4127_/B (Nand_gate)
                  0.05    0.06    6.81 v _4127_/Y (Nand_gate)
     1    0.00                           _1142_ (net)
                  0.05    0.00    6.81 v _4128_/B (Nand_gate)
                  0.04    0.04    6.85 ^ _4128_/Y (Nand_gate)
     1    0.00                           _1144_ (net)
                  0.04    0.00    6.85 ^ _4129_/B (Nor_gate)
                  0.03    0.03    6.88 v _4129_/Y (Nor_gate)
     1    0.00                           _1145_ (net)
                  0.03    0.00    6.88 v _4160_/A (Nor_gate)
                  0.10    0.10    6.98 ^ _4160_/Y (Nor_gate)
     2    0.00                           _1179_ (net)
                  0.10    0.00    6.98 ^ _4161_/A (inverter)
                  0.03    0.03    7.01 v _4161_/Y (inverter)
     1    0.00                           net88 (net)
                  0.03    0.00    7.01 v output88/A (sky130_fd_sc_hd__buf_2)
                  0.09    0.18    7.19 v output88/X (sky130_fd_sc_hd__buf_2)
     1    0.03                           result[27] (net)
                  0.09    0.00    7.19 v result[27] (out)
                                  7.19   data arrival time

                  0.00   20.00   20.00   clock clk (rise edge)
                          0.00   20.00   clock network delay (ideal)
                         -0.25   19.75   clock uncertainty
                          0.00   19.75   clock reconvergence pessimism
                         -4.00   15.75   output external delay
                                 15.75   data required time
-----------------------------------------------------------------------------
                                 15.75   data required time
                                 -7.19   data arrival time
-----------------------------------------------------------------------------
                                  8.56   slack (MET)


Startpoint: alu_control[2] (input port clocked by clk)
Endpoint: result[23] (output port clocked by clk)
Path Group: clk
Path Type: max

Fanout     Cap    Slew   Delay    Time   Description
-----------------------------------------------------------------------------
                  0.00    0.00    0.00   clock clk (rise edge)
                          0.00    0.00   clock network delay (ideal)
                          4.00    4.00 v input external delay
                  0.02    0.01    4.01 v alu_control[2] (in)
     1    0.01                           alu_control[2] (net)
                  0.02    0.00    4.01 v input35/A (sky130_fd_sc_hd__clkbuf_2)
                  0.10    0.15    4.17 v input35/X (sky130_fd_sc_hd__clkbuf_2)
     5    0.02                           net35 (net)
                  0.10    0.00    4.17 v _2536_/A (inverter)
                  0.12    0.11    4.28 ^ _2536_/Y (inverter)
     4    0.01                           _1645_ (net)
                  0.12    0.00    4.28 ^ _2571_/A (Nand_gate)
                  0.08    0.10    4.38 v _2571_/Y (Nand_gate)
     4    0.01                           _1680_ (net)
                  0.08    0.00    4.38 v _2669_/B (Nor_gate)
                  0.17    0.15    4.53 ^ _2669_/Y (Nor_gate)
     3    0.01                           _1777_ (net)
                  0.17    0.00    4.54 ^ _2706_/A (sky130_fd_sc_hd__clkbuf_4)
                  0.08    0.22    4.75 ^ _2706_/X (sky130_fd_sc_hd__clkbuf_4)
    10    0.02                           _1813_ (net)
                  0.08    0.00    4.75 ^ _2969_/A (Nor_gate)
                  0.05    0.06    4.81 v _2969_/Y (Nor_gate)
     2    0.01                           _2072_ (net)
                  0.05    0.00    4.81 v _3033_/A (Nor_gate)
                  0.11    0.11    4.93 ^ _3033_/Y (Nor_gate)
     1    0.01                           _2135_ (net)
                  0.11    0.00    4.93 ^ _3034_/B (Xnor)
                  0.35    0.32    5.25 ^ _3034_/Y (Xnor)
     3    0.01                           _2136_ (net)
                  0.35    0.00    5.25 ^ _3035_/B (Xnor)
                  0.30    0.31    5.56 ^ _3035_/Y (Xnor)
     3    0.01                           _2137_ (net)
                  0.30    0.00    5.56 ^ _3083_/B (Nand_gate)
                  0.09    0.13    5.69 v _3083_/Y (Nand_gate)
     3    0.01                           _0014_ (net)
                  0.09    0.00    5.69 v _3084_/B (Nor_gate)
                  0.12    0.12    5.81 ^ _3084_/Y (Nor_gate)
     2    0.01                           _0015_ (net)
                  0.12    0.00    5.81 ^ _3085_/B (Nand_gate)
                  0.04    0.06    5.87 v _3085_/Y (Nand_gate)
     1    0.00                           _0016_ (net)
                  0.04    0.00    5.87 v _3098_/A (Nand_gate)
                  0.07    0.07    5.94 ^ _3098_/Y (Nand_gate)
     3    0.01                           _0030_ (net)
                  0.07    0.00    5.94 ^ _3342_/A (Nand_gate)
                  0.06    0.07    6.01 v _3342_/Y (Nand_gate)
     2    0.01                           _0294_ (net)
                  0.06    0.00    6.01 v _3679_/A (Nor_gate)
                  0.09    0.10    6.11 ^ _3679_/Y (Nor_gate)
     1    0.00                           _0659_ (net)
                  0.09    0.00    6.11 ^ _3690_/A (Nor_gate)
                  0.07    0.09    6.20 v _3690_/Y (Nor_gate)
     3    0.02                           _0671_ (net)
                  0.07    0.00    6.20 v _3883_/A (Nor_gate)
                  0.07    0.09    6.29 ^ _3883_/Y (Nor_gate)
     1    0.00                           _0879_ (net)
                  0.07    0.00    6.29 ^ _3884_/B (Nor_gate)
                  0.03    0.04    6.32 v _3884_/Y (Nor_gate)
     1    0.00                           _0880_ (net)
                  0.03    0.00    6.32 v _3886_/A (Nor_gate)
                  0.08    0.08    6.41 ^ _3886_/Y (Nor_gate)
     1    0.00                           _0882_ (net)
                  0.08    0.00    6.41 ^ _3887_/B (Nor_gate)
                  0.04    0.05    6.45 v _3887_/Y (Nor_gate)
     2    0.01                           _0883_ (net)
                  0.04    0.00    6.45 v _3888_/B (Nor_gate)
                  0.12    0.11    6.56 ^ _3888_/Y (Nor_gate)
     2    0.01                           _0885_ (net)
                  0.12    0.00    6.56 ^ _3927_/B (Nor_gate)
                  0.04    0.06    6.62 v _3927_/Y (Nor_gate)
     2    0.01                           _0926_ (net)
                  0.04    0.00    6.62 v _3929_/B (Nand_gate)
                  0.05    0.04    6.66 ^ _3929_/Y (Nand_gate)
     1    0.00                           _0929_ (net)
                  0.05    0.00    6.66 ^ _3930_/B (Nand_gate)
                  0.04    0.05    6.70 v _3930_/Y (Nand_gate)
     1    0.00                           _0930_ (net)
                  0.04    0.00    6.70 v _3931_/B (Nor_gate)
                  0.07    0.07    6.77 ^ _3931_/Y (Nor_gate)
     1    0.00                           _0931_ (net)
                  0.07    0.00    6.77 ^ _3956_/A (Nor_gate)
                  0.03    0.05    6.82 v _3956_/Y (Nor_gate)
     2    0.00                           _0958_ (net)
                  0.03    0.00    6.82 v _3957_/A (inverter)
                  0.08    0.07    6.89 ^ _3957_/Y (inverter)
     1    0.01                           net84 (net)
                  0.08    0.00    6.89 ^ output84/A (sky130_fd_sc_hd__clkbuf_4)
                  0.11    0.21    7.10 ^ output84/X (sky130_fd_sc_hd__clkbuf_4)
     1    0.03                           result[23] (net)
                  0.11    0.00    7.10 ^ result[23] (out)
                                  7.10   data arrival time

                  0.00   20.00   20.00   clock clk (rise edge)
                          0.00   20.00   clock network delay (ideal)
                         -0.25   19.75   clock uncertainty
                          0.00   19.75   clock reconvergence pessimism
                         -4.00   15.75   output external delay
                                 15.75   data required time
-----------------------------------------------------------------------------
                                 15.75   data required time
                                 -7.10   data arrival time
-----------------------------------------------------------------------------
                                  8.65   slack (MET)


Startpoint: alu_control[2] (input port clocked by clk)
Endpoint: result[21] (output port clocked by clk)
Path Group: clk
Path Type: max

Fanout     Cap    Slew   Delay    Time   Description
-----------------------------------------------------------------------------
                  0.00    0.00    0.00   clock clk (rise edge)
                          0.00    0.00   clock network delay (ideal)
                          4.00    4.00 v input external delay
                  0.02    0.01    4.01 v alu_control[2] (in)
     1    0.01                           alu_control[2] (net)
                  0.02    0.00    4.01 v input35/A (sky130_fd_sc_hd__clkbuf_2)
                  0.10    0.15    4.17 v input35/X (sky130_fd_sc_hd__clkbuf_2)
     5    0.02                           net35 (net)
                  0.10    0.00    4.17 v _2536_/A (inverter)
                  0.12    0.11    4.28 ^ _2536_/Y (inverter)
     4    0.01                           _1645_ (net)
                  0.12    0.00    4.28 ^ _2571_/A (Nand_gate)
                  0.08    0.10    4.38 v _2571_/Y (Nand_gate)
     4    0.01                           _1680_ (net)
                  0.08    0.00    4.38 v _2669_/B (Nor_gate)
                  0.17    0.15    4.53 ^ _2669_/Y (Nor_gate)
     3    0.01                           _1777_ (net)
                  0.17    0.00    4.54 ^ _2706_/A (sky130_fd_sc_hd__clkbuf_4)
                  0.08    0.22    4.75 ^ _2706_/X (sky130_fd_sc_hd__clkbuf_4)
    10    0.02                           _1813_ (net)
                  0.08    0.00    4.75 ^ _3398_/A (sky130_fd_sc_hd__clkbuf_4)
                  0.12    0.22    4.97 ^ _3398_/X (sky130_fd_sc_hd__clkbuf_4)
    10    0.04                           _0355_ (net)
                  0.12    0.00    4.97 ^ _3512_/B (Nor_gate)
                  0.03    0.04    5.01 v _3512_/Y (Nor_gate)
     1    0.00                           _0478_ (net)
                  0.03    0.00    5.01 v _3513_/B (Nor_gate)
                  0.10    0.09    5.10 ^ _3513_/Y (Nor_gate)
     1    0.01                           _0479_ (net)
                  0.10    0.00    5.10 ^ _3514_/B (Xnor)
                  0.32    0.30    5.40 ^ _3514_/Y (Xnor)
     3    0.01                           _0480_ (net)
                  0.32    0.00    5.41 ^ _3515_/B (Xnor)
                  0.37    0.36    5.77 ^ _3515_/Y (Xnor)
     4    0.01                           _0481_ (net)
                  0.37    0.00    5.77 ^ _3567_/A (inverter)
                  0.06    0.06    5.83 v _3567_/Y (inverter)
     1    0.00                           _0537_ (net)
                  0.06    0.00    5.83 v _3568_/B (Nor_gate)
                  0.14    0.13    5.95 ^ _3568_/Y (Nor_gate)
     2    0.01                           _0539_ (net)
                  0.14    0.00    5.95 ^ _3569_/B (Nand_gate)
                  0.05    0.08    6.03 v _3569_/Y (Nand_gate)
     2    0.01                           _0540_ (net)
                  0.05    0.00    6.03 v _3570_/B (Nor_gate)
                  0.08    0.08    6.11 ^ _3570_/Y (Nor_gate)
     1    0.00                           _0541_ (net)
                  0.08    0.00    6.11 ^ _3579_/A (Nor_gate)
                  0.03    0.04    6.15 v _3579_/Y (Nor_gate)
     1    0.00                           _0551_ (net)
                  0.03    0.00    6.15 v _3580_/B (Nand_gate)
                  0.15    0.12    6.27 ^ _3580_/Y (Nand_gate)
     4    0.02                           _0552_ (net)
                  0.15    0.00    6.27 ^ _3794_/A (Nand_gate)
                  0.04    0.06    6.33 v _3794_/Y (Nand_gate)
     1    0.00                           _0783_ (net)
                  0.04    0.00    6.33 v _3795_/B (Nand_gate)
                  0.07    0.06    6.39 ^ _3795_/Y (Nand_gate)
     2    0.01                           _0784_ (net)
                  0.07    0.00    6.39 ^ _3797_/B (Nand_gate)
                  0.05    0.06    6.45 v _3797_/Y (Nand_gate)
     2    0.01                           _0786_ (net)
                  0.05    0.00    6.45 v _3835_/B (Nand_gate)
                  0.06    0.06    6.51 ^ _3835_/Y (Nand_gate)
     2    0.01                           _0827_ (net)
                  0.06    0.00    6.51 ^ _3837_/B (Nand_gate)
                  0.04    0.04    6.55 v _3837_/Y (Nand_gate)
     1    0.00                           _0829_ (net)
                  0.04    0.00    6.56 v _3838_/B (Nand_gate)
                  0.04    0.04    6.59 ^ _3838_/Y (Nand_gate)
     1    0.00                           _0831_ (net)
                  0.04    0.00    6.59 ^ _3839_/B (Nor_gate)
                  0.03    0.03    6.62 v _3839_/Y (Nor_gate)
     1    0.00                           _0832_ (net)
                  0.03    0.00    6.62 v _3868_/A (Nor_gate)
                  0.26    0.22    6.85 ^ _3868_/Y (Nor_gate)
     2    0.02                           _0864_ (net)
                  0.26    0.00    6.85 ^ _3869_/A (inverter)
                  0.05    0.05    6.90 v _3869_/Y (inverter)
     1    0.00                           net82 (net)
                  0.05    0.00    6.90 v output82/A (sky130_fd_sc_hd__clkbuf_4)
                  0.08    0.19    7.10 v output82/X (sky130_fd_sc_hd__clkbuf_4)
     1    0.03                           result[21] (net)
                  0.08    0.00    7.10 v result[21] (out)
                                  7.10   data arrival time

                  0.00   20.00   20.00   clock clk (rise edge)
                          0.00   20.00   clock network delay (ideal)
                         -0.25   19.75   clock uncertainty
                          0.00   19.75   clock reconvergence pessimism
                         -4.00   15.75   output external delay
                                 15.75   data required time
-----------------------------------------------------------------------------
                                 15.75   data required time
                                 -7.10   data arrival time
-----------------------------------------------------------------------------
                                  8.65   slack (MET)


Startpoint: alu_control[2] (input port clocked by clk)
Endpoint: result[24] (output port clocked by clk)
Path Group: clk
Path Type: max

Fanout     Cap    Slew   Delay    Time   Description
-----------------------------------------------------------------------------
                  0.00    0.00    0.00   clock clk (rise edge)
                          0.00    0.00   clock network delay (ideal)
                          4.00    4.00 v input external delay
                  0.02    0.01    4.01 v alu_control[2] (in)
     1    0.01                           alu_control[2] (net)
                  0.02    0.00    4.01 v input35/A (sky130_fd_sc_hd__clkbuf_2)
                  0.10    0.15    4.17 v input35/X (sky130_fd_sc_hd__clkbuf_2)
     5    0.02                           net35 (net)
                  0.10    0.00    4.17 v _2536_/A (inverter)
                  0.12    0.11    4.28 ^ _2536_/Y (inverter)
     4    0.01                           _1645_ (net)
                  0.12    0.00    4.28 ^ _2571_/A (Nand_gate)
                  0.08    0.10    4.38 v _2571_/Y (Nand_gate)
     4    0.01                           _1680_ (net)
                  0.08    0.00    4.38 v _2669_/B (Nor_gate)
                  0.17    0.15    4.53 ^ _2669_/Y (Nor_gate)
     3    0.01                           _1777_ (net)
                  0.17    0.00    4.54 ^ _2706_/A (sky130_fd_sc_hd__clkbuf_4)
                  0.08    0.22    4.75 ^ _2706_/X (sky130_fd_sc_hd__clkbuf_4)
    10    0.02                           _1813_ (net)
                  0.08    0.00    4.75 ^ _3398_/A (sky130_fd_sc_hd__clkbuf_4)
                  0.12    0.22    4.97 ^ _3398_/X (sky130_fd_sc_hd__clkbuf_4)
    10    0.04                           _0355_ (net)
                  0.12    0.00    4.97 ^ _3512_/B (Nor_gate)
                  0.03    0.04    5.01 v _3512_/Y (Nor_gate)
     1    0.00                           _0478_ (net)
                  0.03    0.00    5.01 v _3513_/B (Nor_gate)
                  0.10    0.09    5.10 ^ _3513_/Y (Nor_gate)
     1    0.01                           _0479_ (net)
                  0.10    0.00    5.10 ^ _3514_/B (Xnor)
                  0.32    0.30    5.40 ^ _3514_/Y (Xnor)
     3    0.01                           _0480_ (net)
                  0.32    0.00    5.41 ^ _3515_/B (Xnor)
                  0.37    0.36    5.77 ^ _3515_/Y (Xnor)
     4    0.01                           _0481_ (net)
                  0.37    0.00    5.77 ^ _3567_/A (inverter)
                  0.06    0.06    5.83 v _3567_/Y (inverter)
     1    0.00                           _0537_ (net)
                  0.06    0.00    5.83 v _3568_/B (Nor_gate)
                  0.14    0.13    5.95 ^ _3568_/Y (Nor_gate)
     2    0.01                           _0539_ (net)
                  0.14    0.00    5.95 ^ _3569_/B (Nand_gate)
                  0.05    0.08    6.03 v _3569_/Y (Nand_gate)
     2    0.01                           _0540_ (net)
                  0.05    0.00    6.03 v _3570_/B (Nor_gate)
                  0.08    0.08    6.11 ^ _3570_/Y (Nor_gate)
     1    0.00                           _0541_ (net)
                  0.08    0.00    6.11 ^ _3579_/A (Nor_gate)
                  0.03    0.04    6.15 v _3579_/Y (Nor_gate)
     1    0.00                           _0551_ (net)
                  0.03    0.00    6.15 v _3580_/B (Nand_gate)
                  0.15    0.12    6.27 ^ _3580_/Y (Nand_gate)
     4    0.02                           _0552_ (net)
                  0.15    0.00    6.27 ^ _3962_/A (Nand_gate)
                  0.04    0.07    6.33 v _3962_/Y (Nand_gate)
     1    0.00                           _0964_ (net)
                  0.04    0.00    6.33 v _3972_/A (Nand_gate)
                  0.10    0.09    6.42 ^ _3972_/Y (Nand_gate)
     2    0.01                           _0975_ (net)
                  0.10    0.00    6.42 ^ _3981_/A (Nor_gate)
                  0.03    0.04    6.47 v _3981_/Y (Nor_gate)
     1    0.00                           _0985_ (net)
                  0.03    0.00    6.47 v _3982_/B (Nor_gate)
                  0.07    0.07    6.53 ^ _3982_/Y (Nor_gate)
     1    0.00                           _0986_ (net)
                  0.07    0.00    6.53 ^ _3983_/B (Nand_gate)
                  0.04    0.05    6.58 v _3983_/Y (Nand_gate)
     1    0.00                           _0987_ (net)
                  0.04    0.00    6.58 v _4019_/A (Nand_gate)
                  0.04    0.04    6.63 ^ _4019_/Y (Nand_gate)
     1    0.00                           _1027_ (net)
                  0.04    0.00    6.63 ^ _4020_/A (sky130_fd_sc_hd__dlymetal6s2s_1)
                  0.18    0.19    6.82 ^ _4020_/X (sky130_fd_sc_hd__dlymetal6s2s_1)
     2    0.02                           net85 (net)
                  0.18    0.00    6.82 ^ output85/A (sky130_fd_sc_hd__clkbuf_4)
                  0.11    0.25    7.07 ^ output85/X (sky130_fd_sc_hd__clkbuf_4)
     1    0.03                           result[24] (net)
                  0.11    0.00    7.07 ^ result[24] (out)
                                  7.07   data arrival time

                  0.00   20.00   20.00   clock clk (rise edge)
                          0.00   20.00   clock network delay (ideal)
                         -0.25   19.75   clock uncertainty
                          0.00   19.75   clock reconvergence pessimism
                         -4.00   15.75   output external delay
                                 15.75   data required time
-----------------------------------------------------------------------------
                                 15.75   data required time
                                 -7.07   data arrival time
-----------------------------------------------------------------------------
                                  8.68   slack (MET)


Startpoint: alu_control[2] (input port clocked by clk)
Endpoint: result[22] (output port clocked by clk)
Path Group: clk
Path Type: max

Fanout     Cap    Slew   Delay    Time   Description
-----------------------------------------------------------------------------
                  0.00    0.00    0.00   clock clk (rise edge)
                          0.00    0.00   clock network delay (ideal)
                          4.00    4.00 v input external delay
                  0.02    0.01    4.01 v alu_control[2] (in)
     1    0.01                           alu_control[2] (net)
                  0.02    0.00    4.01 v input35/A (sky130_fd_sc_hd__clkbuf_2)
                  0.10    0.15    4.17 v input35/X (sky130_fd_sc_hd__clkbuf_2)
     5    0.02                           net35 (net)
                  0.10    0.00    4.17 v _2536_/A (inverter)
                  0.12    0.11    4.28 ^ _2536_/Y (inverter)
     4    0.01                           _1645_ (net)
                  0.12    0.00    4.28 ^ _2571_/A (Nand_gate)
                  0.08    0.10    4.38 v _2571_/Y (Nand_gate)
     4    0.01                           _1680_ (net)
                  0.08    0.00    4.38 v _2669_/B (Nor_gate)
                  0.17    0.15    4.53 ^ _2669_/Y (Nor_gate)
     3    0.01                           _1777_ (net)
                  0.17    0.00    4.54 ^ _2706_/A (sky130_fd_sc_hd__clkbuf_4)
                  0.08    0.22    4.75 ^ _2706_/X (sky130_fd_sc_hd__clkbuf_4)
    10    0.02                           _1813_ (net)
                  0.08    0.00    4.75 ^ _2969_/A (Nor_gate)
                  0.05    0.06    4.81 v _2969_/Y (Nor_gate)
     2    0.01                           _2072_ (net)
                  0.05    0.00    4.81 v _3033_/A (Nor_gate)
                  0.11    0.11    4.93 ^ _3033_/Y (Nor_gate)
     1    0.01                           _2135_ (net)
                  0.11    0.00    4.93 ^ _3034_/B (Xnor)
                  0.35    0.32    5.25 ^ _3034_/Y (Xnor)
     3    0.01                           _2136_ (net)
                  0.35    0.00    5.25 ^ _3035_/B (Xnor)
                  0.30    0.31    5.56 ^ _3035_/Y (Xnor)
     3    0.01                           _2137_ (net)
                  0.30    0.00    5.56 ^ _3083_/B (Nand_gate)
                  0.09    0.13    5.69 v _3083_/Y (Nand_gate)
     3    0.01                           _0014_ (net)
                  0.09    0.00    5.69 v _3084_/B (Nor_gate)
                  0.12    0.12    5.81 ^ _3084_/Y (Nor_gate)
     2    0.01                           _0015_ (net)
                  0.12    0.00    5.81 ^ _3085_/B (Nand_gate)
                  0.04    0.06    5.87 v _3085_/Y (Nand_gate)
     1    0.00                           _0016_ (net)
                  0.04    0.00    5.87 v _3098_/A (Nand_gate)
                  0.07    0.07    5.94 ^ _3098_/Y (Nand_gate)
     3    0.01                           _0030_ (net)
                  0.07    0.00    5.94 ^ _3342_/A (Nand_gate)
                  0.06    0.07    6.01 v _3342_/Y (Nand_gate)
     2    0.01                           _0294_ (net)
                  0.06    0.00    6.01 v _3679_/A (Nor_gate)
                  0.09    0.10    6.11 ^ _3679_/Y (Nor_gate)
     1    0.00                           _0659_ (net)
                  0.09    0.00    6.11 ^ _3690_/A (Nor_gate)
                  0.07    0.09    6.20 v _3690_/Y (Nor_gate)
     3    0.02                           _0671_ (net)
                  0.07    0.00    6.20 v _3883_/A (Nor_gate)
                  0.07    0.09    6.29 ^ _3883_/Y (Nor_gate)
     1    0.00                           _0879_ (net)
                  0.07    0.00    6.29 ^ _3884_/B (Nor_gate)
                  0.03    0.04    6.32 v _3884_/Y (Nor_gate)
     1    0.00                           _0880_ (net)
                  0.03    0.00    6.32 v _3886_/A (Nor_gate)
                  0.08    0.08    6.41 ^ _3886_/Y (Nor_gate)
     1    0.00                           _0882_ (net)
                  0.08    0.00    6.41 ^ _3887_/B (Nor_gate)
                  0.04    0.05    6.45 v _3887_/Y (Nor_gate)
     2    0.01                           _0883_ (net)
                  0.04    0.00    6.45 v _3888_/B (Nor_gate)
                  0.12    0.11    6.56 ^ _3888_/Y (Nor_gate)
     2    0.01                           _0885_ (net)
                  0.12    0.00    6.56 ^ _3891_/A (Nor_gate)
                  0.03    0.05    6.61 v _3891_/Y (Nor_gate)
     1    0.00                           _0888_ (net)
                  0.03    0.00    6.61 v _3919_/A (Nor_gate)
                  0.24    0.20    6.81 ^ _3919_/Y (Nor_gate)
     2    0.01                           _0919_ (net)
                  0.24    0.00    6.81 ^ _3920_/A (inverter)
                  0.05    0.05    6.87 v _3920_/Y (inverter)
     1    0.00                           net83 (net)
                  0.05    0.00    6.87 v output83/A (sky130_fd_sc_hd__clkbuf_4)
                  0.08    0.19    7.06 v output83/X (sky130_fd_sc_hd__clkbuf_4)
     1    0.03                           result[22] (net)
                  0.08    0.00    7.06 v result[22] (out)
                                  7.06   data arrival time

                  0.00   20.00   20.00   clock clk (rise edge)
                          0.00   20.00   clock network delay (ideal)
                         -0.25   19.75   clock uncertainty
                          0.00   19.75   clock reconvergence pessimism
                         -4.00   15.75   output external delay
                                 15.75   data required time
-----------------------------------------------------------------------------
                                 15.75   data required time
                                 -7.06   data arrival time
-----------------------------------------------------------------------------
                                  8.69   slack (MET)


Startpoint: alu_control[2] (input port clocked by clk)
Endpoint: result[17] (output port clocked by clk)
Path Group: clk
Path Type: max

Fanout     Cap    Slew   Delay    Time   Description
-----------------------------------------------------------------------------
                  0.00    0.00    0.00   clock clk (rise edge)
                          0.00    0.00   clock network delay (ideal)
                          4.00    4.00 v input external delay
                  0.02    0.01    4.01 v alu_control[2] (in)
     1    0.01                           alu_control[2] (net)
                  0.02    0.00    4.01 v input35/A (sky130_fd_sc_hd__clkbuf_2)
                  0.10    0.15    4.17 v input35/X (sky130_fd_sc_hd__clkbuf_2)
     5    0.02                           net35 (net)
                  0.10    0.00    4.17 v _2536_/A (inverter)
                  0.12    0.11    4.28 ^ _2536_/Y (inverter)
     4    0.01                           _1645_ (net)
                  0.12    0.00    4.28 ^ _2571_/A (Nand_gate)
                  0.08    0.10    4.38 v _2571_/Y (Nand_gate)
     4    0.01                           _1680_ (net)
                  0.08    0.00    4.38 v _2669_/B (Nor_gate)
                  0.17    0.15    4.53 ^ _2669_/Y (Nor_gate)
     3    0.01                           _1777_ (net)
                  0.17    0.00    4.54 ^ _2706_/A (sky130_fd_sc_hd__clkbuf_4)
                  0.08    0.22    4.75 ^ _2706_/X (sky130_fd_sc_hd__clkbuf_4)
    10    0.02                           _1813_ (net)
                  0.08    0.00    4.75 ^ _3398_/A (sky130_fd_sc_hd__clkbuf_4)
                  0.12    0.22    4.97 ^ _3398_/X (sky130_fd_sc_hd__clkbuf_4)
    10    0.04                           _0355_ (net)
                  0.12    0.00    4.97 ^ _3512_/B (Nor_gate)
                  0.03    0.04    5.01 v _3512_/Y (Nor_gate)
     1    0.00                           _0478_ (net)
                  0.03    0.00    5.01 v _3513_/B (Nor_gate)
                  0.10    0.09    5.10 ^ _3513_/Y (Nor_gate)
     1    0.01                           _0479_ (net)
                  0.10    0.00    5.10 ^ _3514_/B (Xnor)
                  0.32    0.30    5.40 ^ _3514_/Y (Xnor)
     3    0.01                           _0480_ (net)
                  0.32    0.00    5.41 ^ _3515_/B (Xnor)
                  0.37    0.36    5.77 ^ _3515_/Y (Xnor)
     4    0.01                           _0481_ (net)
                  0.37    0.00    5.77 ^ _3567_/A (inverter)
                  0.06    0.06    5.83 v _3567_/Y (inverter)
     1    0.00                           _0537_ (net)
                  0.06    0.00    5.83 v _3568_/B (Nor_gate)
                  0.14    0.13    5.95 ^ _3568_/Y (Nor_gate)
     2    0.01                           _0539_ (net)
                  0.14    0.00    5.95 ^ _3569_/B (Nand_gate)
                  0.05    0.08    6.03 v _3569_/Y (Nand_gate)
     2    0.01                           _0540_ (net)
                  0.05    0.00    6.03 v _3570_/B (Nor_gate)
                  0.08    0.08    6.11 ^ _3570_/Y (Nor_gate)
     1    0.00                           _0541_ (net)
                  0.08    0.00    6.11 ^ _3579_/A (Nor_gate)
                  0.03    0.04    6.15 v _3579_/Y (Nor_gate)
     1    0.00                           _0551_ (net)
                  0.03    0.00    6.15 v _3580_/B (Nand_gate)
                  0.15    0.12    6.27 ^ _3580_/Y (Nand_gate)
     4    0.02                           _0552_ (net)
                  0.15    0.00    6.27 ^ _3590_/A (Nand_gate)
                  0.06    0.08    6.35 v _3590_/Y (Nand_gate)
     2    0.01                           _0563_ (net)
                  0.06    0.00    6.35 v _3635_/B (Nand_gate)
                  0.06    0.06    6.41 ^ _3635_/Y (Nand_gate)
     2    0.01                           _0611_ (net)
                  0.06    0.00    6.41 ^ _3637_/B (Nor_gate)
                  0.04    0.03    6.44 v _3637_/Y (Nor_gate)
     1    0.00                           _0613_ (net)
                  0.04    0.00    6.44 v _3638_/B (Nor_gate)
                  0.08    0.08    6.52 ^ _3638_/Y (Nor_gate)
     1    0.00                           _0615_ (net)
                  0.08    0.00    6.52 ^ _3639_/B (Nand_gate)
                  0.04    0.06    6.57 v _3639_/Y (Nand_gate)
     1    0.00                           _0616_ (net)
                  0.04    0.00    6.57 v _3670_/A (Nand_gate)
                  0.03    0.04    6.61 ^ _3670_/Y (Nand_gate)
     1    0.00                           _0650_ (net)
                  0.03    0.00    6.61 ^ _3671_/A (sky130_fd_sc_hd__dlymetal6s2s_1)
                  0.18    0.19    6.81 ^ _3671_/X (sky130_fd_sc_hd__dlymetal6s2s_1)
     2    0.02                           net77 (net)
                  0.18    0.00    6.81 ^ output77/A (sky130_fd_sc_hd__clkbuf_4)
                  0.12    0.25    7.06 ^ output77/X (sky130_fd_sc_hd__clkbuf_4)
     1    0.04                           result[17] (net)
                  0.12    0.00    7.06 ^ result[17] (out)
                                  7.06   data arrival time

                  0.00   20.00   20.00   clock clk (rise edge)
                          0.00   20.00   clock network delay (ideal)
                         -0.25   19.75   clock uncertainty
                          0.00   19.75   clock reconvergence pessimism
                         -4.00   15.75   output external delay
                                 15.75   data required time
-----------------------------------------------------------------------------
                                 15.75   data required time
                                 -7.06   data arrival time
-----------------------------------------------------------------------------
                                  8.69   slack (MET)


Startpoint: b[2] (input port clocked by clk)
Endpoint: result[26] (output port clocked by clk)
Path Group: clk
Path Type: max

Fanout     Cap    Slew   Delay    Time   Description
-----------------------------------------------------------------------------
                  0.00    0.00    0.00   clock clk (rise edge)
                          0.00    0.00   clock network delay (ideal)
                          4.00    4.00 v input external delay
                  0.01    0.01    4.01 v b[2] (in)
     1    0.00                           b[2] (net)
                  0.01    0.00    4.01 v input59/A (sky130_fd_sc_hd__buf_1)
                  0.05    0.10    4.11 v input59/X (sky130_fd_sc_hd__buf_1)
     2    0.01                           net59 (net)
                  0.05    0.00    4.11 v _2329_/A (sky130_fd_sc_hd__clkbuf_4)
                  0.09    0.21    4.31 v _2329_/X (sky130_fd_sc_hd__clkbuf_4)
    10    0.04                           _1438_ (net)
                  0.09    0.00    4.32 v _2589_/A (Nor_gate)
                  0.14    0.14    4.46 ^ _2589_/Y (Nor_gate)
     3    0.01                           _1698_ (net)
                  0.14    0.00    4.46 ^ _2590_/B (Nand_gate)
                  0.08    0.09    4.55 v _2590_/Y (Nand_gate)
     4    0.01                           _1699_ (net)
                  0.08    0.00    4.55 v _3101_/A (Nor_gate)
                  0.14    0.13    4.69 ^ _3101_/Y (Nor_gate)
     3    0.01                           _0033_ (net)
                  0.14    0.00    4.69 ^ _3331_/A (Nand_gate)
                  0.10    0.12    4.81 v _3331_/Y (Nand_gate)
     4    0.01                           _0282_ (net)
                  0.10    0.00    4.81 v _3583_/A (Nor_gate)
                  0.19    0.18    4.99 ^ _3583_/Y (Nor_gate)
     3    0.01                           _0555_ (net)
                  0.19    0.00    4.99 ^ _3773_/A (Nand_gate)
                  0.07    0.10    5.09 v _3773_/Y (Nand_gate)
     2    0.01                           _0760_ (net)
                  0.07    0.00    5.09 v _3872_/A (Nor_gate)
                  0.06    0.08    5.17 ^ _3872_/Y (Nor_gate)
     1    0.00                           _0867_ (net)
                  0.06    0.00    5.17 ^ _3873_/B (Nor_gate)
                  0.05    0.05    5.22 v _3873_/Y (Nor_gate)
     2    0.01                           _0868_ (net)
                  0.05    0.00    5.22 v _3922_/A (Nor_gate)
                  0.14    0.14    5.35 ^ _3922_/Y (Nor_gate)
     2    0.01                           _0921_ (net)
                  0.14    0.00    5.35 ^ _3923_/B (Xnor)
                  0.32    0.30    5.66 ^ _3923_/Y (Xnor)
     3    0.01                           _0922_ (net)
                  0.32    0.00    5.66 ^ _3924_/B (Xnor)
                  0.28    0.30    5.96 ^ _3924_/Y (Xnor)
     3    0.01                           _0923_ (net)
                  0.28    0.00    5.96 ^ _3959_/B (Nor_gate)
                  0.07    0.10    6.06 v _3959_/Y (Nor_gate)
     3    0.01                           _0961_ (net)
                  0.07    0.00    6.06 v _3964_/B (Nand_gate)
                  0.05    0.05    6.11 ^ _3964_/Y (Nand_gate)
     1    0.00                           _0966_ (net)
                  0.05    0.00    6.11 ^ _3970_/A (Nand_gate)
                  0.05    0.06    6.17 v _3970_/Y (Nand_gate)
     2    0.01                           _0973_ (net)
                  0.05    0.00    6.17 v _4080_/A (inverter)
                  0.04    0.04    6.21 ^ _4080_/Y (inverter)
     1    0.00                           _1092_ (net)
                  0.04    0.00    6.21 ^ _4081_/B (Nand_gate)
                  0.03    0.04    6.25 v _4081_/Y (Nand_gate)
     1    0.00                           _1093_ (net)
                  0.03    0.00    6.25 v _4082_/B (Nor_gate)
                  0.21    0.17    6.42 ^ _4082_/Y (Nor_gate)
     2    0.01                           _1094_ (net)
                  0.21    0.00    6.42 ^ _4084_/A (Nor_gate)
                  0.04    0.07    6.49 v _4084_/Y (Nor_gate)
     1    0.00                           _1096_ (net)
                  0.04    0.00    6.49 v _4085_/B (Nor_gate)
                  0.12    0.10    6.59 ^ _4085_/Y (Nor_gate)
     2    0.01                           _1097_ (net)
                  0.12    0.00    6.59 ^ _4087_/B (Nand_gate)
                  0.05    0.05    6.65 v _4087_/Y (Nand_gate)
     1    0.00                           _1099_ (net)
                  0.05    0.00    6.65 v _4088_/B (Nand_gate)
                  0.04    0.04    6.69 ^ _4088_/Y (Nand_gate)
     1    0.00                           _1101_ (net)
                  0.04    0.00    6.69 ^ _4089_/B (Nor_gate)
                  0.03    0.03    6.72 v _4089_/Y (Nor_gate)
     1    0.00                           _1102_ (net)
                  0.03    0.00    6.72 v _4118_/A (Nor_gate)
                  0.10    0.10    6.82 ^ _4118_/Y (Nor_gate)
     2    0.00                           _1134_ (net)
                  0.10    0.00    6.82 ^ _4119_/A (inverter)
                  0.02    0.03    6.85 v _4119_/Y (inverter)
     1    0.00                           net87 (net)
                  0.02    0.00    6.85 v output87/A (sky130_fd_sc_hd__clkbuf_4)
                  0.09    0.19    7.04 v output87/X (sky130_fd_sc_hd__clkbuf_4)
     1    0.04                           result[26] (net)
                  0.09    0.00    7.04 v result[26] (out)
                                  7.04   data arrival time

                  0.00   20.00   20.00   clock clk (rise edge)
                          0.00   20.00   clock network delay (ideal)
                         -0.25   19.75   clock uncertainty
                          0.00   19.75   clock reconvergence pessimism
                         -4.00   15.75   output external delay
                                 15.75   data required time
-----------------------------------------------------------------------------
                                 15.75   data required time
                                 -7.04   data arrival time
-----------------------------------------------------------------------------
                                  8.71   slack (MET)


Startpoint: alu_control[2] (input port clocked by clk)
Endpoint: result[20] (output port clocked by clk)
Path Group: clk
Path Type: max

Fanout     Cap    Slew   Delay    Time   Description
-----------------------------------------------------------------------------
                  0.00    0.00    0.00   clock clk (rise edge)
                          0.00    0.00   clock network delay (ideal)
                          4.00    4.00 v input external delay
                  0.02    0.01    4.01 v alu_control[2] (in)
     1    0.01                           alu_control[2] (net)
                  0.02    0.00    4.01 v input35/A (sky130_fd_sc_hd__clkbuf_2)
                  0.10    0.15    4.17 v input35/X (sky130_fd_sc_hd__clkbuf_2)
     5    0.02                           net35 (net)
                  0.10    0.00    4.17 v _2536_/A (inverter)
                  0.12    0.11    4.28 ^ _2536_/Y (inverter)
     4    0.01                           _1645_ (net)
                  0.12    0.00    4.28 ^ _2571_/A (Nand_gate)
                  0.08    0.10    4.38 v _2571_/Y (Nand_gate)
     4    0.01                           _1680_ (net)
                  0.08    0.00    4.38 v _2669_/B (Nor_gate)
                  0.17    0.15    4.53 ^ _2669_/Y (Nor_gate)
     3    0.01                           _1777_ (net)
                  0.17    0.00    4.54 ^ _2706_/A (sky130_fd_sc_hd__clkbuf_4)
                  0.08    0.22    4.75 ^ _2706_/X (sky130_fd_sc_hd__clkbuf_4)
    10    0.02                           _1813_ (net)
                  0.08    0.00    4.75 ^ _3398_/A (sky130_fd_sc_hd__clkbuf_4)
                  0.12    0.22    4.97 ^ _3398_/X (sky130_fd_sc_hd__clkbuf_4)
    10    0.04                           _0355_ (net)
                  0.12    0.00    4.97 ^ _3512_/B (Nor_gate)
                  0.03    0.04    5.01 v _3512_/Y (Nor_gate)
     1    0.00                           _0478_ (net)
                  0.03    0.00    5.01 v _3513_/B (Nor_gate)
                  0.10    0.09    5.10 ^ _3513_/Y (Nor_gate)
     1    0.01                           _0479_ (net)
                  0.10    0.00    5.10 ^ _3514_/B (Xnor)
                  0.32    0.30    5.40 ^ _3514_/Y (Xnor)
     3    0.01                           _0480_ (net)
                  0.32    0.00    5.41 ^ _3515_/B (Xnor)
                  0.37    0.36    5.77 ^ _3515_/Y (Xnor)
     4    0.01                           _0481_ (net)
                  0.37    0.00    5.77 ^ _3567_/A (inverter)
                  0.06    0.06    5.83 v _3567_/Y (inverter)
     1    0.00                           _0537_ (net)
                  0.06    0.00    5.83 v _3568_/B (Nor_gate)
                  0.14    0.13    5.95 ^ _3568_/Y (Nor_gate)
     2    0.01                           _0539_ (net)
                  0.14    0.00    5.95 ^ _3569_/B (Nand_gate)
                  0.05    0.08    6.03 v _3569_/Y (Nand_gate)
     2    0.01                           _0540_ (net)
                  0.05    0.00    6.03 v _3570_/B (Nor_gate)
                  0.08    0.08    6.11 ^ _3570_/Y (Nor_gate)
     1    0.00                           _0541_ (net)
                  0.08    0.00    6.11 ^ _3579_/A (Nor_gate)
                  0.03    0.04    6.15 v _3579_/Y (Nor_gate)
     1    0.00                           _0551_ (net)
                  0.03    0.00    6.15 v _3580_/B (Nand_gate)
                  0.15    0.12    6.27 ^ _3580_/Y (Nand_gate)
     4    0.02                           _0552_ (net)
                  0.15    0.00    6.27 ^ _3794_/A (Nand_gate)
                  0.04    0.06    6.33 v _3794_/Y (Nand_gate)
     1    0.00                           _0783_ (net)
                  0.04    0.00    6.33 v _3795_/B (Nand_gate)
                  0.07    0.06    6.39 ^ _3795_/Y (Nand_gate)
     2    0.01                           _0784_ (net)
                  0.07    0.00    6.39 ^ _3797_/B (Nand_gate)
                  0.05    0.06    6.45 v _3797_/Y (Nand_gate)
     2    0.01                           _0786_ (net)
                  0.05    0.00    6.45 v _3798_/B (Nand_gate)
                  0.04    0.04    6.49 ^ _3798_/Y (Nand_gate)
     1    0.00                           _0788_ (net)
                  0.04    0.00    6.49 ^ _3799_/B (Nor_gate)
                  0.03    0.03    6.52 v _3799_/Y (Nor_gate)
     1    0.00                           _0789_ (net)
                  0.03    0.00    6.52 v _3825_/A (Nor_gate)
                  0.26    0.22    6.74 ^ _3825_/Y (Nor_gate)
     2    0.02                           _0817_ (net)
                  0.26    0.00    6.75 ^ _3826_/A (inverter)
                  0.06    0.07    6.81 v _3826_/Y (inverter)
     1    0.01                           net81 (net)
                  0.06    0.00    6.81 v output81/A (sky130_fd_sc_hd__clkbuf_4)
                  0.09    0.20    7.02 v output81/X (sky130_fd_sc_hd__clkbuf_4)
     1    0.04                           result[20] (net)
                  0.09    0.00    7.02 v result[20] (out)
                                  7.02   data arrival time

                  0.00   20.00   20.00   clock clk (rise edge)
                          0.00   20.00   clock network delay (ideal)
                         -0.25   19.75   clock uncertainty
                          0.00   19.75   clock reconvergence pessimism
                         -4.00   15.75   output external delay
                                 15.75   data required time
-----------------------------------------------------------------------------
                                 15.75   data required time
                                 -7.02   data arrival time
-----------------------------------------------------------------------------
                                  8.73   slack (MET)


Startpoint: alu_control[2] (input port clocked by clk)
Endpoint: result[15] (output port clocked by clk)
Path Group: clk
Path Type: max

Fanout     Cap    Slew   Delay    Time   Description
-----------------------------------------------------------------------------
                  0.00    0.00    0.00   clock clk (rise edge)
                          0.00    0.00   clock network delay (ideal)
                          4.00    4.00 v input external delay
                  0.02    0.01    4.01 v alu_control[2] (in)
     1    0.01                           alu_control[2] (net)
                  0.02    0.00    4.01 v input35/A (sky130_fd_sc_hd__clkbuf_2)
                  0.10    0.15    4.17 v input35/X (sky130_fd_sc_hd__clkbuf_2)
     5    0.02                           net35 (net)
                  0.10    0.00    4.17 v _2536_/A (inverter)
                  0.12    0.11    4.28 ^ _2536_/Y (inverter)
     4    0.01                           _1645_ (net)
                  0.12    0.00    4.28 ^ _2571_/A (Nand_gate)
                  0.08    0.10    4.38 v _2571_/Y (Nand_gate)
     4    0.01                           _1680_ (net)
                  0.08    0.00    4.38 v _2669_/B (Nor_gate)
                  0.17    0.15    4.53 ^ _2669_/Y (Nor_gate)
     3    0.01                           _1777_ (net)
                  0.17    0.00    4.54 ^ _2706_/A (sky130_fd_sc_hd__clkbuf_4)
                  0.08    0.22    4.75 ^ _2706_/X (sky130_fd_sc_hd__clkbuf_4)
    10    0.02                           _1813_ (net)
                  0.08    0.00    4.75 ^ _2969_/A (Nor_gate)
                  0.05    0.06    4.81 v _2969_/Y (Nor_gate)
     2    0.01                           _2072_ (net)
                  0.05    0.00    4.81 v _3033_/A (Nor_gate)
                  0.11    0.11    4.93 ^ _3033_/Y (Nor_gate)
     1    0.01                           _2135_ (net)
                  0.11    0.00    4.93 ^ _3034_/B (Xnor)
                  0.35    0.32    5.25 ^ _3034_/Y (Xnor)
     3    0.01                           _2136_ (net)
                  0.35    0.00    5.25 ^ _3035_/B (Xnor)
                  0.30    0.31    5.56 ^ _3035_/Y (Xnor)
     3    0.01                           _2137_ (net)
                  0.30    0.00    5.56 ^ _3083_/B (Nand_gate)
                  0.09    0.13    5.69 v _3083_/Y (Nand_gate)
     3    0.01                           _0014_ (net)
                  0.09    0.00    5.69 v _3084_/B (Nor_gate)
                  0.12    0.12    5.81 ^ _3084_/Y (Nor_gate)
     2    0.01                           _0015_ (net)
                  0.12    0.00    5.81 ^ _3085_/B (Nand_gate)
                  0.04    0.06    5.87 v _3085_/Y (Nand_gate)
     1    0.00                           _0016_ (net)
                  0.04    0.00    5.87 v _3098_/A (Nand_gate)
                  0.07    0.07    5.94 ^ _3098_/Y (Nand_gate)
     3    0.01                           _0030_ (net)
                  0.07    0.00    5.94 ^ _3342_/A (Nand_gate)
                  0.06    0.07    6.01 v _3342_/Y (Nand_gate)
     2    0.01                           _0294_ (net)
                  0.06    0.00    6.01 v _3354_/A (Nand_gate)
                  0.08    0.08    6.10 ^ _3354_/Y (Nand_gate)
     3    0.01                           _0307_ (net)
                  0.08    0.00    6.10 ^ _3466_/A (inverter)
                  0.03    0.04    6.14 v _3466_/Y (inverter)
     1    0.00                           _0428_ (net)
                  0.03    0.00    6.14 v _3468_/A (Nor_gate)
                  0.08    0.08    6.22 ^ _3468_/Y (Nor_gate)
     1    0.00                           _0431_ (net)
                  0.08    0.00    6.22 ^ _3469_/B (Nor_gate)
                  0.04    0.05    6.27 v _3469_/Y (Nor_gate)
     2    0.01                           _0432_ (net)
                  0.04    0.00    6.27 v _3471_/B (Nor_gate)
                  0.12    0.10    6.37 ^ _3471_/Y (Nor_gate)
     2    0.01                           _0434_ (net)
                  0.12    0.00    6.37 ^ _3517_/A (inverter)
                  0.03    0.04    6.41 v _3517_/Y (inverter)
     1    0.00                           _0483_ (net)
                  0.03    0.00    6.41 v _3518_/B (Nand_gate)
                  0.06    0.05    6.46 ^ _3518_/Y (Nand_gate)
     2    0.01                           _0485_ (net)
                  0.06    0.00    6.46 ^ _3520_/B (Nor_gate)
                  0.05    0.03    6.50 v _3520_/Y (Nor_gate)
     1    0.00                           _0487_ (net)
                  0.05    0.00    6.50 v _3521_/B (Nor_gate)
                  0.07    0.07    6.56 ^ _3521_/Y (Nor_gate)
     1    0.00                           _0488_ (net)
                  0.07    0.00    6.56 ^ _3522_/B (Nand_gate)
                  0.03    0.05    6.61 v _3522_/Y (Nand_gate)
     1    0.00                           _0489_ (net)
                  0.03    0.00    6.61 v _3557_/A (Nand_gate)
                  0.04    0.04    6.65 ^ _3557_/Y (Nand_gate)
     1    0.00                           _0527_ (net)
                  0.04    0.00    6.65 ^ _3558_/A (sky130_fd_sc_hd__buf_1)
                  0.12    0.14    6.79 ^ _3558_/X (sky130_fd_sc_hd__buf_1)
     2    0.01                           net75 (net)
                  0.12    0.00    6.79 ^ output75/A (sky130_fd_sc_hd__clkbuf_4)
                  0.11    0.22    7.01 ^ output75/X (sky130_fd_sc_hd__clkbuf_4)
     1    0.03                           result[15] (net)
                  0.11    0.00    7.01 ^ result[15] (out)
                                  7.01   data arrival time

                  0.00   20.00   20.00   clock clk (rise edge)
                          0.00   20.00   clock network delay (ideal)
                         -0.25   19.75   clock uncertainty
                          0.00   19.75   clock reconvergence pessimism
                         -4.00   15.75   output external delay
                                 15.75   data required time
-----------------------------------------------------------------------------
                                 15.75   data required time
                                 -7.01   data arrival time
-----------------------------------------------------------------------------
                                  8.74   slack (MET)


Startpoint: alu_control[2] (input port clocked by clk)
Endpoint: result[19] (output port clocked by clk)
Path Group: clk
Path Type: max

Fanout     Cap    Slew   Delay    Time   Description
-----------------------------------------------------------------------------
                  0.00    0.00    0.00   clock clk (rise edge)
                          0.00    0.00   clock network delay (ideal)
                          4.00    4.00 v input external delay
                  0.02    0.01    4.01 v alu_control[2] (in)
     1    0.01                           alu_control[2] (net)
                  0.02    0.00    4.01 v input35/A (sky130_fd_sc_hd__clkbuf_2)
                  0.10    0.15    4.17 v input35/X (sky130_fd_sc_hd__clkbuf_2)
     5    0.02                           net35 (net)
                  0.10    0.00    4.17 v _2536_/A (inverter)
                  0.12    0.11    4.28 ^ _2536_/Y (inverter)
     4    0.01                           _1645_ (net)
                  0.12    0.00    4.28 ^ _2571_/A (Nand_gate)
                  0.08    0.10    4.38 v _2571_/Y (Nand_gate)
     4    0.01                           _1680_ (net)
                  0.08    0.00    4.38 v _2669_/B (Nor_gate)
                  0.17    0.15    4.53 ^ _2669_/Y (Nor_gate)
     3    0.01                           _1777_ (net)
                  0.17    0.00    4.54 ^ _2706_/A (sky130_fd_sc_hd__clkbuf_4)
                  0.08    0.22    4.75 ^ _2706_/X (sky130_fd_sc_hd__clkbuf_4)
    10    0.02                           _1813_ (net)
                  0.08    0.00    4.75 ^ _2969_/A (Nor_gate)
                  0.05    0.06    4.81 v _2969_/Y (Nor_gate)
     2    0.01                           _2072_ (net)
                  0.05    0.00    4.81 v _3033_/A (Nor_gate)
                  0.11    0.11    4.93 ^ _3033_/Y (Nor_gate)
     1    0.01                           _2135_ (net)
                  0.11    0.00    4.93 ^ _3034_/B (Xnor)
                  0.35    0.32    5.25 ^ _3034_/Y (Xnor)
     3    0.01                           _2136_ (net)
                  0.35    0.00    5.25 ^ _3035_/B (Xnor)
                  0.30    0.31    5.56 ^ _3035_/Y (Xnor)
     3    0.01                           _2137_ (net)
                  0.30    0.00    5.56 ^ _3083_/B (Nand_gate)
                  0.09    0.13    5.69 v _3083_/Y (Nand_gate)
     3    0.01                           _0014_ (net)
                  0.09    0.00    5.69 v _3084_/B (Nor_gate)
                  0.12    0.12    5.81 ^ _3084_/Y (Nor_gate)
     2    0.01                           _0015_ (net)
                  0.12    0.00    5.81 ^ _3085_/B (Nand_gate)
                  0.04    0.06    5.87 v _3085_/Y (Nand_gate)
     1    0.00                           _0016_ (net)
                  0.04    0.00    5.87 v _3098_/A (Nand_gate)
                  0.07    0.07    5.94 ^ _3098_/Y (Nand_gate)
     3    0.01                           _0030_ (net)
                  0.07    0.00    5.94 ^ _3342_/A (Nand_gate)
                  0.06    0.07    6.01 v _3342_/Y (Nand_gate)
     2    0.01                           _0294_ (net)
                  0.06    0.00    6.01 v _3679_/A (Nor_gate)
                  0.09    0.10    6.11 ^ _3679_/Y (Nor_gate)
     1    0.00                           _0659_ (net)
                  0.09    0.00    6.11 ^ _3690_/A (Nor_gate)
                  0.07    0.09    6.20 v _3690_/Y (Nor_gate)
     3    0.02                           _0671_ (net)
                  0.07    0.00    6.20 v _3692_/A (Nor_gate)
                  0.07    0.09    6.29 ^ _3692_/Y (Nor_gate)
     1    0.00                           _0673_ (net)
                  0.07    0.00    6.29 ^ _3693_/B (Nor_gate)
                  0.04    0.05    6.33 v _3693_/Y (Nor_gate)
     2    0.01                           _0674_ (net)
                  0.04    0.00    6.33 v _3694_/B (Nor_gate)
                  0.12    0.11    6.44 ^ _3694_/Y (Nor_gate)
     2    0.01                           _0675_ (net)
                  0.12    0.00    6.44 ^ _3735_/B (Nor_gate)
                  0.04    0.06    6.50 v _3735_/Y (Nor_gate)
     2    0.01                           _0719_ (net)
                  0.04    0.00    6.50 v _3736_/B (Nor_gate)
                  0.08    0.08    6.57 ^ _3736_/Y (Nor_gate)
     1    0.00                           _0720_ (net)
                  0.08    0.00    6.58 ^ _3739_/A (Nor_gate)
                  0.03    0.05    6.62 v _3739_/Y (Nor_gate)
     1    0.00                           _0724_ (net)
                  0.03    0.00    6.62 v _3768_/A (Nor_gate)
                  0.17    0.15    6.77 ^ _3768_/Y (Nor_gate)
     2    0.01                           _0756_ (net)
                  0.17    0.00    6.78 ^ _3769_/A (inverter)
                  0.03    0.03    6.81 v _3769_/Y (inverter)
     1    0.00                           net79 (net)
                  0.03    0.00    6.81 v output79/A (sky130_fd_sc_hd__clkbuf_4)
                  0.08    0.18    6.99 v output79/X (sky130_fd_sc_hd__clkbuf_4)
     1    0.03                           result[19] (net)
                  0.08    0.00    6.99 v result[19] (out)
                                  6.99   data arrival time

                  0.00   20.00   20.00   clock clk (rise edge)
                          0.00   20.00   clock network delay (ideal)
                         -0.25   19.75   clock uncertainty
                          0.00   19.75   clock reconvergence pessimism
                         -4.00   15.75   output external delay
                                 15.75   data required time
-----------------------------------------------------------------------------
                                 15.75   data required time
                                 -6.99   data arrival time
-----------------------------------------------------------------------------
                                  8.76   slack (MET)


Startpoint: alu_control[2] (input port clocked by clk)
Endpoint: result[25] (output port clocked by clk)
Path Group: clk
Path Type: max

Fanout     Cap    Slew   Delay    Time   Description
-----------------------------------------------------------------------------
                  0.00    0.00    0.00   clock clk (rise edge)
                          0.00    0.00   clock network delay (ideal)
                          4.00    4.00 v input external delay
                  0.02    0.01    4.01 v alu_control[2] (in)
     1    0.01                           alu_control[2] (net)
                  0.02    0.00    4.01 v input35/A (sky130_fd_sc_hd__clkbuf_2)
                  0.10    0.15    4.17 v input35/X (sky130_fd_sc_hd__clkbuf_2)
     5    0.02                           net35 (net)
                  0.10    0.00    4.17 v _2536_/A (inverter)
                  0.12    0.11    4.28 ^ _2536_/Y (inverter)
     4    0.01                           _1645_ (net)
                  0.12    0.00    4.28 ^ _2571_/A (Nand_gate)
                  0.08    0.10    4.38 v _2571_/Y (Nand_gate)
     4    0.01                           _1680_ (net)
                  0.08    0.00    4.38 v _2669_/B (Nor_gate)
                  0.17    0.15    4.53 ^ _2669_/Y (Nor_gate)
     3    0.01                           _1777_ (net)
                  0.17    0.00    4.54 ^ _2706_/A (sky130_fd_sc_hd__clkbuf_4)
                  0.08    0.22    4.75 ^ _2706_/X (sky130_fd_sc_hd__clkbuf_4)
    10    0.02                           _1813_ (net)
                  0.08    0.00    4.75 ^ _3398_/A (sky130_fd_sc_hd__clkbuf_4)
                  0.12    0.22    4.97 ^ _3398_/X (sky130_fd_sc_hd__clkbuf_4)
    10    0.04                           _0355_ (net)
                  0.12    0.00    4.97 ^ _3512_/B (Nor_gate)
                  0.03    0.04    5.01 v _3512_/Y (Nor_gate)
     1    0.00                           _0478_ (net)
                  0.03    0.00    5.01 v _3513_/B (Nor_gate)
                  0.10    0.09    5.10 ^ _3513_/Y (Nor_gate)
     1    0.01                           _0479_ (net)
                  0.10    0.00    5.10 ^ _3514_/B (Xnor)
                  0.32    0.30    5.40 ^ _3514_/Y (Xnor)
     3    0.01                           _0480_ (net)
                  0.32    0.00    5.41 ^ _3515_/B (Xnor)
                  0.37    0.36    5.77 ^ _3515_/Y (Xnor)
     4    0.01                           _0481_ (net)
                  0.37    0.00    5.77 ^ _3567_/A (inverter)
                  0.06    0.06    5.83 v _3567_/Y (inverter)
     1    0.00                           _0537_ (net)
                  0.06    0.00    5.83 v _3568_/B (Nor_gate)
                  0.14    0.13    5.95 ^ _3568_/Y (Nor_gate)
     2    0.01                           _0539_ (net)
                  0.14    0.00    5.95 ^ _3569_/B (Nand_gate)
                  0.05    0.08    6.03 v _3569_/Y (Nand_gate)
     2    0.01                           _0540_ (net)
                  0.05    0.00    6.03 v _3570_/B (Nor_gate)
                  0.08    0.08    6.11 ^ _3570_/Y (Nor_gate)
     1    0.00                           _0541_ (net)
                  0.08    0.00    6.11 ^ _3579_/A (Nor_gate)
                  0.03    0.04    6.15 v _3579_/Y (Nor_gate)
     1    0.00                           _0551_ (net)
                  0.03    0.00    6.15 v _3580_/B (Nand_gate)
                  0.15    0.12    6.27 ^ _3580_/Y (Nand_gate)
     4    0.02                           _0552_ (net)
                  0.15    0.00    6.27 ^ _3962_/A (Nand_gate)
                  0.04    0.07    6.33 v _3962_/Y (Nand_gate)
     1    0.00                           _0964_ (net)
                  0.04    0.00    6.33 v _3972_/A (Nand_gate)
                  0.10    0.09    6.42 ^ _3972_/Y (Nand_gate)
     2    0.01                           _0975_ (net)
                  0.10    0.00    6.42 ^ _3980_/A (Nand_gate)
                  0.07    0.08    6.50 v _3980_/Y (Nand_gate)
     2    0.01                           _0984_ (net)
                  0.07    0.00    6.50 v _4028_/B (Nand_gate)
                  0.05    0.06    6.56 ^ _4028_/Y (Nand_gate)
     2    0.00                           _1036_ (net)
                  0.05    0.00    6.56 ^ _4030_/B (Nand_gate)
                  0.03    0.04    6.60 v _4030_/Y (Nand_gate)
     1    0.00                           _1038_ (net)
                  0.03    0.00    6.60 v _4031_/B (Nand_gate)
                  0.04    0.03    6.63 ^ _4031_/Y (Nand_gate)
     1    0.00                           _1039_ (net)
                  0.04    0.00    6.63 ^ _4032_/B (Nor_gate)
                  0.02    0.03    6.66 v _4032_/Y (Nor_gate)
     1    0.00                           _1040_ (net)
                  0.02    0.00    6.66 v _4066_/A (Nor_gate)
                  0.10    0.10    6.75 ^ _4066_/Y (Nor_gate)
     2    0.00                           _1077_ (net)
                  0.10    0.00    6.75 ^ _4067_/A (inverter)
                  0.02    0.03    6.78 v _4067_/Y (inverter)
     1    0.00                           net86 (net)
                  0.02    0.00    6.78 v output86/A (sky130_fd_sc_hd__buf_2)
                  0.09    0.18    6.96 v output86/X (sky130_fd_sc_hd__buf_2)
     1    0.03                           result[25] (net)
                  0.09    0.00    6.97 v result[25] (out)
                                  6.97   data arrival time

                  0.00   20.00   20.00   clock clk (rise edge)
                          0.00   20.00   clock network delay (ideal)
                         -0.25   19.75   clock uncertainty
                          0.00   19.75   clock reconvergence pessimism
                         -4.00   15.75   output external delay
                                 15.75   data required time
-----------------------------------------------------------------------------
                                 15.75   data required time
                                 -6.97   data arrival time
-----------------------------------------------------------------------------
                                  8.78   slack (MET)


Startpoint: alu_control[2] (input port clocked by clk)
Endpoint: result[18] (output port clocked by clk)
Path Group: clk
Path Type: max

Fanout     Cap    Slew   Delay    Time   Description
-----------------------------------------------------------------------------
                  0.00    0.00    0.00   clock clk (rise edge)
                          0.00    0.00   clock network delay (ideal)
                          4.00    4.00 v input external delay
                  0.02    0.01    4.01 v alu_control[2] (in)
     1    0.01                           alu_control[2] (net)
                  0.02    0.00    4.01 v input35/A (sky130_fd_sc_hd__clkbuf_2)
                  0.10    0.15    4.17 v input35/X (sky130_fd_sc_hd__clkbuf_2)
     5    0.02                           net35 (net)
                  0.10    0.00    4.17 v _2536_/A (inverter)
                  0.12    0.11    4.28 ^ _2536_/Y (inverter)
     4    0.01                           _1645_ (net)
                  0.12    0.00    4.28 ^ _2571_/A (Nand_gate)
                  0.08    0.10    4.38 v _2571_/Y (Nand_gate)
     4    0.01                           _1680_ (net)
                  0.08    0.00    4.38 v _2669_/B (Nor_gate)
                  0.17    0.15    4.53 ^ _2669_/Y (Nor_gate)
     3    0.01                           _1777_ (net)
                  0.17    0.00    4.54 ^ _2706_/A (sky130_fd_sc_hd__clkbuf_4)
                  0.08    0.22    4.75 ^ _2706_/X (sky130_fd_sc_hd__clkbuf_4)
    10    0.02                           _1813_ (net)
                  0.08    0.00    4.75 ^ _2969_/A (Nor_gate)
                  0.05    0.06    4.81 v _2969_/Y (Nor_gate)
     2    0.01                           _2072_ (net)
                  0.05    0.00    4.81 v _3033_/A (Nor_gate)
                  0.11    0.11    4.93 ^ _3033_/Y (Nor_gate)
     1    0.01                           _2135_ (net)
                  0.11    0.00    4.93 ^ _3034_/B (Xnor)
                  0.35    0.32    5.25 ^ _3034_/Y (Xnor)
     3    0.01                           _2136_ (net)
                  0.35    0.00    5.25 ^ _3035_/B (Xnor)
                  0.30    0.31    5.56 ^ _3035_/Y (Xnor)
     3    0.01                           _2137_ (net)
                  0.30    0.00    5.56 ^ _3083_/B (Nand_gate)
                  0.09    0.13    5.69 v _3083_/Y (Nand_gate)
     3    0.01                           _0014_ (net)
                  0.09    0.00    5.69 v _3084_/B (Nor_gate)
                  0.12    0.12    5.81 ^ _3084_/Y (Nor_gate)
     2    0.01                           _0015_ (net)
                  0.12    0.00    5.81 ^ _3085_/B (Nand_gate)
                  0.04    0.06    5.87 v _3085_/Y (Nand_gate)
     1    0.00                           _0016_ (net)
                  0.04    0.00    5.87 v _3098_/A (Nand_gate)
                  0.07    0.07    5.94 ^ _3098_/Y (Nand_gate)
     3    0.01                           _0030_ (net)
                  0.07    0.00    5.94 ^ _3342_/A (Nand_gate)
                  0.06    0.07    6.01 v _3342_/Y (Nand_gate)
     2    0.01                           _0294_ (net)
                  0.06    0.00    6.01 v _3679_/A (Nor_gate)
                  0.09    0.10    6.11 ^ _3679_/Y (Nor_gate)
     1    0.00                           _0659_ (net)
                  0.09    0.00    6.11 ^ _3690_/A (Nor_gate)
                  0.07    0.09    6.20 v _3690_/Y (Nor_gate)
     3    0.02                           _0671_ (net)
                  0.07    0.00    6.20 v _3692_/A (Nor_gate)
                  0.07    0.09    6.29 ^ _3692_/Y (Nor_gate)
     1    0.00                           _0673_ (net)
                  0.07    0.00    6.29 ^ _3693_/B (Nor_gate)
                  0.04    0.05    6.33 v _3693_/Y (Nor_gate)
     2    0.01                           _0674_ (net)
                  0.04    0.00    6.33 v _3694_/B (Nor_gate)
                  0.12    0.11    6.44 ^ _3694_/Y (Nor_gate)
     2    0.01                           _0675_ (net)
                  0.12    0.00    6.44 ^ _3698_/A (Nor_gate)
                  0.03    0.06    6.50 v _3698_/Y (Nor_gate)
     1    0.00                           _0680_ (net)
                  0.03    0.00    6.50 v _3728_/A (Nor_gate)
                  0.26    0.23    6.72 ^ _3728_/Y (Nor_gate)
     2    0.02                           _0713_ (net)
                  0.26    0.00    6.72 ^ _3729_/A (inverter)
                  0.05    0.05    6.77 v _3729_/Y (inverter)
     1    0.00                           net78 (net)
                  0.05    0.00    6.77 v output78/A (sky130_fd_sc_hd__clkbuf_4)
                  0.08    0.19    6.96 v output78/X (sky130_fd_sc_hd__clkbuf_4)
     1    0.03                           result[18] (net)
                  0.08    0.00    6.96 v result[18] (out)
                                  6.96   data arrival time

                  0.00   20.00   20.00   clock clk (rise edge)
                          0.00   20.00   clock network delay (ideal)
                         -0.25   19.75   clock uncertainty
                          0.00   19.75   clock reconvergence pessimism
                         -4.00   15.75   output external delay
                                 15.75   data required time
-----------------------------------------------------------------------------
                                 15.75   data required time
                                 -6.96   data arrival time
-----------------------------------------------------------------------------
                                  8.79   slack (MET)


Startpoint: alu_control[2] (input port clocked by clk)
Endpoint: result[16] (output port clocked by clk)
Path Group: clk
Path Type: max

Fanout     Cap    Slew   Delay    Time   Description
-----------------------------------------------------------------------------
                  0.00    0.00    0.00   clock clk (rise edge)
                          0.00    0.00   clock network delay (ideal)
                          4.00    4.00 v input external delay
                  0.02    0.01    4.01 v alu_control[2] (in)
     1    0.01                           alu_control[2] (net)
                  0.02    0.00    4.01 v input35/A (sky130_fd_sc_hd__clkbuf_2)
                  0.10    0.15    4.17 v input35/X (sky130_fd_sc_hd__clkbuf_2)
     5    0.02                           net35 (net)
                  0.10    0.00    4.17 v _2536_/A (inverter)
                  0.12    0.11    4.28 ^ _2536_/Y (inverter)
     4    0.01                           _1645_ (net)
                  0.12    0.00    4.28 ^ _2571_/A (Nand_gate)
                  0.08    0.10    4.38 v _2571_/Y (Nand_gate)
     4    0.01                           _1680_ (net)
                  0.08    0.00    4.38 v _2669_/B (Nor_gate)
                  0.17    0.15    4.53 ^ _2669_/Y (Nor_gate)
     3    0.01                           _1777_ (net)
                  0.17    0.00    4.54 ^ _2706_/A (sky130_fd_sc_hd__clkbuf_4)
                  0.08    0.22    4.75 ^ _2706_/X (sky130_fd_sc_hd__clkbuf_4)
    10    0.02                           _1813_ (net)
                  0.08    0.00    4.75 ^ _3398_/A (sky130_fd_sc_hd__clkbuf_4)
                  0.12    0.22    4.97 ^ _3398_/X (sky130_fd_sc_hd__clkbuf_4)
    10    0.04                           _0355_ (net)
                  0.12    0.00    4.97 ^ _3512_/B (Nor_gate)
                  0.03    0.04    5.01 v _3512_/Y (Nor_gate)
     1    0.00                           _0478_ (net)
                  0.03    0.00    5.01 v _3513_/B (Nor_gate)
                  0.10    0.09    5.10 ^ _3513_/Y (Nor_gate)
     1    0.01                           _0479_ (net)
                  0.10    0.00    5.10 ^ _3514_/B (Xnor)
                  0.32    0.30    5.40 ^ _3514_/Y (Xnor)
     3    0.01                           _0480_ (net)
                  0.32    0.00    5.41 ^ _3515_/B (Xnor)
                  0.37    0.36    5.77 ^ _3515_/Y (Xnor)
     4    0.01                           _0481_ (net)
                  0.37    0.00    5.77 ^ _3567_/A (inverter)
                  0.06    0.06    5.83 v _3567_/Y (inverter)
     1    0.00                           _0537_ (net)
                  0.06    0.00    5.83 v _3568_/B (Nor_gate)
                  0.14    0.13    5.95 ^ _3568_/Y (Nor_gate)
     2    0.01                           _0539_ (net)
                  0.14    0.00    5.95 ^ _3569_/B (Nand_gate)
                  0.05    0.08    6.03 v _3569_/Y (Nand_gate)
     2    0.01                           _0540_ (net)
                  0.05    0.00    6.03 v _3570_/B (Nor_gate)
                  0.08    0.08    6.11 ^ _3570_/Y (Nor_gate)
     1    0.00                           _0541_ (net)
                  0.08    0.00    6.11 ^ _3579_/A (Nor_gate)
                  0.03    0.04    6.15 v _3579_/Y (Nor_gate)
     1    0.00                           _0551_ (net)
                  0.03    0.00    6.15 v _3580_/B (Nand_gate)
                  0.15    0.12    6.27 ^ _3580_/Y (Nand_gate)
     4    0.02                           _0552_ (net)
                  0.15    0.00    6.27 ^ _3591_/A (Nor_gate)
                  0.03    0.06    6.33 v _3591_/Y (Nor_gate)
     1    0.00                           _0564_ (net)
                  0.03    0.00    6.33 v _3592_/B (Nor_gate)
                  0.08    0.08    6.40 ^ _3592_/Y (Nor_gate)
     1    0.00                           _0565_ (net)
                  0.08    0.00    6.40 ^ _3593_/B (Nand_gate)
                  0.04    0.05    6.46 v _3593_/Y (Nand_gate)
     1    0.00                           _0566_ (net)
                  0.04    0.00    6.46 v _3626_/A (Nand_gate)
                  0.04    0.04    6.50 ^ _3626_/Y (Nand_gate)
     1    0.00                           _0602_ (net)
                  0.04    0.00    6.50 ^ _3627_/A (sky130_fd_sc_hd__buf_1)
                  0.16    0.17    6.67 ^ _3627_/X (sky130_fd_sc_hd__buf_1)
     2    0.01                           net76 (net)
                  0.16    0.00    6.67 ^ output76/A (sky130_fd_sc_hd__clkbuf_4)
                  0.11    0.24    6.91 ^ output76/X (sky130_fd_sc_hd__clkbuf_4)
     1    0.03                           result[16] (net)
                  0.11    0.00    6.91 ^ result[16] (out)
                                  6.91   data arrival time

                  0.00   20.00   20.00   clock clk (rise edge)
                          0.00   20.00   clock network delay (ideal)
                         -0.25   19.75   clock uncertainty
                          0.00   19.75   clock reconvergence pessimism
                         -4.00   15.75   output external delay
                                 15.75   data required time
-----------------------------------------------------------------------------
                                 15.75   data required time
                                 -6.91   data arrival time
-----------------------------------------------------------------------------
                                  8.84   slack (MET)


Startpoint: alu_control[2] (input port clocked by clk)
Endpoint: result[14] (output port clocked by clk)
Path Group: clk
Path Type: max

Fanout     Cap    Slew   Delay    Time   Description
-----------------------------------------------------------------------------
                  0.00    0.00    0.00   clock clk (rise edge)
                          0.00    0.00   clock network delay (ideal)
                          4.00    4.00 v input external delay
                  0.02    0.01    4.01 v alu_control[2] (in)
     1    0.01                           alu_control[2] (net)
                  0.02    0.00    4.01 v input35/A (sky130_fd_sc_hd__clkbuf_2)
                  0.10    0.15    4.17 v input35/X (sky130_fd_sc_hd__clkbuf_2)
     5    0.02                           net35 (net)
                  0.10    0.00    4.17 v _2536_/A (inverter)
                  0.12    0.11    4.28 ^ _2536_/Y (inverter)
     4    0.01                           _1645_ (net)
                  0.12    0.00    4.28 ^ _2571_/A (Nand_gate)
                  0.08    0.10    4.38 v _2571_/Y (Nand_gate)
     4    0.01                           _1680_ (net)
                  0.08    0.00    4.38 v _2669_/B (Nor_gate)
                  0.17    0.15    4.53 ^ _2669_/Y (Nor_gate)
     3    0.01                           _1777_ (net)
                  0.17    0.00    4.54 ^ _2706_/A (sky130_fd_sc_hd__clkbuf_4)
                  0.08    0.22    4.75 ^ _2706_/X (sky130_fd_sc_hd__clkbuf_4)
    10    0.02                           _1813_ (net)
                  0.08    0.00    4.75 ^ _2969_/A (Nor_gate)
                  0.05    0.06    4.81 v _2969_/Y (Nor_gate)
     2    0.01                           _2072_ (net)
                  0.05    0.00    4.81 v _3033_/A (Nor_gate)
                  0.11    0.11    4.93 ^ _3033_/Y (Nor_gate)
     1    0.01                           _2135_ (net)
                  0.11    0.00    4.93 ^ _3034_/B (Xnor)
                  0.35    0.32    5.25 ^ _3034_/Y (Xnor)
     3    0.01                           _2136_ (net)
                  0.35    0.00    5.25 ^ _3035_/B (Xnor)
                  0.30    0.31    5.56 ^ _3035_/Y (Xnor)
     3    0.01                           _2137_ (net)
                  0.30    0.00    5.56 ^ _3083_/B (Nand_gate)
                  0.09    0.13    5.69 v _3083_/Y (Nand_gate)
     3    0.01                           _0014_ (net)
                  0.09    0.00    5.69 v _3084_/B (Nor_gate)
                  0.12    0.12    5.81 ^ _3084_/Y (Nor_gate)
     2    0.01                           _0015_ (net)
                  0.12    0.00    5.81 ^ _3085_/B (Nand_gate)
                  0.04    0.06    5.87 v _3085_/Y (Nand_gate)
     1    0.00                           _0016_ (net)
                  0.04    0.00    5.87 v _3098_/A (Nand_gate)
                  0.07    0.07    5.94 ^ _3098_/Y (Nand_gate)
     3    0.01                           _0030_ (net)
                  0.07    0.00    5.94 ^ _3342_/A (Nand_gate)
                  0.06    0.07    6.01 v _3342_/Y (Nand_gate)
     2    0.01                           _0294_ (net)
                  0.06    0.00    6.01 v _3354_/A (Nand_gate)
                  0.08    0.08    6.10 ^ _3354_/Y (Nand_gate)
     3    0.01                           _0307_ (net)
                  0.08    0.00    6.10 ^ _3466_/A (inverter)
                  0.03    0.04    6.14 v _3466_/Y (inverter)
     1    0.00                           _0428_ (net)
                  0.03    0.00    6.14 v _3468_/A (Nor_gate)
                  0.08    0.08    6.22 ^ _3468_/Y (Nor_gate)
     1    0.00                           _0431_ (net)
                  0.08    0.00    6.22 ^ _3469_/B (Nor_gate)
                  0.04    0.05    6.27 v _3469_/Y (Nor_gate)
     2    0.01                           _0432_ (net)
                  0.04    0.00    6.27 v _3471_/B (Nor_gate)
                  0.12    0.10    6.37 ^ _3471_/Y (Nor_gate)
     2    0.01                           _0434_ (net)
                  0.12    0.00    6.37 ^ _3472_/B (Nor_gate)
                  0.03    0.05    6.42 v _3472_/Y (Nor_gate)
     1    0.00                           _0435_ (net)
                  0.03    0.00    6.42 v _3473_/B (Nand_gate)
                  0.04    0.04    6.46 ^ _3473_/Y (Nand_gate)
     1    0.00                           _0436_ (net)
                  0.04    0.00    6.46 ^ _3510_/A (Nand_gate)
                  0.03    0.04    6.50 v _3510_/Y (Nand_gate)
     1    0.00                           _0477_ (net)
                  0.03    0.00    6.50 v _3511_/A (sky130_fd_sc_hd__buf_1)
                  0.04    0.09    6.60 v _3511_/X (sky130_fd_sc_hd__buf_1)
     2    0.00                           net74 (net)
                  0.04    0.00    6.60 v output74/A (sky130_fd_sc_hd__clkbuf_4)
                  0.08    0.19    6.78 v output74/X (sky130_fd_sc_hd__clkbuf_4)
     1    0.03                           result[14] (net)
                  0.08    0.00    6.78 v result[14] (out)
                                  6.78   data arrival time

                  0.00   20.00   20.00   clock clk (rise edge)
                          0.00   20.00   clock network delay (ideal)
                         -0.25   19.75   clock uncertainty
                          0.00   19.75   clock reconvergence pessimism
                         -4.00   15.75   output external delay
                                 15.75   data required time
-----------------------------------------------------------------------------
                                 15.75   data required time
                                 -6.78   data arrival time
-----------------------------------------------------------------------------
                                  8.97   slack (MET)


Startpoint: alu_control[2] (input port clocked by clk)
Endpoint: result[10] (output port clocked by clk)
Path Group: clk
Path Type: max

Fanout     Cap    Slew   Delay    Time   Description
-----------------------------------------------------------------------------
                  0.00    0.00    0.00   clock clk (rise edge)
                          0.00    0.00   clock network delay (ideal)
                          4.00    4.00 v input external delay
                  0.02    0.01    4.01 v alu_control[2] (in)
     1    0.01                           alu_control[2] (net)
                  0.02    0.00    4.01 v input35/A (sky130_fd_sc_hd__clkbuf_2)
                  0.10    0.15    4.17 v input35/X (sky130_fd_sc_hd__clkbuf_2)
     5    0.02                           net35 (net)
                  0.10    0.00    4.17 v _2536_/A (inverter)
                  0.12    0.11    4.28 ^ _2536_/Y (inverter)
     4    0.01                           _1645_ (net)
                  0.12    0.00    4.28 ^ _2571_/A (Nand_gate)
                  0.08    0.10    4.38 v _2571_/Y (Nand_gate)
     4    0.01                           _1680_ (net)
                  0.08    0.00    4.38 v _2669_/B (Nor_gate)
                  0.17    0.15    4.53 ^ _2669_/Y (Nor_gate)
     3    0.01                           _1777_ (net)
                  0.17    0.00    4.54 ^ _2706_/A (sky130_fd_sc_hd__clkbuf_4)
                  0.08    0.22    4.75 ^ _2706_/X (sky130_fd_sc_hd__clkbuf_4)
    10    0.02                           _1813_ (net)
                  0.08    0.00    4.75 ^ _2969_/A (Nor_gate)
                  0.05    0.06    4.81 v _2969_/Y (Nor_gate)
     2    0.01                           _2072_ (net)
                  0.05    0.00    4.81 v _3033_/A (Nor_gate)
                  0.11    0.11    4.93 ^ _3033_/Y (Nor_gate)
     1    0.01                           _2135_ (net)
                  0.11    0.00    4.93 ^ _3034_/B (Xnor)
                  0.35    0.32    5.25 ^ _3034_/Y (Xnor)
     3    0.01                           _2136_ (net)
                  0.35    0.00    5.25 ^ _3035_/B (Xnor)
                  0.30    0.31    5.56 ^ _3035_/Y (Xnor)
     3    0.01                           _2137_ (net)
                  0.30    0.00    5.56 ^ _3083_/B (Nand_gate)
                  0.09    0.13    5.69 v _3083_/Y (Nand_gate)
     3    0.01                           _0014_ (net)
                  0.09    0.00    5.69 v _3084_/B (Nor_gate)
                  0.12    0.12    5.81 ^ _3084_/Y (Nor_gate)
     2    0.01                           _0015_ (net)
                  0.12    0.00    5.81 ^ _3218_/A (inverter)
                  0.03    0.03    5.84 v _3218_/Y (inverter)
     1    0.00                           _0160_ (net)
                  0.03    0.00    5.84 v _3219_/B (Nor_gate)
                  0.07    0.06    5.91 ^ _3219_/Y (Nor_gate)
     1    0.00                           _0161_ (net)
                  0.07    0.00    5.91 ^ _3223_/A (Nor_gate)
                  0.03    0.05    5.95 v _3223_/Y (Nor_gate)
     2    0.00                           _0165_ (net)
                  0.03    0.00    5.95 v _3225_/A (Nor_gate)
                  0.07    0.08    6.03 ^ _3225_/Y (Nor_gate)
     1    0.00                           _0167_ (net)
                  0.07    0.00    6.03 ^ _3226_/B (Nor_gate)
                  0.04    0.05    6.08 v _3226_/Y (Nor_gate)
     2    0.01                           _0168_ (net)
                  0.04    0.00    6.08 v _3228_/B (Nor_gate)
                  0.11    0.10    6.17 ^ _3228_/Y (Nor_gate)
     2    0.01                           _0171_ (net)
                  0.11    0.00    6.17 ^ _3229_/B (Nor_gate)
                  0.03    0.04    6.22 v _3229_/Y (Nor_gate)
     1    0.00                           _0172_ (net)
                  0.03    0.00    6.22 v _3230_/B (Nand_gate)
                  0.06    0.06    6.27 ^ _3230_/Y (Nand_gate)
     1    0.01                           _0173_ (net)
                  0.06    0.00    6.27 ^ _3267_/A (Nand_gate)
                  0.03    0.05    6.32 v _3267_/Y (Nand_gate)
     1    0.00                           _0213_ (net)
                  0.03    0.00    6.32 v _3268_/A (sky130_fd_sc_hd__clkbuf_2)
                  0.08    0.15    6.47 v _3268_/X (sky130_fd_sc_hd__clkbuf_2)
     2    0.02                           net70 (net)
                  0.08    0.00    6.47 v output70/A (sky130_fd_sc_hd__clkbuf_4)
                  0.08    0.21    6.68 v output70/X (sky130_fd_sc_hd__clkbuf_4)
     1    0.03                           result[10] (net)
                  0.08    0.00    6.68 v result[10] (out)
                                  6.68   data arrival time

                  0.00   20.00   20.00   clock clk (rise edge)
                          0.00   20.00   clock network delay (ideal)
                         -0.25   19.75   clock uncertainty
                          0.00   19.75   clock reconvergence pessimism
                         -4.00   15.75   output external delay
                                 15.75   data required time
-----------------------------------------------------------------------------
                                 15.75   data required time
                                 -6.68   data arrival time
-----------------------------------------------------------------------------
                                  9.07   slack (MET)


Startpoint: alu_control[2] (input port clocked by clk)
Endpoint: result[13] (output port clocked by clk)
Path Group: clk
Path Type: max

Fanout     Cap    Slew   Delay    Time   Description
-----------------------------------------------------------------------------
                  0.00    0.00    0.00   clock clk (rise edge)
                          0.00    0.00   clock network delay (ideal)
                          4.00    4.00 v input external delay
                  0.02    0.01    4.01 v alu_control[2] (in)
     1    0.01                           alu_control[2] (net)
                  0.02    0.00    4.01 v input35/A (sky130_fd_sc_hd__clkbuf_2)
                  0.10    0.15    4.17 v input35/X (sky130_fd_sc_hd__clkbuf_2)
     5    0.02                           net35 (net)
                  0.10    0.00    4.17 v _2536_/A (inverter)
                  0.12    0.11    4.28 ^ _2536_/Y (inverter)
     4    0.01                           _1645_ (net)
                  0.12    0.00    4.28 ^ _2571_/A (Nand_gate)
                  0.08    0.10    4.38 v _2571_/Y (Nand_gate)
     4    0.01                           _1680_ (net)
                  0.08    0.00    4.38 v _2669_/B (Nor_gate)
                  0.17    0.15    4.53 ^ _2669_/Y (Nor_gate)
     3    0.01                           _1777_ (net)
                  0.17    0.00    4.54 ^ _2706_/A (sky130_fd_sc_hd__clkbuf_4)
                  0.08    0.22    4.75 ^ _2706_/X (sky130_fd_sc_hd__clkbuf_4)
    10    0.02                           _1813_ (net)
                  0.08    0.00    4.75 ^ _2969_/A (Nor_gate)
                  0.05    0.06    4.81 v _2969_/Y (Nor_gate)
     2    0.01                           _2072_ (net)
                  0.05    0.00    4.81 v _3033_/A (Nor_gate)
                  0.11    0.11    4.93 ^ _3033_/Y (Nor_gate)
     1    0.01                           _2135_ (net)
                  0.11    0.00    4.93 ^ _3034_/B (Xnor)
                  0.35    0.32    5.25 ^ _3034_/Y (Xnor)
     3    0.01                           _2136_ (net)
                  0.35    0.00    5.25 ^ _3035_/B (Xnor)
                  0.30    0.31    5.56 ^ _3035_/Y (Xnor)
     3    0.01                           _2137_ (net)
                  0.30    0.00    5.56 ^ _3083_/B (Nand_gate)
                  0.09    0.13    5.69 v _3083_/Y (Nand_gate)
     3    0.01                           _0014_ (net)
                  0.09    0.00    5.69 v _3084_/B (Nor_gate)
                  0.12    0.12    5.81 ^ _3084_/Y (Nor_gate)
     2    0.01                           _0015_ (net)
                  0.12    0.00    5.81 ^ _3085_/B (Nand_gate)
                  0.04    0.06    5.87 v _3085_/Y (Nand_gate)
     1    0.00                           _0016_ (net)
                  0.04    0.00    5.87 v _3098_/A (Nand_gate)
                  0.07    0.07    5.94 ^ _3098_/Y (Nand_gate)
     3    0.01                           _0030_ (net)
                  0.07    0.00    5.94 ^ _3342_/A (Nand_gate)
                  0.06    0.07    6.01 v _3342_/Y (Nand_gate)
     2    0.01                           _0294_ (net)
                  0.06    0.00    6.01 v _3354_/A (Nand_gate)
                  0.08    0.08    6.10 ^ _3354_/Y (Nand_gate)
     3    0.01                           _0307_ (net)
                  0.08    0.00    6.10 ^ _3355_/B (Nand_gate)
                  0.06    0.07    6.17 v _3355_/Y (Nand_gate)
     2    0.01                           _0308_ (net)
                  0.06    0.00    6.17 v _3405_/B (Nand_gate)
                  0.06    0.06    6.22 ^ _3405_/Y (Nand_gate)
     2    0.01                           _0362_ (net)
                  0.06    0.00    6.22 ^ _3407_/B (Nand_gate)
                  0.05    0.05    6.27 v _3407_/Y (Nand_gate)
     1    0.00                           _0364_ (net)
                  0.05    0.00    6.27 v _3408_/B (Nand_gate)
                  0.04    0.05    6.32 ^ _3408_/Y (Nand_gate)
     1    0.00                           _0366_ (net)
                  0.04    0.00    6.32 ^ _3409_/B (Nor_gate)
                  0.03    0.03    6.35 v _3409_/Y (Nor_gate)
     1    0.00                           _0367_ (net)
                  0.03    0.00    6.35 v _3452_/A (Nor_gate)
                  0.10    0.10    6.45 ^ _3452_/Y (Nor_gate)
     2    0.00                           _0414_ (net)
                  0.10    0.00    6.45 ^ _3453_/A (inverter)
                  0.03    0.04    6.49 v _3453_/Y (inverter)
     1    0.00                           net73 (net)
                  0.03    0.00    6.49 v output73/A (sky130_fd_sc_hd__clkbuf_4)
                  0.08    0.18    6.67 v output73/X (sky130_fd_sc_hd__clkbuf_4)
     1    0.03                           result[13] (net)
                  0.08    0.00    6.67 v result[13] (out)
                                  6.67   data arrival time

                  0.00   20.00   20.00   clock clk (rise edge)
                          0.00   20.00   clock network delay (ideal)
                         -0.25   19.75   clock uncertainty
                          0.00   19.75   clock reconvergence pessimism
                         -4.00   15.75   output external delay
                                 15.75   data required time
-----------------------------------------------------------------------------
                                 15.75   data required time
                                 -6.67   data arrival time
-----------------------------------------------------------------------------
                                  9.08   slack (MET)


Startpoint: alu_control[2] (input port clocked by clk)
Endpoint: result[11] (output port clocked by clk)
Path Group: clk
Path Type: max

Fanout     Cap    Slew   Delay    Time   Description
-----------------------------------------------------------------------------
                  0.00    0.00    0.00   clock clk (rise edge)
                          0.00    0.00   clock network delay (ideal)
                          4.00    4.00 v input external delay
                  0.02    0.01    4.01 v alu_control[2] (in)
     1    0.01                           alu_control[2] (net)
                  0.02    0.00    4.01 v input35/A (sky130_fd_sc_hd__clkbuf_2)
                  0.10    0.15    4.17 v input35/X (sky130_fd_sc_hd__clkbuf_2)
     5    0.02                           net35 (net)
                  0.10    0.00    4.17 v _2536_/A (inverter)
                  0.12    0.11    4.28 ^ _2536_/Y (inverter)
     4    0.01                           _1645_ (net)
                  0.12    0.00    4.28 ^ _2571_/A (Nand_gate)
                  0.08    0.10    4.38 v _2571_/Y (Nand_gate)
     4    0.01                           _1680_ (net)
                  0.08    0.00    4.38 v _2669_/B (Nor_gate)
                  0.17    0.15    4.53 ^ _2669_/Y (Nor_gate)
     3    0.01                           _1777_ (net)
                  0.17    0.00    4.54 ^ _2706_/A (sky130_fd_sc_hd__clkbuf_4)
                  0.08    0.22    4.75 ^ _2706_/X (sky130_fd_sc_hd__clkbuf_4)
    10    0.02                           _1813_ (net)
                  0.08    0.00    4.75 ^ _2969_/A (Nor_gate)
                  0.05    0.06    4.81 v _2969_/Y (Nor_gate)
     2    0.01                           _2072_ (net)
                  0.05    0.00    4.81 v _3033_/A (Nor_gate)
                  0.11    0.11    4.93 ^ _3033_/Y (Nor_gate)
     1    0.01                           _2135_ (net)
                  0.11    0.00    4.93 ^ _3034_/B (Xnor)
                  0.35    0.32    5.25 ^ _3034_/Y (Xnor)
     3    0.01                           _2136_ (net)
                  0.35    0.00    5.25 ^ _3035_/B (Xnor)
                  0.30    0.31    5.56 ^ _3035_/Y (Xnor)
     3    0.01                           _2137_ (net)
                  0.30    0.00    5.56 ^ _3083_/B (Nand_gate)
                  0.09    0.13    5.69 v _3083_/Y (Nand_gate)
     3    0.01                           _0014_ (net)
                  0.09    0.00    5.69 v _3084_/B (Nor_gate)
                  0.12    0.12    5.81 ^ _3084_/Y (Nor_gate)
     2    0.01                           _0015_ (net)
                  0.12    0.00    5.81 ^ _3218_/A (inverter)
                  0.03    0.03    5.84 v _3218_/Y (inverter)
     1    0.00                           _0160_ (net)
                  0.03    0.00    5.84 v _3219_/B (Nor_gate)
                  0.07    0.06    5.91 ^ _3219_/Y (Nor_gate)
     1    0.00                           _0161_ (net)
                  0.07    0.00    5.91 ^ _3223_/A (Nor_gate)
                  0.03    0.05    5.95 v _3223_/Y (Nor_gate)
     2    0.00                           _0165_ (net)
                  0.03    0.00    5.95 v _3225_/A (Nor_gate)
                  0.07    0.08    6.03 ^ _3225_/Y (Nor_gate)
     1    0.00                           _0167_ (net)
                  0.07    0.00    6.03 ^ _3226_/B (Nor_gate)
                  0.04    0.05    6.08 v _3226_/Y (Nor_gate)
     2    0.01                           _0168_ (net)
                  0.04    0.00    6.08 v _3228_/B (Nor_gate)
                  0.11    0.10    6.17 ^ _3228_/Y (Nor_gate)
     2    0.01                           _0171_ (net)
                  0.11    0.00    6.17 ^ _3275_/B (Nor_gate)
                  0.04    0.05    6.23 v _3275_/Y (Nor_gate)
     2    0.01                           _0221_ (net)
                  0.04    0.00    6.23 v _3276_/B (Nor_gate)
                  0.07    0.07    6.29 ^ _3276_/Y (Nor_gate)
     1    0.00                           _0222_ (net)
                  0.07    0.00    6.29 ^ _3279_/A (Nor_gate)
                  0.03    0.04    6.33 v _3279_/Y (Nor_gate)
     1    0.00                           _0226_ (net)
                  0.03    0.00    6.33 v _3326_/A (Nor_gate)
                  0.10    0.10    6.43 ^ _3326_/Y (Nor_gate)
     2    0.00                           _0277_ (net)
                  0.10    0.00    6.43 ^ _3327_/A (inverter)
                  0.03    0.03    6.47 v _3327_/Y (inverter)
     1    0.00                           net71 (net)
                  0.03    0.00    6.47 v output71/A (sky130_fd_sc_hd__clkbuf_4)
                  0.08    0.18    6.65 v output71/X (sky130_fd_sc_hd__clkbuf_4)
     1    0.03                           result[11] (net)
                  0.08    0.00    6.65 v result[11] (out)
                                  6.65   data arrival time

                  0.00   20.00   20.00   clock clk (rise edge)
                          0.00   20.00   clock network delay (ideal)
                         -0.25   19.75   clock uncertainty
                          0.00   19.75   clock reconvergence pessimism
                         -4.00   15.75   output external delay
                                 15.75   data required time
-----------------------------------------------------------------------------
                                 15.75   data required time
                                 -6.65   data arrival time
-----------------------------------------------------------------------------
                                  9.10   slack (MET)


Startpoint: alu_control[2] (input port clocked by clk)
Endpoint: result[9] (output port clocked by clk)
Path Group: clk
Path Type: max

Fanout     Cap    Slew   Delay    Time   Description
-----------------------------------------------------------------------------
                  0.00    0.00    0.00   clock clk (rise edge)
                          0.00    0.00   clock network delay (ideal)
                          4.00    4.00 v input external delay
                  0.02    0.01    4.01 v alu_control[2] (in)
     1    0.01                           alu_control[2] (net)
                  0.02    0.00    4.01 v input35/A (sky130_fd_sc_hd__clkbuf_2)
                  0.10    0.15    4.17 v input35/X (sky130_fd_sc_hd__clkbuf_2)
     5    0.02                           net35 (net)
                  0.10    0.00    4.17 v _2536_/A (inverter)
                  0.12    0.11    4.28 ^ _2536_/Y (inverter)
     4    0.01                           _1645_ (net)
                  0.12    0.00    4.28 ^ _2571_/A (Nand_gate)
                  0.08    0.10    4.38 v _2571_/Y (Nand_gate)
     4    0.01                           _1680_ (net)
                  0.08    0.00    4.38 v _2669_/B (Nor_gate)
                  0.17    0.15    4.53 ^ _2669_/Y (Nor_gate)
     3    0.01                           _1777_ (net)
                  0.17    0.00    4.54 ^ _2706_/A (sky130_fd_sc_hd__clkbuf_4)
                  0.08    0.22    4.75 ^ _2706_/X (sky130_fd_sc_hd__clkbuf_4)
    10    0.02                           _1813_ (net)
                  0.08    0.00    4.75 ^ _2969_/A (Nor_gate)
                  0.05    0.06    4.81 v _2969_/Y (Nor_gate)
     2    0.01                           _2072_ (net)
                  0.05    0.00    4.81 v _3033_/A (Nor_gate)
                  0.11    0.11    4.93 ^ _3033_/Y (Nor_gate)
     1    0.01                           _2135_ (net)
                  0.11    0.00    4.93 ^ _3034_/B (Xnor)
                  0.35    0.32    5.25 ^ _3034_/Y (Xnor)
     3    0.01                           _2136_ (net)
                  0.35    0.00    5.25 ^ _3035_/B (Xnor)
                  0.30    0.31    5.56 ^ _3035_/Y (Xnor)
     3    0.01                           _2137_ (net)
                  0.30    0.00    5.56 ^ _3083_/B (Nand_gate)
                  0.09    0.13    5.69 v _3083_/Y (Nand_gate)
     3    0.01                           _0014_ (net)
                  0.09    0.00    5.69 v _3084_/B (Nor_gate)
                  0.12    0.12    5.81 ^ _3084_/Y (Nor_gate)
     2    0.01                           _0015_ (net)
                  0.12    0.00    5.81 ^ _3085_/B (Nand_gate)
                  0.04    0.06    5.87 v _3085_/Y (Nand_gate)
     1    0.00                           _0016_ (net)
                  0.04    0.00    5.87 v _3098_/A (Nand_gate)
                  0.07    0.07    5.94 ^ _3098_/Y (Nand_gate)
     3    0.01                           _0030_ (net)
                  0.07    0.00    5.94 ^ _3108_/A (Nand_gate)
                  0.05    0.06    6.00 v _3108_/Y (Nand_gate)
     2    0.01                           _0041_ (net)
                  0.05    0.00    6.00 v _3160_/B (Nand_gate)
                  0.07    0.06    6.07 ^ _3160_/Y (Nand_gate)
     2    0.01                           _0097_ (net)
                  0.07    0.00    6.07 ^ _3162_/B (Nand_gate)
                  0.04    0.05    6.12 v _3162_/Y (Nand_gate)
     1    0.00                           _0099_ (net)
                  0.04    0.00    6.12 v _3163_/B (Nand_gate)
                  0.04    0.04    6.16 ^ _3163_/Y (Nand_gate)
     1    0.00                           _0100_ (net)
                  0.04    0.00    6.16 ^ _3164_/B (Nor_gate)
                  0.03    0.03    6.19 v _3164_/Y (Nor_gate)
     1    0.00                           _0101_ (net)
                  0.03    0.00    6.19 v _3207_/A (Nor_gate)
                  0.23    0.20    6.39 ^ _3207_/Y (Nor_gate)
     2    0.01                           _0148_ (net)
                  0.23    0.00    6.39 ^ _3208_/A (inverter)
                  0.05    0.05    6.44 v _3208_/Y (inverter)
     1    0.00                           net100 (net)
                  0.05    0.00    6.44 v output100/A (sky130_fd_sc_hd__clkbuf_4)
                  0.08    0.19    6.64 v output100/X (sky130_fd_sc_hd__clkbuf_4)
     1    0.03                           result[9] (net)
                  0.08    0.00    6.64 v result[9] (out)
                                  6.64   data arrival time

                  0.00   20.00   20.00   clock clk (rise edge)
                          0.00   20.00   clock network delay (ideal)
                         -0.25   19.75   clock uncertainty
                          0.00   19.75   clock reconvergence pessimism
                         -4.00   15.75   output external delay
                                 15.75   data required time
-----------------------------------------------------------------------------
                                 15.75   data required time
                                 -6.64   data arrival time
-----------------------------------------------------------------------------
                                  9.11   slack (MET)


Startpoint: alu_control[2] (input port clocked by clk)
Endpoint: result[12] (output port clocked by clk)
Path Group: clk
Path Type: max

Fanout     Cap    Slew   Delay    Time   Description
-----------------------------------------------------------------------------
                  0.00    0.00    0.00   clock clk (rise edge)
                          0.00    0.00   clock network delay (ideal)
                          4.00    4.00 v input external delay
                  0.02    0.01    4.01 v alu_control[2] (in)
     1    0.01                           alu_control[2] (net)
                  0.02    0.00    4.01 v input35/A (sky130_fd_sc_hd__clkbuf_2)
                  0.10    0.15    4.17 v input35/X (sky130_fd_sc_hd__clkbuf_2)
     5    0.02                           net35 (net)
                  0.10    0.00    4.17 v _2536_/A (inverter)
                  0.12    0.11    4.28 ^ _2536_/Y (inverter)
     4    0.01                           _1645_ (net)
                  0.12    0.00    4.28 ^ _2571_/A (Nand_gate)
                  0.08    0.10    4.38 v _2571_/Y (Nand_gate)
     4    0.01                           _1680_ (net)
                  0.08    0.00    4.38 v _2669_/B (Nor_gate)
                  0.17    0.15    4.53 ^ _2669_/Y (Nor_gate)
     3    0.01                           _1777_ (net)
                  0.17    0.00    4.54 ^ _2706_/A (sky130_fd_sc_hd__clkbuf_4)
                  0.08    0.22    4.75 ^ _2706_/X (sky130_fd_sc_hd__clkbuf_4)
    10    0.02                           _1813_ (net)
                  0.08    0.00    4.75 ^ _2969_/A (Nor_gate)
                  0.05    0.06    4.81 v _2969_/Y (Nor_gate)
     2    0.01                           _2072_ (net)
                  0.05    0.00    4.81 v _3033_/A (Nor_gate)
                  0.11    0.11    4.93 ^ _3033_/Y (Nor_gate)
     1    0.01                           _2135_ (net)
                  0.11    0.00    4.93 ^ _3034_/B (Xnor)
                  0.35    0.32    5.25 ^ _3034_/Y (Xnor)
     3    0.01                           _2136_ (net)
                  0.35    0.00    5.25 ^ _3035_/B (Xnor)
                  0.30    0.31    5.56 ^ _3035_/Y (Xnor)
     3    0.01                           _2137_ (net)
                  0.30    0.00    5.56 ^ _3083_/B (Nand_gate)
                  0.09    0.13    5.69 v _3083_/Y (Nand_gate)
     3    0.01                           _0014_ (net)
                  0.09    0.00    5.69 v _3084_/B (Nor_gate)
                  0.12    0.12    5.81 ^ _3084_/Y (Nor_gate)
     2    0.01                           _0015_ (net)
                  0.12    0.00    5.81 ^ _3085_/B (Nand_gate)
                  0.04    0.06    5.87 v _3085_/Y (Nand_gate)
     1    0.00                           _0016_ (net)
                  0.04    0.00    5.87 v _3098_/A (Nand_gate)
                  0.07    0.07    5.94 ^ _3098_/Y (Nand_gate)
     3    0.01                           _0030_ (net)
                  0.07    0.00    5.94 ^ _3342_/A (Nand_gate)
                  0.06    0.07    6.01 v _3342_/Y (Nand_gate)
     2    0.01                           _0294_ (net)
                  0.06    0.00    6.01 v _3354_/A (Nand_gate)
                  0.08    0.08    6.10 ^ _3354_/Y (Nand_gate)
     3    0.01                           _0307_ (net)
                  0.08    0.00    6.10 ^ _3356_/B (Nor_gate)
                  0.03    0.04    6.14 v _3356_/Y (Nor_gate)
     1    0.00                           _0309_ (net)
                  0.03    0.00    6.14 v _3357_/B (Nor_gate)
                  0.08    0.07    6.21 ^ _3357_/Y (Nor_gate)
     1    0.00                           _0310_ (net)
                  0.08    0.00    6.21 ^ _3358_/B (Nand_gate)
                  0.04    0.06    6.27 v _3358_/Y (Nand_gate)
     1    0.00                           _0312_ (net)
                  0.04    0.00    6.27 v _3396_/A (Nand_gate)
                  0.04    0.05    6.31 ^ _3396_/Y (Nand_gate)
     1    0.00                           _0353_ (net)
                  0.04    0.00    6.32 ^ _3397_/A (sky130_fd_sc_hd__buf_1)
                  0.06    0.10    6.41 ^ _3397_/X (sky130_fd_sc_hd__buf_1)
     2    0.00                           net72 (net)
                  0.06    0.00    6.41 ^ output72/A (sky130_fd_sc_hd__clkbuf_4)
                  0.11    0.20    6.61 ^ output72/X (sky130_fd_sc_hd__clkbuf_4)
     1    0.03                           result[12] (net)
                  0.11    0.00    6.62 ^ result[12] (out)
                                  6.62   data arrival time

                  0.00   20.00   20.00   clock clk (rise edge)
                          0.00   20.00   clock network delay (ideal)
                         -0.25   19.75   clock uncertainty
                          0.00   19.75   clock reconvergence pessimism
                         -4.00   15.75   output external delay
                                 15.75   data required time
-----------------------------------------------------------------------------
                                 15.75   data required time
                                 -6.62   data arrival time
-----------------------------------------------------------------------------
                                  9.13   slack (MET)


Startpoint: alu_control[2] (input port clocked by clk)
Endpoint: result[8] (output port clocked by clk)
Path Group: clk
Path Type: max

Fanout     Cap    Slew   Delay    Time   Description
-----------------------------------------------------------------------------
                  0.00    0.00    0.00   clock clk (rise edge)
                          0.00    0.00   clock network delay (ideal)
                          4.00    4.00 v input external delay
                  0.02    0.01    4.01 v alu_control[2] (in)
     1    0.01                           alu_control[2] (net)
                  0.02    0.00    4.01 v input35/A (sky130_fd_sc_hd__clkbuf_2)
                  0.10    0.15    4.17 v input35/X (sky130_fd_sc_hd__clkbuf_2)
     5    0.02                           net35 (net)
                  0.10    0.00    4.17 v _2536_/A (inverter)
                  0.12    0.11    4.28 ^ _2536_/Y (inverter)
     4    0.01                           _1645_ (net)
                  0.12    0.00    4.28 ^ _2571_/A (Nand_gate)
                  0.08    0.10    4.38 v _2571_/Y (Nand_gate)
     4    0.01                           _1680_ (net)
                  0.08    0.00    4.38 v _2669_/B (Nor_gate)
                  0.17    0.15    4.53 ^ _2669_/Y (Nor_gate)
     3    0.01                           _1777_ (net)
                  0.17    0.00    4.54 ^ _2706_/A (sky130_fd_sc_hd__clkbuf_4)
                  0.08    0.22    4.75 ^ _2706_/X (sky130_fd_sc_hd__clkbuf_4)
    10    0.02                           _1813_ (net)
                  0.08    0.00    4.75 ^ _2969_/A (Nor_gate)
                  0.05    0.06    4.81 v _2969_/Y (Nor_gate)
     2    0.01                           _2072_ (net)
                  0.05    0.00    4.81 v _3033_/A (Nor_gate)
                  0.11    0.11    4.93 ^ _3033_/Y (Nor_gate)
     1    0.01                           _2135_ (net)
                  0.11    0.00    4.93 ^ _3034_/B (Xnor)
                  0.35    0.32    5.25 ^ _3034_/Y (Xnor)
     3    0.01                           _2136_ (net)
                  0.35    0.00    5.25 ^ _3035_/B (Xnor)
                  0.30    0.31    5.56 ^ _3035_/Y (Xnor)
     3    0.01                           _2137_ (net)
                  0.30    0.00    5.56 ^ _3083_/B (Nand_gate)
                  0.09    0.13    5.69 v _3083_/Y (Nand_gate)
     3    0.01                           _0014_ (net)
                  0.09    0.00    5.69 v _3084_/B (Nor_gate)
                  0.12    0.12    5.81 ^ _3084_/Y (Nor_gate)
     2    0.01                           _0015_ (net)
                  0.12    0.00    5.81 ^ _3085_/B (Nand_gate)
                  0.04    0.06    5.87 v _3085_/Y (Nand_gate)
     1    0.00                           _0016_ (net)
                  0.04    0.00    5.87 v _3098_/A (Nand_gate)
                  0.07    0.07    5.94 ^ _3098_/Y (Nand_gate)
     3    0.01                           _0030_ (net)
                  0.07    0.00    5.94 ^ _3110_/A (Nor_gate)
                  0.03    0.04    5.98 v _3110_/Y (Nor_gate)
     1    0.00                           _0043_ (net)
                  0.03    0.00    5.98 v _3111_/B (Nor_gate)
                  0.07    0.07    6.04 ^ _3111_/Y (Nor_gate)
     1    0.00                           _0044_ (net)
                  0.07    0.00    6.04 ^ _3112_/B (Nand_gate)
                  0.03    0.05    6.09 v _3112_/Y (Nand_gate)
     1    0.00                           _0045_ (net)
                  0.03    0.00    6.09 v _3150_/A (Nand_gate)
                  0.04    0.05    6.14 ^ _3150_/Y (Nand_gate)
     1    0.00                           _0087_ (net)
                  0.04    0.00    6.14 ^ _3151_/A (sky130_fd_sc_hd__buf_1)
                  0.10    0.12    6.26 ^ _3151_/X (sky130_fd_sc_hd__buf_1)
     2    0.01                           net99 (net)
                  0.10    0.00    6.26 ^ output99/A (sky130_fd_sc_hd__clkbuf_4)
                  0.11    0.21    6.47 ^ output99/X (sky130_fd_sc_hd__clkbuf_4)
     1    0.03                           result[8] (net)
                  0.11    0.00    6.47 ^ result[8] (out)
                                  6.47   data arrival time

                  0.00   20.00   20.00   clock clk (rise edge)
                          0.00   20.00   clock network delay (ideal)
                         -0.25   19.75   clock uncertainty
                          0.00   19.75   clock reconvergence pessimism
                         -4.00   15.75   output external delay
                                 15.75   data required time
-----------------------------------------------------------------------------
                                 15.75   data required time
                                 -6.47   data arrival time
-----------------------------------------------------------------------------
                                  9.28   slack (MET)


Startpoint: alu_control[2] (input port clocked by clk)
Endpoint: result[7] (output port clocked by clk)
Path Group: clk
Path Type: max

Fanout     Cap    Slew   Delay    Time   Description
-----------------------------------------------------------------------------
                  0.00    0.00    0.00   clock clk (rise edge)
                          0.00    0.00   clock network delay (ideal)
                          4.00    4.00 ^ input external delay
                  0.04    0.03    4.03 ^ alu_control[2] (in)
     1    0.01                           alu_control[2] (net)
                  0.04    0.00    4.03 ^ input35/A (sky130_fd_sc_hd__clkbuf_2)
                  0.13    0.17    4.20 ^ input35/X (sky130_fd_sc_hd__clkbuf_2)
     5    0.02                           net35 (net)
                  0.13    0.00    4.20 ^ _2536_/A (inverter)
                  0.07    0.09    4.29 v _2536_/Y (inverter)
     4    0.01                           _1645_ (net)
                  0.07    0.00    4.29 v _2571_/A (Nand_gate)
                  0.10    0.10    4.39 ^ _2571_/Y (Nand_gate)
     4    0.01                           _1680_ (net)
                  0.10    0.00    4.39 ^ _2669_/B (Nor_gate)
                  0.05    0.06    4.45 v _2669_/Y (Nor_gate)
     3    0.01                           _1777_ (net)
                  0.05    0.00    4.45 v _2706_/A (sky130_fd_sc_hd__clkbuf_4)
                  0.06    0.18    4.63 v _2706_/X (sky130_fd_sc_hd__clkbuf_4)
    10    0.02                           _1813_ (net)
                  0.06    0.00    4.63 v _2707_/B (Nor_gate)
                  0.13    0.12    4.75 ^ _2707_/Y (Nor_gate)
     1    0.01                           _1814_ (net)
                  0.13    0.00    4.75 ^ _2708_/B (Xnor)
                  0.26    0.27    5.01 ^ _2708_/Y (Xnor)
     2    0.01                           _1815_ (net)
                  0.26    0.00    5.01 ^ _2709_/B (Xnor)
                  0.35    0.35    5.36 ^ _2709_/Y (Xnor)
     4    0.01                           _1816_ (net)
                  0.35    0.00    5.36 ^ _2977_/A (inverter)
                  0.06    0.06    5.42 v _2977_/Y (inverter)
     1    0.00                           _2080_ (net)
                  0.06    0.00    5.42 v _2979_/A (Nand_gate)
                  0.04    0.05    5.47 ^ _2979_/Y (Nand_gate)
     1    0.00                           _2082_ (net)
                  0.04    0.00    5.47 ^ _2980_/B (Nor_gate)
                  0.04    0.03    5.50 v _2980_/Y (Nor_gate)
     1    0.00                           _2083_ (net)
                  0.04    0.00    5.50 v _2981_/A (Nor_gate)
                  0.10    0.10    5.59 ^ _2981_/Y (Nor_gate)
     2    0.00                           _2084_ (net)
                  0.10    0.00    5.59 ^ _2983_/A (Nor_gate)
                  0.03    0.05    5.64 v _2983_/Y (Nor_gate)
     1    0.00                           _2086_ (net)
                  0.03    0.00    5.64 v _2984_/B (Nor_gate)
                  0.10    0.08    5.73 ^ _2984_/Y (Nor_gate)
     2    0.00                           _2087_ (net)
                  0.10    0.00    5.73 ^ _2986_/B (Nor_gate)
                  0.06    0.05    5.78 v _2986_/Y (Nor_gate)
     2    0.01                           _2089_ (net)
                  0.06    0.00    5.78 v _3037_/A (inverter)
                  0.04    0.04    5.82 ^ _3037_/Y (inverter)
     1    0.00                           _2139_ (net)
                  0.04    0.00    5.82 ^ _3038_/B (Nand_gate)
                  0.05    0.05    5.88 v _3038_/Y (Nand_gate)
     2    0.01                           _2140_ (net)
                  0.05    0.00    5.88 v _3040_/B (Nand_gate)
                  0.05    0.05    5.92 ^ _3040_/Y (Nand_gate)
     1    0.00                           _2142_ (net)
                  0.05    0.00    5.92 ^ _3041_/B (Nand_gate)
                  0.03    0.04    5.96 v _3041_/Y (Nand_gate)
     1    0.00                           _2143_ (net)
                  0.03    0.00    5.96 v _3042_/B (Nor_gate)
                  0.09    0.08    6.04 ^ _3042_/Y (Nor_gate)
     1    0.00                           _2144_ (net)
                  0.09    0.00    6.04 ^ _3080_/A (Nor_gate)
                  0.03    0.05    6.09 v _3080_/Y (Nor_gate)
     2    0.00                           _0012_ (net)
                  0.03    0.00    6.09 v _3081_/A (inverter)
                  0.09    0.08    6.17 ^ _3081_/Y (inverter)
     1    0.01                           net98 (net)
                  0.09    0.00    6.17 ^ output98/A (sky130_fd_sc_hd__clkbuf_4)
                  0.11    0.21    6.38 ^ output98/X (sky130_fd_sc_hd__clkbuf_4)
     1    0.03                           result[7] (net)
                  0.11    0.00    6.38 ^ result[7] (out)
                                  6.38   data arrival time

                  0.00   20.00   20.00   clock clk (rise edge)
                          0.00   20.00   clock network delay (ideal)
                         -0.25   19.75   clock uncertainty
                          0.00   19.75   clock reconvergence pessimism
                         -4.00   15.75   output external delay
                                 15.75   data required time
-----------------------------------------------------------------------------
                                 15.75   data required time
                                 -6.38   data arrival time
-----------------------------------------------------------------------------
                                  9.37   slack (MET)


Startpoint: alu_control[2] (input port clocked by clk)
Endpoint: result[6] (output port clocked by clk)
Path Group: clk
Path Type: max

Fanout     Cap    Slew   Delay    Time   Description
-----------------------------------------------------------------------------
                  0.00    0.00    0.00   clock clk (rise edge)
                          0.00    0.00   clock network delay (ideal)
                          4.00    4.00 ^ input external delay
                  0.04    0.03    4.03 ^ alu_control[2] (in)
     1    0.01                           alu_control[2] (net)
                  0.04    0.00    4.03 ^ input35/A (sky130_fd_sc_hd__clkbuf_2)
                  0.13    0.17    4.20 ^ input35/X (sky130_fd_sc_hd__clkbuf_2)
     5    0.02                           net35 (net)
                  0.13    0.00    4.20 ^ _2536_/A (inverter)
                  0.07    0.09    4.29 v _2536_/Y (inverter)
     4    0.01                           _1645_ (net)
                  0.07    0.00    4.29 v _2571_/A (Nand_gate)
                  0.10    0.10    4.39 ^ _2571_/Y (Nand_gate)
     4    0.01                           _1680_ (net)
                  0.10    0.00    4.39 ^ _2669_/B (Nor_gate)
                  0.05    0.06    4.45 v _2669_/Y (Nor_gate)
     3    0.01                           _1777_ (net)
                  0.05    0.00    4.45 v _2706_/A (sky130_fd_sc_hd__clkbuf_4)
                  0.06    0.18    4.63 v _2706_/X (sky130_fd_sc_hd__clkbuf_4)
    10    0.02                           _1813_ (net)
                  0.06    0.00    4.63 v _2707_/B (Nor_gate)
                  0.13    0.12    4.75 ^ _2707_/Y (Nor_gate)
     1    0.01                           _1814_ (net)
                  0.13    0.00    4.75 ^ _2708_/B (Xnor)
                  0.26    0.27    5.01 ^ _2708_/Y (Xnor)
     2    0.01                           _1815_ (net)
                  0.26    0.00    5.01 ^ _2709_/B (Xnor)
                  0.35    0.35    5.36 ^ _2709_/Y (Xnor)
     4    0.01                           _1816_ (net)
                  0.35    0.00    5.36 ^ _2977_/A (inverter)
                  0.06    0.06    5.42 v _2977_/Y (inverter)
     1    0.00                           _2080_ (net)
                  0.06    0.00    5.42 v _2979_/A (Nand_gate)
                  0.04    0.05    5.47 ^ _2979_/Y (Nand_gate)
     1    0.00                           _2082_ (net)
                  0.04    0.00    5.47 ^ _2980_/B (Nor_gate)
                  0.04    0.03    5.50 v _2980_/Y (Nor_gate)
     1    0.00                           _2083_ (net)
                  0.04    0.00    5.50 v _2981_/A (Nor_gate)
                  0.10    0.10    5.59 ^ _2981_/Y (Nor_gate)
     2    0.00                           _2084_ (net)
                  0.10    0.00    5.59 ^ _2983_/A (Nor_gate)
                  0.03    0.05    5.64 v _2983_/Y (Nor_gate)
     1    0.00                           _2086_ (net)
                  0.03    0.00    5.64 v _2984_/B (Nor_gate)
                  0.10    0.08    5.73 ^ _2984_/Y (Nor_gate)
     2    0.00                           _2087_ (net)
                  0.10    0.00    5.73 ^ _2986_/B (Nor_gate)
                  0.06    0.05    5.78 v _2986_/Y (Nor_gate)
     2    0.01                           _2089_ (net)
                  0.06    0.00    5.78 v _2987_/B (Nor_gate)
                  0.08    0.08    5.86 ^ _2987_/Y (Nor_gate)
     1    0.00                           _2090_ (net)
                  0.08    0.00    5.86 ^ _2988_/B (Nand_gate)
                  0.06    0.07    5.92 v _2988_/Y (Nand_gate)
     1    0.01                           _2091_ (net)
                  0.06    0.00    5.93 v _3030_/A (Nand_gate)
                  0.04    0.05    5.97 ^ _3030_/Y (Nand_gate)
     1    0.00                           _2133_ (net)
                  0.04    0.00    5.97 ^ _3031_/A (sky130_fd_sc_hd__buf_1)
                  0.15    0.16    6.13 ^ _3031_/X (sky130_fd_sc_hd__buf_1)
     2    0.01                           net97 (net)
                  0.15    0.00    6.13 ^ output97/A (sky130_fd_sc_hd__clkbuf_4)
                  0.12    0.24    6.37 ^ output97/X (sky130_fd_sc_hd__clkbuf_4)
     1    0.04                           result[6] (net)
                  0.12    0.00    6.37 ^ result[6] (out)
                                  6.37   data arrival time

                  0.00   20.00   20.00   clock clk (rise edge)
                          0.00   20.00   clock network delay (ideal)
                         -0.25   19.75   clock uncertainty
                          0.00   19.75   clock reconvergence pessimism
                         -4.00   15.75   output external delay
                                 15.75   data required time
-----------------------------------------------------------------------------
                                 15.75   data required time
                                 -6.37   data arrival time
-----------------------------------------------------------------------------
                                  9.38   slack (MET)


Startpoint: b[0] (input port clocked by clk)
Endpoint: result[4] (output port clocked by clk)
Path Group: clk
Path Type: max

Fanout     Cap    Slew   Delay    Time   Description
-----------------------------------------------------------------------------
                  0.00    0.00    0.00   clock clk (rise edge)
                          0.00    0.00   clock network delay (ideal)
                          4.00    4.00 ^ input external delay
                  0.02    0.01    4.01 ^ b[0] (in)
     1    0.00                           b[0] (net)
                  0.02    0.00    4.01 ^ input37/A (sky130_fd_sc_hd__clkbuf_4)
                  0.09    0.17    4.18 ^ input37/X (sky130_fd_sc_hd__clkbuf_4)
    10    0.03                           net37 (net)
                  0.09    0.00    4.18 ^ _2324_/A (sky130_fd_sc_hd__clkbuf_4)
                  0.10    0.20    4.38 ^ _2324_/X (sky130_fd_sc_hd__clkbuf_4)
    10    0.03                           _1433_ (net)
                  0.10    0.00    4.38 ^ _2498_/A (sky130_fd_sc_hd__buf_4)
                  0.14    0.21    4.59 ^ _2498_/X (sky130_fd_sc_hd__buf_4)
    10    0.05                           _1607_ (net)
                  0.14    0.00    4.59 ^ _2499_/A (sky130_fd_sc_hd__clkbuf_4)
                  0.10    0.21    4.80 ^ _2499_/X (sky130_fd_sc_hd__clkbuf_4)
    10    0.03                           _1608_ (net)
                  0.10    0.00    4.80 ^ _2500_/S (Mux)
                  0.04    0.22    5.03 v _2500_/Y (Mux)
     1    0.00                           _1609_ (net)
                  0.04    0.00    5.03 v _2503_/A (Mux)
                  0.07    0.26    5.29 v _2503_/Y (Mux)
     2    0.01                           _1612_ (net)
                  0.07    0.00    5.29 v _2900_/A (Mux)
                  0.04    0.23    5.52 v _2900_/Y (Mux)
     1    0.00                           _2005_ (net)
                  0.04    0.00    5.52 v _2904_/A (Mux)
                  0.04    0.22    5.74 v _2904_/Y (Mux)
     1    0.00                           _2009_ (net)
                  0.04    0.00    5.74 v _2905_/B (Nand_gate)
                  0.05    0.04    5.78 ^ _2905_/Y (Nand_gate)
     1    0.00                           _2010_ (net)
                  0.05    0.00    5.79 ^ _2914_/A (Nand_gate)
                  0.03    0.04    5.83 v _2914_/Y (Nand_gate)
     1    0.00                           _2019_ (net)
                  0.03    0.00    5.83 v _2915_/B (Nand_gate)
                  0.05    0.05    5.87 ^ _2915_/Y (Nand_gate)
     1    0.00                           _2020_ (net)
                  0.05    0.00    5.87 ^ _2916_/B (Nand_gate)
                  0.04    0.05    5.92 v _2916_/Y (Nand_gate)
     1    0.00                           _2021_ (net)
                  0.04    0.00    5.92 v _2917_/B (Nor_gate)
                  0.11    0.10    6.02 ^ _2917_/Y (Nor_gate)
     2    0.01                           _2022_ (net)
                  0.11    0.00    6.02 ^ _2918_/A (inverter)
                  0.09    0.10    6.12 v _2918_/Y (inverter)
     1    0.02                           net95 (net)
                  0.09    0.00    6.12 v output95/A (sky130_fd_sc_hd__clkbuf_4)
                  0.08    0.21    6.33 v output95/X (sky130_fd_sc_hd__clkbuf_4)
     1    0.03                           result[4] (net)
                  0.08    0.00    6.33 v result[4] (out)
                                  6.33   data arrival time

                  0.00   20.00   20.00   clock clk (rise edge)
                          0.00   20.00   clock network delay (ideal)
                         -0.25   19.75   clock uncertainty
                          0.00   19.75   clock reconvergence pessimism
                         -4.00   15.75   output external delay
                                 15.75   data required time
-----------------------------------------------------------------------------
                                 15.75   data required time
                                 -6.33   data arrival time
-----------------------------------------------------------------------------
                                  9.42   slack (MET)


Startpoint: alu_control[2] (input port clocked by clk)
Endpoint: result[5] (output port clocked by clk)
Path Group: clk
Path Type: max

Fanout     Cap    Slew   Delay    Time   Description
-----------------------------------------------------------------------------
                  0.00    0.00    0.00   clock clk (rise edge)
                          0.00    0.00   clock network delay (ideal)
                          4.00    4.00 ^ input external delay
                  0.04    0.03    4.03 ^ alu_control[2] (in)
     1    0.01                           alu_control[2] (net)
                  0.04    0.00    4.03 ^ input35/A (sky130_fd_sc_hd__clkbuf_2)
                  0.13    0.17    4.20 ^ input35/X (sky130_fd_sc_hd__clkbuf_2)
     5    0.02                           net35 (net)
                  0.13    0.00    4.20 ^ _2536_/A (inverter)
                  0.07    0.09    4.29 v _2536_/Y (inverter)
     4    0.01                           _1645_ (net)
                  0.07    0.00    4.29 v _2571_/A (Nand_gate)
                  0.10    0.10    4.39 ^ _2571_/Y (Nand_gate)
     4    0.01                           _1680_ (net)
                  0.10    0.00    4.39 ^ _2669_/B (Nor_gate)
                  0.05    0.06    4.45 v _2669_/Y (Nor_gate)
     3    0.01                           _1777_ (net)
                  0.05    0.00    4.45 v _2706_/A (sky130_fd_sc_hd__clkbuf_4)
                  0.06    0.18    4.63 v _2706_/X (sky130_fd_sc_hd__clkbuf_4)
    10    0.02                           _1813_ (net)
                  0.06    0.00    4.63 v _2707_/B (Nor_gate)
                  0.13    0.12    4.75 ^ _2707_/Y (Nor_gate)
     1    0.01                           _1814_ (net)
                  0.13    0.00    4.75 ^ _2708_/B (Xnor)
                  0.26    0.27    5.01 ^ _2708_/Y (Xnor)
     2    0.01                           _1815_ (net)
                  0.26    0.00    5.01 ^ _2709_/B (Xnor)
                  0.35    0.35    5.36 ^ _2709_/Y (Xnor)
     4    0.01                           _1816_ (net)
                  0.35    0.00    5.36 ^ _2852_/A (Nor_gate)
                  0.05    0.08    5.44 v _2852_/Y (Nor_gate)
     1    0.00                           _1957_ (net)
                  0.05    0.00    5.44 v _2853_/B (Nand_gate)
                  0.04    0.05    5.48 ^ _2853_/Y (Nand_gate)
     1    0.00                           _1958_ (net)
                  0.04    0.00    5.48 ^ _2860_/A (Nand_gate)
                  0.06    0.07    5.55 v _2860_/Y (Nand_gate)
     3    0.01                           _1965_ (net)
                  0.06    0.00    5.55 v _2869_/A (Nand_gate)
                  0.06    0.06    5.62 ^ _2869_/Y (Nand_gate)
     2    0.01                           _1974_ (net)
                  0.06    0.00    5.62 ^ _2923_/B (Nand_gate)
                  0.05    0.05    5.67 v _2923_/Y (Nand_gate)
     2    0.01                           _2027_ (net)
                  0.05    0.00    5.67 v _2925_/B (Nor_gate)
                  0.07    0.07    5.74 ^ _2925_/Y (Nor_gate)
     1    0.00                           _2029_ (net)
                  0.07    0.00    5.74 ^ _2926_/B (Nor_gate)
                  0.03    0.03    5.77 v _2926_/Y (Nor_gate)
     1    0.00                           _2030_ (net)
                  0.03    0.00    5.77 v _2927_/B (Nand_gate)
                  0.04    0.04    5.81 ^ _2927_/Y (Nand_gate)
     1    0.00                           _2031_ (net)
                  0.04    0.00    5.81 ^ _2964_/A (Nand_gate)
                  0.04    0.05    5.85 v _2964_/Y (Nand_gate)
     1    0.00                           _2068_ (net)
                  0.04    0.00    5.85 v _2965_/A (sky130_fd_sc_hd__buf_1)
                  0.03    0.09    5.95 v _2965_/X (sky130_fd_sc_hd__buf_1)
     2    0.00                           net96 (net)
                  0.03    0.00    5.95 v output96/A (sky130_fd_sc_hd__buf_2)
                  0.09    0.18    6.13 v output96/X (sky130_fd_sc_hd__buf_2)
     1    0.03                           result[5] (net)
                  0.09    0.00    6.13 v result[5] (out)
                                  6.13   data arrival time

                  0.00   20.00   20.00   clock clk (rise edge)
                          0.00   20.00   clock network delay (ideal)
                         -0.25   19.75   clock uncertainty
                          0.00   19.75   clock reconvergence pessimism
                         -4.00   15.75   output external delay
                                 15.75   data required time
-----------------------------------------------------------------------------
                                 15.75   data required time
                                 -6.13   data arrival time
-----------------------------------------------------------------------------
                                  9.62   slack (MET)


Startpoint: alu_control[2] (input port clocked by clk)
Endpoint: result[3] (output port clocked by clk)
Path Group: clk
Path Type: max

Fanout     Cap    Slew   Delay    Time   Description
-----------------------------------------------------------------------------
                  0.00    0.00    0.00   clock clk (rise edge)
                          0.00    0.00   clock network delay (ideal)
                          4.00    4.00 ^ input external delay
                  0.04    0.03    4.03 ^ alu_control[2] (in)
     1    0.01                           alu_control[2] (net)
                  0.04    0.00    4.03 ^ input35/A (sky130_fd_sc_hd__clkbuf_2)
                  0.13    0.17    4.20 ^ input35/X (sky130_fd_sc_hd__clkbuf_2)
     5    0.02                           net35 (net)
                  0.13    0.00    4.20 ^ _2536_/A (inverter)
                  0.07    0.09    4.29 v _2536_/Y (inverter)
     4    0.01                           _1645_ (net)
                  0.07    0.00    4.29 v _2571_/A (Nand_gate)
                  0.10    0.10    4.39 ^ _2571_/Y (Nand_gate)
     4    0.01                           _1680_ (net)
                  0.10    0.00    4.39 ^ _2669_/B (Nor_gate)
                  0.05    0.06    4.45 v _2669_/Y (Nor_gate)
     3    0.01                           _1777_ (net)
                  0.05    0.00    4.45 v _2706_/A (sky130_fd_sc_hd__clkbuf_4)
                  0.06    0.18    4.63 v _2706_/X (sky130_fd_sc_hd__clkbuf_4)
    10    0.02                           _1813_ (net)
                  0.06    0.00    4.63 v _2707_/B (Nor_gate)
                  0.13    0.12    4.75 ^ _2707_/Y (Nor_gate)
     1    0.01                           _1814_ (net)
                  0.13    0.00    4.75 ^ _2708_/B (Xnor)
                  0.26    0.27    5.01 ^ _2708_/Y (Xnor)
     2    0.01                           _1815_ (net)
                  0.26    0.00    5.01 ^ _2709_/B (Xnor)
                  0.35    0.35    5.36 ^ _2709_/Y (Xnor)
     4    0.01                           _1816_ (net)
                  0.35    0.00    5.36 ^ _2710_/B (Nor_gate)
                  0.06    0.08    5.45 v _2710_/Y (Nor_gate)
     2    0.01                           _1817_ (net)
                  0.06    0.00    5.45 v _2790_/B (Nor_gate)
                  0.12    0.11    5.56 ^ _2790_/Y (Nor_gate)
     2    0.01                           _1896_ (net)
                  0.12    0.00    5.56 ^ _2793_/B (Nor_gate)
                  0.04    0.04    5.60 v _2793_/Y (Nor_gate)
     1    0.00                           _1899_ (net)
                  0.04    0.00    5.60 v _2794_/B (Nor_gate)
                  0.07    0.07    5.67 ^ _2794_/Y (Nor_gate)
     1    0.00                           _1900_ (net)
                  0.07    0.00    5.67 ^ _2795_/B (Nand_gate)
                  0.04    0.05    5.72 v _2795_/Y (Nand_gate)
     1    0.00                           _1901_ (net)
                  0.04    0.00    5.72 v _2849_/A (Nand_gate)
                  0.04    0.05    5.77 ^ _2849_/Y (Nand_gate)
     1    0.00                           _1955_ (net)
                  0.04    0.00    5.77 ^ _2850_/A (sky130_fd_sc_hd__buf_1)
                  0.07    0.10    5.86 ^ _2850_/X (sky130_fd_sc_hd__buf_1)
     2    0.00                           net94 (net)
                  0.07    0.00    5.86 ^ output94/A (sky130_fd_sc_hd__clkbuf_4)
                  0.11    0.20    6.07 ^ output94/X (sky130_fd_sc_hd__clkbuf_4)
     1    0.04                           result[3] (net)
                  0.11    0.00    6.07 ^ result[3] (out)
                                  6.07   data arrival time

                  0.00   20.00   20.00   clock clk (rise edge)
                          0.00   20.00   clock network delay (ideal)
                         -0.25   19.75   clock uncertainty
                          0.00   19.75   clock reconvergence pessimism
                         -4.00   15.75   output external delay
                                 15.75   data required time
-----------------------------------------------------------------------------
                                 15.75   data required time
                                 -6.07   data arrival time
-----------------------------------------------------------------------------
                                  9.68   slack (MET)


Startpoint: b[0] (input port clocked by clk)
Endpoint: result[0] (output port clocked by clk)
Path Group: clk
Path Type: max

Fanout     Cap    Slew   Delay    Time   Description
-----------------------------------------------------------------------------
                  0.00    0.00    0.00   clock clk (rise edge)
                          0.00    0.00   clock network delay (ideal)
                          4.00    4.00 ^ input external delay
                  0.02    0.01    4.01 ^ b[0] (in)
     1    0.00                           b[0] (net)
                  0.02    0.00    4.01 ^ input37/A (sky130_fd_sc_hd__clkbuf_4)
                  0.09    0.17    4.18 ^ input37/X (sky130_fd_sc_hd__clkbuf_4)
    10    0.03                           net37 (net)
                  0.09    0.00    4.18 ^ _2324_/A (sky130_fd_sc_hd__clkbuf_4)
                  0.10    0.20    4.38 ^ _2324_/X (sky130_fd_sc_hd__clkbuf_4)
    10    0.03                           _1433_ (net)
                  0.10    0.00    4.38 ^ _2498_/A (sky130_fd_sc_hd__buf_4)
                  0.14    0.21    4.59 ^ _2498_/X (sky130_fd_sc_hd__buf_4)
    10    0.05                           _1607_ (net)
                  0.14    0.00    4.59 ^ _2499_/A (sky130_fd_sc_hd__clkbuf_4)
                  0.10    0.21    4.80 ^ _2499_/X (sky130_fd_sc_hd__clkbuf_4)
    10    0.03                           _1608_ (net)
                  0.10    0.00    4.80 ^ _2500_/S (Mux)
                  0.04    0.22    5.03 v _2500_/Y (Mux)
     1    0.00                           _1609_ (net)
                  0.04    0.00    5.03 v _2503_/A (Mux)
                  0.07    0.26    5.29 v _2503_/Y (Mux)
     2    0.01                           _1612_ (net)
                  0.07    0.00    5.29 v _2504_/B (Nor_gate)
                  0.08    0.08    5.37 ^ _2504_/Y (Nor_gate)
     1    0.00                           _1613_ (net)
                  0.08    0.00    5.37 ^ _2514_/A (Nor_gate)
                  0.03    0.05    5.42 v _2514_/Y (Nor_gate)
     1    0.00                           _1623_ (net)
                  0.03    0.00    5.42 v _2532_/A (Nor_gate)
                  0.08    0.08    5.50 ^ _2532_/Y (Nor_gate)
     1    0.00                           _1641_ (net)
                  0.08    0.00    5.50 ^ _2566_/A (Nor_gate)
                  0.02    0.04    5.54 v _2566_/Y (Nor_gate)
     1    0.00                           _1675_ (net)
                  0.02    0.00    5.54 v _2601_/A (Nor_gate)
                  0.07    0.07    5.61 ^ _2601_/Y (Nor_gate)
     1    0.00                           _1710_ (net)
                  0.07    0.00    5.61 ^ _2602_/B (Nand_gate)
                  0.03    0.04    5.65 v _2602_/Y (Nand_gate)
     1    0.00                           _1711_ (net)
                  0.03    0.00    5.65 v _2603_/A (sky130_fd_sc_hd__clkbuf_2)
                  0.03    0.10    5.75 v _2603_/X (sky130_fd_sc_hd__clkbuf_2)
     2    0.00                           net69 (net)
                  0.03    0.00    5.75 v output69/A (sky130_fd_sc_hd__clkbuf_4)
                  0.08    0.18    5.94 v output69/X (sky130_fd_sc_hd__clkbuf_4)
     1    0.03                           result[0] (net)
                  0.08    0.00    5.94 v result[0] (out)
                                  5.94   data arrival time

                  0.00   20.00   20.00   clock clk (rise edge)
                          0.00   20.00   clock network delay (ideal)
                         -0.25   19.75   clock uncertainty
                          0.00   19.75   clock reconvergence pessimism
                         -4.00   15.75   output external delay
                                 15.75   data required time
-----------------------------------------------------------------------------
                                 15.75   data required time
                                 -5.94   data arrival time
-----------------------------------------------------------------------------
                                  9.81   slack (MET)


Startpoint: b[0] (input port clocked by clk)
Endpoint: result[2] (output port clocked by clk)
Path Group: clk
Path Type: max

Fanout     Cap    Slew   Delay    Time   Description
-----------------------------------------------------------------------------
                  0.00    0.00    0.00   clock clk (rise edge)
                          0.00    0.00   clock network delay (ideal)
                          4.00    4.00 ^ input external delay
                  0.02    0.01    4.01 ^ b[0] (in)
     1    0.00                           b[0] (net)
                  0.02    0.00    4.01 ^ input37/A (sky130_fd_sc_hd__clkbuf_4)
                  0.09    0.17    4.18 ^ input37/X (sky130_fd_sc_hd__clkbuf_4)
    10    0.03                           net37 (net)
                  0.09    0.00    4.18 ^ _2324_/A (sky130_fd_sc_hd__clkbuf_4)
                  0.10    0.20    4.38 ^ _2324_/X (sky130_fd_sc_hd__clkbuf_4)
    10    0.03                           _1433_ (net)
                  0.10    0.00    4.38 ^ _2498_/A (sky130_fd_sc_hd__buf_4)
                  0.14    0.21    4.59 ^ _2498_/X (sky130_fd_sc_hd__buf_4)
    10    0.05                           _1607_ (net)
                  0.14    0.00    4.59 ^ _2732_/S (Mux)
                  0.05    0.23    4.82 v _2732_/Y (Mux)
     1    0.00                           _1839_ (net)
                  0.05    0.00    4.82 v _2734_/A (Mux)
                  0.05    0.24    5.06 v _2734_/Y (Mux)
     1    0.00                           _1841_ (net)
                  0.05    0.00    5.06 v _2738_/A (Mux)
                  0.07    0.27    5.33 v _2738_/Y (Mux)
     2    0.01                           _1845_ (net)
                  0.07    0.00    5.33 v _2739_/B (Nand_gate)
                  0.06    0.07    5.40 ^ _2739_/Y (Nand_gate)
     2    0.01                           _1846_ (net)
                  0.06    0.00    5.40 ^ _2740_/B (Nand_gate)
                  0.03    0.04    5.44 v _2740_/Y (Nand_gate)
     1    0.00                           _1847_ (net)
                  0.03    0.00    5.44 v _2741_/B (Nand_gate)
                  0.05    0.05    5.49 ^ _2741_/Y (Nand_gate)
     1    0.00                           _1848_ (net)
                  0.05    0.00    5.49 ^ _2742_/B (Nand_gate)
                  0.03    0.04    5.53 v _2742_/Y (Nand_gate)
     1    0.00                           _1849_ (net)
                  0.03    0.00    5.53 v _2743_/B (Nand_gate)
                  0.04    0.04    5.57 ^ _2743_/Y (Nand_gate)
     1    0.00                           _1850_ (net)
                  0.04    0.00    5.57 ^ _2780_/A (Nand_gate)
                  0.04    0.05    5.63 v _2780_/Y (Nand_gate)
     1    0.00                           _1887_ (net)
                  0.04    0.00    5.63 v _2781_/B (Nor_gate)
                  0.10    0.09    5.71 ^ _2781_/Y (Nor_gate)
     2    0.00                           _1888_ (net)
                  0.10    0.00    5.71 ^ _2782_/A (inverter)
                  0.02    0.03    5.75 v _2782_/Y (inverter)
     1    0.00                           net91 (net)
                  0.02    0.00    5.75 v output91/A (sky130_fd_sc_hd__clkbuf_4)
                  0.08    0.18    5.93 v output91/X (sky130_fd_sc_hd__clkbuf_4)
     1    0.03                           result[2] (net)
                  0.08    0.00    5.93 v result[2] (out)
                                  5.93   data arrival time

                  0.00   20.00   20.00   clock clk (rise edge)
                          0.00   20.00   clock network delay (ideal)
                         -0.25   19.75   clock uncertainty
                          0.00   19.75   clock reconvergence pessimism
                         -4.00   15.75   output external delay
                                 15.75   data required time
-----------------------------------------------------------------------------
                                 15.75   data required time
                                 -5.93   data arrival time
-----------------------------------------------------------------------------
                                  9.82   slack (MET)


Startpoint: b[0] (input port clocked by clk)
Endpoint: result[1] (output port clocked by clk)
Path Group: clk
Path Type: max

Fanout     Cap    Slew   Delay    Time   Description
-----------------------------------------------------------------------------
                  0.00    0.00    0.00   clock clk (rise edge)
                          0.00    0.00   clock network delay (ideal)
                          4.00    4.00 ^ input external delay
                  0.02    0.01    4.01 ^ b[0] (in)
     1    0.00                           b[0] (net)
                  0.02    0.00    4.01 ^ input37/A (sky130_fd_sc_hd__clkbuf_4)
                  0.09    0.17    4.18 ^ input37/X (sky130_fd_sc_hd__clkbuf_4)
    10    0.03                           net37 (net)
                  0.09    0.00    4.18 ^ _2324_/A (sky130_fd_sc_hd__clkbuf_4)
                  0.10    0.20    4.38 ^ _2324_/X (sky130_fd_sc_hd__clkbuf_4)
    10    0.03                           _1433_ (net)
                  0.10    0.00    4.38 ^ _2640_/S (Mux)
                  0.05    0.24    4.62 v _2640_/Y (Mux)
     2    0.00                           _1748_ (net)
                  0.05    0.00    4.62 v _2642_/A (Mux)
                  0.07    0.27    4.88 v _2642_/Y (Mux)
     3    0.01                           _1750_ (net)
                  0.07    0.00    4.88 v _2648_/A (Mux)
                  0.06    0.24    5.13 v _2648_/Y (Mux)
     2    0.00                           _1756_ (net)
                  0.06    0.00    5.13 v _2649_/A (inverter)
                  0.04    0.05    5.17 ^ _2649_/Y (inverter)
     1    0.00                           _1757_ (net)
                  0.04    0.00    5.17 ^ _2650_/B (Nand_gate)
                  0.04    0.04    5.22 v _2650_/Y (Nand_gate)
     1    0.00                           _1758_ (net)
                  0.04    0.00    5.22 v _2651_/B (Nand_gate)
                  0.07    0.06    5.28 ^ _2651_/Y (Nand_gate)
     2    0.01                           _1759_ (net)
                  0.07    0.00    5.28 ^ _2652_/B (Nand_gate)
                  0.04    0.05    5.33 v _2652_/Y (Nand_gate)
     1    0.00                           _1760_ (net)
                  0.04    0.00    5.33 v _2653_/B (Nand_gate)
                  0.04    0.04    5.37 ^ _2653_/Y (Nand_gate)
     1    0.00                           _1761_ (net)
                  0.04    0.00    5.37 ^ _2654_/A (inverter)
                  0.02    0.03    5.40 v _2654_/Y (inverter)
     1    0.00                           _1762_ (net)
                  0.02    0.00    5.40 v _2655_/B (Nor_gate)
                  0.11    0.09    5.49 ^ _2655_/Y (Nor_gate)
     1    0.01                           _1763_ (net)
                  0.11    0.00    5.49 ^ _2701_/A (Nor_gate)
                  0.04    0.06    5.55 v _2701_/Y (Nor_gate)
     2    0.00                           _1809_ (net)
                  0.04    0.00    5.55 v _2702_/A (inverter)
                  0.04    0.04    5.58 ^ _2702_/Y (inverter)
     1    0.00                           net80 (net)
                  0.04    0.00    5.58 ^ output80/A (sky130_fd_sc_hd__clkbuf_4)
                  0.11    0.19    5.77 ^ output80/X (sky130_fd_sc_hd__clkbuf_4)
     1    0.03                           result[1] (net)
                  0.11    0.00    5.77 ^ result[1] (out)
                                  5.77   data arrival time

                  0.00   20.00   20.00   clock clk (rise edge)
                          0.00   20.00   clock network delay (ideal)
                         -0.25   19.75   clock uncertainty
                          0.00   19.75   clock reconvergence pessimism
                         -4.00   15.75   output external delay
                                 15.75   data required time
-----------------------------------------------------------------------------
                                 15.75   data required time
                                 -5.77   data arrival time
-----------------------------------------------------------------------------
                                  9.98   slack (MET)



max_report_end
checks_report

===========================================================================
report_checks -unconstrained
===========================================================================
======================= Typical Corner ===================================

Startpoint: b[2] (input port clocked by clk)
Endpoint: zero (output port clocked by clk)
Path Group: clk
Path Type: max

Fanout     Cap    Slew   Delay    Time   Description
-----------------------------------------------------------------------------
                  0.00    0.00    0.00   clock clk (rise edge)
                          0.00    0.00   clock network delay (ideal)
                          4.00    4.00 v input external delay
                  0.01    0.01    4.01 v b[2] (in)
     1    0.00                           b[2] (net)
                  0.01    0.00    4.01 v input59/A (sky130_fd_sc_hd__buf_1)
                  0.05    0.10    4.11 v input59/X (sky130_fd_sc_hd__buf_1)
     2    0.01                           net59 (net)
                  0.05    0.00    4.11 v _2329_/A (sky130_fd_sc_hd__clkbuf_4)
                  0.09    0.21    4.31 v _2329_/X (sky130_fd_sc_hd__clkbuf_4)
    10    0.04                           _1438_ (net)
                  0.09    0.00    4.32 v _2589_/A (Nor_gate)
                  0.14    0.14    4.46 ^ _2589_/Y (Nor_gate)
     3    0.01                           _1698_ (net)
                  0.14    0.00    4.46 ^ _2590_/B (Nand_gate)
                  0.08    0.09    4.55 v _2590_/Y (Nand_gate)
     4    0.01                           _1699_ (net)
                  0.08    0.00    4.55 v _3101_/A (Nor_gate)
                  0.14    0.13    4.69 ^ _3101_/Y (Nor_gate)
     3    0.01                           _0033_ (net)
                  0.14    0.00    4.69 ^ _3331_/A (Nand_gate)
                  0.10    0.12    4.81 v _3331_/Y (Nand_gate)
     4    0.01                           _0282_ (net)
                  0.10    0.00    4.81 v _3583_/A (Nor_gate)
                  0.19    0.18    4.99 ^ _3583_/Y (Nor_gate)
     3    0.01                           _0555_ (net)
                  0.19    0.00    4.99 ^ _3773_/A (Nand_gate)
                  0.07    0.10    5.09 v _3773_/Y (Nand_gate)
     2    0.01                           _0760_ (net)
                  0.07    0.00    5.09 v _3872_/A (Nor_gate)
                  0.06    0.08    5.17 ^ _3872_/Y (Nor_gate)
     1    0.00                           _0867_ (net)
                  0.06    0.00    5.17 ^ _3873_/B (Nor_gate)
                  0.05    0.05    5.22 v _3873_/Y (Nor_gate)
     2    0.01                           _0868_ (net)
                  0.05    0.00    5.22 v _3922_/A (Nor_gate)
                  0.14    0.14    5.35 ^ _3922_/Y (Nor_gate)
     2    0.01                           _0921_ (net)
                  0.14    0.00    5.35 ^ _3923_/B (Xnor)
                  0.32    0.30    5.66 ^ _3923_/Y (Xnor)
     3    0.01                           _0922_ (net)
                  0.32    0.00    5.66 ^ _3924_/B (Xnor)
                  0.28    0.30    5.96 ^ _3924_/Y (Xnor)
     3    0.01                           _0923_ (net)
                  0.28    0.00    5.96 ^ _3959_/B (Nor_gate)
                  0.07    0.10    6.06 v _3959_/Y (Nor_gate)
     3    0.01                           _0961_ (net)
                  0.07    0.00    6.06 v _3964_/B (Nand_gate)
                  0.05    0.05    6.11 ^ _3964_/Y (Nand_gate)
     1    0.00                           _0966_ (net)
                  0.05    0.00    6.11 ^ _3970_/A (Nand_gate)
                  0.05    0.06    6.17 v _3970_/Y (Nand_gate)
     2    0.01                           _0973_ (net)
                  0.05    0.00    6.17 v _4080_/A (inverter)
                  0.04    0.04    6.21 ^ _4080_/Y (inverter)
     1    0.00                           _1092_ (net)
                  0.04    0.00    6.21 ^ _4081_/B (Nand_gate)
                  0.03    0.04    6.25 v _4081_/Y (Nand_gate)
     1    0.00                           _1093_ (net)
                  0.03    0.00    6.25 v _4082_/B (Nor_gate)
                  0.21    0.17    6.42 ^ _4082_/Y (Nor_gate)
     2    0.01                           _1094_ (net)
                  0.21    0.00    6.42 ^ _4167_/A (Nor_gate)
                  0.04    0.06    6.49 v _4167_/Y (Nor_gate)
     1    0.00                           _1185_ (net)
                  0.04    0.00    6.49 v _4176_/A (Nor_gate)
                  0.14    0.13    6.62 ^ _4176_/Y (Nor_gate)
     2    0.01                           _1195_ (net)
                  0.14    0.00    6.62 ^ _4183_/A (Nor_gate)
                  0.05    0.07    6.69 v _4183_/Y (Nor_gate)
     3    0.01                           _1203_ (net)
                  0.05    0.00    6.69 v _4265_/A (Nor_gate)
                  0.07    0.08    6.77 ^ _4265_/Y (Nor_gate)
     1    0.00                           _1291_ (net)
                  0.07    0.00    6.77 ^ _4266_/B (Nor_gate)
                  0.04    0.05    6.82 v _4266_/Y (Nor_gate)
     2    0.01                           _1292_ (net)
                  0.04    0.00    6.82 v _4267_/B (Nand_gate)
                  0.07    0.06    6.88 ^ _4267_/Y (Nand_gate)
     2    0.01                           _1293_ (net)
                  0.07    0.00    6.88 ^ _4302_/B (Nand_gate)
                  0.05    0.06    6.94 v _4302_/Y (Nand_gate)
     2    0.01                           _1331_ (net)
                  0.05    0.00    6.94 v _4307_/A (Nor_gate)
                  0.06    0.07    7.01 ^ _4307_/Y (Nor_gate)
     1    0.00                           _1336_ (net)
                  0.06    0.00    7.01 ^ _4308_/B (Nor_gate)
                  0.03    0.03    7.05 v _4308_/Y (Nor_gate)
     1    0.00                           _1338_ (net)
                  0.03    0.00    7.05 v _4309_/B (Nand_gate)
                  0.04    0.04    7.09 ^ _4309_/Y (Nand_gate)
     1    0.00                           _1339_ (net)
                  0.04    0.00    7.09 ^ _4337_/A (Nand_gate)
                  0.03    0.04    7.12 v _4337_/Y (Nand_gate)
     1    0.00                           _1369_ (net)
                  0.03    0.00    7.12 v _4338_/A (sky130_fd_sc_hd__dlymetal6s2s_1)
                  0.09    0.19    7.31 v _4338_/X (sky130_fd_sc_hd__dlymetal6s2s_1)
     2    0.02                           net93 (net)
                  0.09    0.00    7.31 v _4371_/A (Nor_gate)
                  0.07    0.09    7.40 ^ _4371_/Y (Nor_gate)
     1    0.00                           _1406_ (net)
                  0.07    0.00    7.40 ^ _4372_/A (sky130_fd_sc_hd__clkbuf_1)
                  0.04    0.09    7.49 ^ _4372_/X (sky130_fd_sc_hd__clkbuf_1)
     1    0.00                           net101 (net)
                  0.04    0.00    7.49 ^ output101/A (sky130_fd_sc_hd__buf_2)
                  0.17    0.21    7.70 ^ output101/X (sky130_fd_sc_hd__buf_2)
     1    0.03                           zero (net)
                  0.17    0.00    7.70 ^ zero (out)
                                  7.70   data arrival time

                  0.00   20.00   20.00   clock clk (rise edge)
                          0.00   20.00   clock network delay (ideal)
                         -0.25   19.75   clock uncertainty
                          0.00   19.75   clock reconvergence pessimism
                         -4.00   15.75   output external delay
                                 15.75   data required time
-----------------------------------------------------------------------------
                                 15.75   data required time
                                 -7.70   data arrival time
-----------------------------------------------------------------------------
                                  8.05   slack (MET)




===========================================================================
report_checks --slack_max -0.01
============================================================================
======================= Typical Corner ===================================

No paths found.


===========================================================================
 report_check_types -max_slew -max_cap -max_fanout -violators
============================================================================
======================= Typical Corner ===================================



===========================================================================
report_parasitic_annotation -report_unannotated
============================================================================
Found 2372 unannotated drivers.
 a[0]
 a[10]
 a[11]
 a[12]
 a[13]
 a[14]
 a[15]
 a[16]
 a[17]
 a[18]
 a[19]
 a[1]
 a[20]
 a[21]
 a[22]
 a[23]
 a[24]
 a[25]
 a[26]
 a[27]
 a[28]
 a[29]
 a[2]
 a[30]
 a[31]
 a[3]
 a[4]
 a[5]
 a[6]
 a[7]
 a[8]
 a[9]
 alu_control[0]
 alu_control[1]
 alu_control[2]
 alu_control[3]
 b[0]
 b[10]
 b[11]
 b[12]
 b[13]
 b[14]
 b[15]
 b[16]
 b[17]
 b[18]
 b[19]
 b[1]
 b[20]
 b[21]
 b[22]
 b[23]
 b[24]
 b[25]
 b[26]
 b[27]
 b[28]
 b[29]
 b[2]
 b[30]
 b[31]
 b[3]
 b[4]
 b[5]
 b[6]
 b[7]
 b[8]
 b[9]
 _2170_/Y
 _2171_/Y
 _2172_/Y
 _2173_/Y
 _2174_/Y
 _2175_/Y
 _2176_/Y
 _2177_/Y
 _2178_/Y
 _2179_/Y
 _2180_/Y
 _2181_/Y
 _2182_/Y
 _2183_/Y
 _2184_/Y
 _2185_/Y
 _2186_/Y
 _2187_/Y
 _2188_/Y
 _2189_/Y
 _2190_/Y
 _2191_/Y
 _2192_/Y
 _2193_/Y
 _2194_/Y
 _2195_/Y
 _2196_/Y
 _2197_/Y
 _2198_/X
 _2199_/Y
 _2200_/Y
 _2201_/Y
 _2202_/Y
 _2203_/X
 _2204_/Y
 _2205_/Y
 _2206_/Y
 _2207_/Y
 _2208_/Y
 _2209_/X
 _2210_/Y
 _2211_/Y
 _2212_/Y
 _2213_/Y
 _2214_/Y
 _2215_/Y
 _2216_/Y
 _2217_/Y
 _2218_/Y
 _2219_/Y
 _2220_/Y
 _2221_/X
 _2222_/Y
 _2223_/Y
 _2224_/Y
 _2225_/Y
 _2226_/Y
 _2227_/Y
 _2228_/Y
 _2229_/Y
 _2230_/X
 _2231_/Y
 _2232_/Y
 _2233_/Y
 _2234_/Y
 _2235_/X
 _2236_/Y
 _2237_/Y
 _2238_/Y
 _2239_/Y
 _2240_/X
 _2241_/Y
 _2242_/Y
 _2243_/Y
 _2244_/Y
 _2245_/Y
 _2246_/X
 _2247_/Y
 _2248_/Y
 _2249_/Y
 _2250_/Y
 _2251_/Y
 _2252_/Y
 _2253_/Y
 _2254_/Y
 _2255_/Y
 _2256_/X
 _2257_/Y
 _2258_/Y
 _2259_/Y
 _2260_/Y
 _2261_/X
 _2262_/Y
 _2263_/Y
 _2264_/Y
 _2265_/Y
 _2266_/Y
 _2267_/Y
 _2268_/Y
 _2269_/Y
 _2270_/Y
 _2271_/Y
 _2272_/Y
 _2273_/Y
 _2274_/Y
 _2275_/Y
 _2276_/Y
 _2277_/Y
 _2278_/Y
 _2279_/Y
 _2280_/Y
 _2281_/X
 _2282_/Y
 _2283_/Y
 _2284_/Y
 _2285_/Y
 _2286_/Y
 _2287_/Y
 _2288_/Y
 _2289_/X
 _2290_/Y
 _2291_/Y
 _2292_/Y
 _2293_/Y
 _2294_/Y
 _2295_/Y
 _2296_/Y
 _2297_/Y
 _2298_/Y
 _2299_/Y
 _2300_/Y
 _2301_/X
 _2302_/Y
 _2303_/Y
 _2304_/Y
 _2305_/Y
 _2306_/Y
 _2307_/Y
 _2308_/Y
 _2309_/Y
 _2310_/X
 _2311_/X
 _2312_/Y
 _2313_/Y
 _2314_/Y
 _2315_/Y
 _2316_/Y
 _2317_/Y
 _2318_/Y
 _2319_/X
 _2320_/Y
 _2321_/Y
 _2322_/Y
 _2323_/X
 _2324_/X
 _2325_/Y
 _2326_/Y
 _2327_/Y
 _2328_/Y
 _2329_/X
 _2330_/Y
 _2331_/Y
 _2332_/Y
 _2333_/Y
 _2334_/Y
 _2335_/Y
 _2336_/Y
 _2337_/Y
 _2338_/Y
 _2339_/Y
 _2340_/Y
 _2341_/Y
 _2342_/Y
 _2343_/Y
 _2344_/Y
 _2345_/Y
 _2346_/Y
 _2347_/Y
 _2348_/Y
 _2349_/Y
 _2350_/Y
 _2351_/Y
 _2352_/Y
 _2353_/Y
 _2354_/Y
 _2355_/Y
 _2356_/Y
 _2357_/Y
 _2358_/Y
 _2359_/Y
 _2360_/Y
 _2361_/Y
 _2362_/Y
 _2363_/Y
 _2364_/Y
 _2365_/Y
 _2366_/X
 _2367_/Y
 _2368_/Y
 _2369_/Y
 _2370_/Y
 _2371_/Y
 _2372_/Y
 _2373_/Y
 _2374_/Y
 _2375_/Y
 _2376_/Y
 _2377_/Y
 _2378_/Y
 _2379_/Y
 _2380_/Y
 _2381_/Y
 _2382_/X
 _2383_/Y
 _2384_/Y
 _2385_/Y
 _2386_/Y
 _2387_/Y
 _2388_/Y
 _2389_/Y
 _2390_/Y
 _2391_/Y
 _2392_/Y
 _2393_/Y
 _2394_/Y
 _2395_/Y
 _2396_/Y
 _2397_/Y
 _2398_/Y
 _2399_/Y
 _2400_/Y
 _2401_/Y
 _2402_/Y
 _2403_/Y
 _2404_/Y
 _2405_/Y
 _2406_/Y
 _2407_/Y
 _2408_/Y
 _2409_/Y
 _2410_/Y
 _2411_/Y
 _2412_/Y
 _2413_/Y
 _2414_/Y
 _2415_/Y
 _2416_/Y
 _2417_/Y
 _2418_/Y
 _2419_/Y
 _2420_/Y
 _2421_/Y
 _2422_/Y
 _2423_/Y
 _2424_/Y
 _2425_/Y
 _2426_/Y
 _2427_/Y
 _2428_/Y
 _2429_/Y
 _2430_/Y
 _2431_/Y
 _2432_/Y
 _2433_/Y
 _2434_/Y
 _2435_/Y
 _2436_/Y
 _2437_/Y
 _2438_/Y
 _2439_/Y
 _2440_/Y
 _2441_/Y
 _2442_/Y
 _2443_/Y
 _2444_/Y
 _2445_/Y
 _2446_/Y
 _2447_/Y
 _2448_/Y
 _2449_/Y
 _2450_/Y
 _2451_/Y
 _2452_/Y
 _2453_/Y
 _2454_/Y
 _2455_/Y
 _2456_/X
 _2457_/Y
 _2458_/Y
 _2459_/Y
 _2460_/Y
 _2461_/Y
 _2462_/Y
 _2463_/Y
 _2464_/Y
 _2465_/Y
 _2466_/Y
 _2467_/Y
 _2468_/Y
 _2469_/Y
 _2470_/Y
 _2471_/Y
 _2472_/Y
 _2473_/Y
 _2474_/Y
 _2475_/Y
 _2476_/Y
 _2477_/Y
 _2478_/Y
 _2479_/X
 _2480_/X
 _2481_/Y
 _2482_/Y
 _2483_/Y
 _2484_/Y
 _2485_/Y
 _2486_/Y
 _2487_/Y
 _2488_/Y
 _2489_/Y
 _2490_/Y
 _2491_/Y
 _2492_/Y
 _2493_/Y
 _2494_/Y
 _2495_/Y
 _2496_/X
 _2497_/X
 _2498_/X
 _2499_/X
 _2500_/Y
 _2501_/X
 _2502_/Y
 _2503_/Y
 _2504_/Y
 _2505_/X
 _2506_/X
 _2507_/Y
 _2508_/Y
 _2509_/Y
 _2510_/Y
 _2511_/Y
 _2512_/Y
 _2513_/Y
 _2514_/Y
 _2515_/X
 _2516_/X
 _2517_/Y
 _2518_/Y
 _2519_/X
 _2520_/Y
 _2521_/Y
 _2522_/Y
 _2523_/Y
 _2524_/X
 _2525_/Y
 _2526_/Y
 _2527_/X
 _2528_/Y
 _2529_/Y
 _2530_/Y
 _2531_/Y
 _2532_/Y
 _2533_/Y
 _2534_/Y
 _2535_/Y
 _2536_/Y
 _2537_/Y
 _2538_/Y
 _2539_/Y
 _2540_/Y
 _2541_/X
 _2542_/Y
 _2543_/Y
 _2544_/Y
 _2545_/Y
 _2546_/Y
 _2547_/Y
 _2548_/Y
 _2549_/Y
 _2550_/Y
 _2551_/Y
 _2552_/Y
 _2553_/Y
 _2554_/Y
 _2555_/Y
 _2556_/Y
 _2557_/Y
 _2558_/X
 _2559_/Y
 _2560_/Y
 _2561_/Y
 _2562_/X
 _2563_/Y
 _2564_/Y
 _2565_/Y
 _2566_/Y
 _2567_/X
 _2568_/Y
 _2569_/Y
 _2570_/Y
 _2571_/Y
 _2572_/Y
 _2573_/X
 _2574_/Y
 _2575_/Y
 _2576_/Y
 _2577_/Y
 _2578_/Y
 _2579_/Y
 _2580_/Y
 _2581_/X
 _2582_/Y
 _2583_/Y
 _2584_/Y
 _2585_/Y
 _2586_/Y
 _2587_/Y
 _2588_/Y
 _2589_/Y
 _2590_/Y
 _2591_/Y
 _2592_/Y
 _2593_/Y
 _2594_/Y
 _2595_/Y
 _2596_/Y
 _2597_/Y
 _2598_/Y
 _2599_/Y
 _2600_/Y
 _2601_/Y
 _2602_/Y
 _2603_/X
 _2604_/X
 _2605_/X
 _2606_/Y
 _2607_/Y
 _2608_/X
 _2609_/Y
 _2610_/Y
 _2611_/Y
 _2612_/Y
 _2613_/Y
 _2614_/Y
 _2615_/Y
 _2616_/Y
 _2617_/Y
 _2618_/X
 _2619_/Y
 _2620_/Y
 _2621_/Y
 _2622_/Y
 _2623_/Y
 _2624_/Y
 _2625_/Y
 _2626_/Y
 _2627_/Y
 _2628_/Y
 _2629_/Y
 _2630_/Y
 _2631_/Y
 _2632_/Y
 _2633_/Y
 _2634_/Y
 _2635_/Y
 _2636_/Y
 _2637_/Y
 _2638_/Y
 _2639_/Y
 _2640_/Y
 _2641_/Y
 _2642_/Y
 _2643_/Y
 _2644_/Y
 _2645_/Y
 _2646_/Y
 _2647_/Y
 _2648_/Y
 _2649_/Y
 _2650_/Y
 _2651_/Y
 _2652_/Y
 _2653_/Y
 _2654_/Y
 _2655_/Y
 _2656_/Y
 _2657_/Y
 _2658_/X
 _2659_/Y
 _2660_/Y
 _2661_/Y
 _2662_/Y
 _2663_/Y
 _2664_/Y
 _2665_/Y
 _2666_/Y
 _2667_/Y
 _2668_/Y
 _2669_/Y
 _2670_/Y
 _2671_/Y
 _2672_/Y
 _2673_/Y
 _2674_/Y
 _2675_/Y
 _2676_/Y
 _2677_/Y
 _2678_/Y
 _2679_/Y
 _2680_/Y
 _2681_/Y
 _2682_/Y
 _2683_/X
 _2684_/Y
 _2685_/Y
 _2686_/Y
 _2687_/Y
 _2688_/Y
 _2689_/Y
 _2690_/Y
 _2691_/Y
 _2692_/Y
 _2693_/Y
 _2694_/Y
 _2695_/Y
 _2696_/Y
 _2697_/Y
 _2698_/Y
 _2699_/Y
 _2700_/Y
 _2701_/Y
 _2702_/Y
 _2703_/Y
 _2704_/Y
 _2705_/Y
 _2706_/X
 _2707_/Y
 _2708_/Y
 _2709_/Y
 _2710_/Y
 _2711_/Y
 _2712_/Y
 _2713_/Y
 _2714_/Y
 _2715_/Y
 _2716_/Y
 _2717_/Y
 _2718_/Y
 _2719_/Y
 _2720_/Y
 _2721_/Y
 _2722_/Y
 _2723_/Y
 _2724_/Y
 _2725_/Y
 _2726_/Y
 _2727_/Y
 _2728_/Y
 _2729_/Y
 _2730_/Y
 _2731_/Y
 _2732_/Y
 _2733_/Y
 _2734_/Y
 _2735_/Y
 _2736_/Y
 _2737_/Y
 _2738_/Y
 _2739_/Y
 _2740_/Y
 _2741_/Y
 _2742_/Y
 _2743_/Y
 _2744_/Y
 _2745_/Y
 _2746_/Y
 _2747_/Y
 _2748_/Y
 _2749_/Y
 _2750_/Y
 _2751_/Y
 _2752_/Y
 _2753_/Y
 _2754_/Y
 _2755_/X
 _2756_/Y
 _2757_/Y
 _2758_/Y
 _2759_/Y
 _2760_/Y
 _2761_/Y
 _2762_/Y
 _2763_/X
 _2764_/Y
 _2765_/Y
 _2766_/Y
 _2767_/Y
 _2768_/Y
 _2769_/Y
 _2770_/Y
 _2771_/Y
 _2772_/Y
 _2773_/Y
 _2774_/Y
 _2775_/Y
 _2776_/Y
 _2777_/Y
 _2778_/Y
 _2779_/Y
 _2780_/Y
 _2781_/Y
 _2782_/Y
 _2783_/Y
 _2784_/Y
 _2785_/Y
 _2786_/Y
 _2787_/Y
 _2788_/Y
 _2789_/Y
 _2790_/Y
 _2791_/Y
 _2792_/Y
 _2793_/Y
 _2794_/Y
 _2795_/Y
 _2796_/Y
 _2797_/Y
 _2798_/Y
 _2799_/Y
 _2800_/Y
 _2801_/Y
 _2802_/Y
 _2803_/Y
 _2804_/Y
 _2805_/Y
 _2806_/Y
 _2807_/Y
 _2808_/Y
 _2809_/Y
 _2810_/Y
 _2811_/Y
 _2812_/Y
 _2813_/Y
 _2814_/Y
 _2815_/Y
 _2816_/X
 _2817_/Y
 _2818_/X
 _2819_/Y
 _2820_/Y
 _2821_/Y
 _2822_/Y
 _2823_/Y
 _2824_/Y
 _2825_/Y
 _2826_/Y
 _2827_/Y
 _2828_/Y
 _2829_/Y
 _2830_/Y
 _2831_/Y
 _2832_/X
 _2833_/Y
 _2834_/Y
 _2835_/Y
 _2836_/Y
 _2837_/Y
 _2838_/Y
 _2839_/Y
 _2840_/Y
 _2841_/Y
 _2842_/Y
 _2843_/Y
 _2844_/Y
 _2845_/Y
 _2846_/Y
 _2847_/Y
 _2848_/Y
 _2849_/Y
 _2850_/X
 _2851_/Y
 _2852_/Y
 _2853_/Y
 _2854_/Y
 _2855_/Y
 _2856_/Y
 _2857_/Y
 _2858_/Y
 _2859_/Y
 _2860_/Y
 _2861_/Y
 _2862_/Y
 _2863_/Y
 _2864_/Y
 _2865_/Y
 _2866_/Y
 _2867_/Y
 _2868_/Y
 _2869_/Y
 _2870_/Y
 _2871_/Y
 _2872_/Y
 _2873_/Y
 _2874_/Y
 _2875_/Y
 _2876_/Y
 _2877_/X
 _2878_/Y
 _2879_/X
 _2880_/X
 _2881_/Y
 _2882_/Y
 _2883_/Y
 _2884_/Y
 _2885_/Y
 _2886_/Y
 _2887_/Y
 _2888_/Y
 _2889_/Y
 _2890_/Y
 _2891_/Y
 _2892_/Y
 _2893_/Y
 _2894_/Y
 _2895_/X
 _2896_/Y
 _2897_/X
 _2898_/Y
 _2899_/Y
 _2900_/Y
 _2901_/Y
 _2902_/Y
 _2903_/Y
 _2904_/Y
 _2905_/Y
 _2906_/Y
 _2907_/Y
 _2908_/Y
 _2909_/Y
 _2910_/Y
 _2911_/Y
 _2912_/Y
 _2913_/Y
 _2914_/Y
 _2915_/Y
 _2916_/Y
 _2917_/Y
 _2918_/Y
 _2919_/Y
 _2920_/Y
 _2921_/Y
 _2922_/Y
 _2923_/Y
 _2924_/Y
 _2925_/Y
 _2926_/Y
 _2927_/Y
 _2928_/Y
 _2929_/Y
 _2930_/Y
 _2931_/Y
 _2932_/Y
 _2933_/Y
 _2934_/Y
 _2935_/Y
 _2936_/Y
 _2937_/Y
 _2938_/Y
 _2939_/Y
 _2940_/Y
 _2941_/Y
 _2942_/Y
 _2943_/Y
 _2944_/Y
 _2945_/Y
 _2946_/Y
 _2947_/Y
 _2948_/Y
 _2949_/Y
 _2950_/Y
 _2951_/Y
 _2952_/Y
 _2953_/Y
 _2954_/Y
 _2955_/Y
 _2956_/Y
 _2957_/Y
 _2958_/Y
 _2959_/Y
 _2960_/Y
 _2961_/Y
 _2962_/Y
 _2963_/Y
 _2964_/Y
 _2965_/X
 _2966_/Y
 _2967_/Y
 _2968_/Y
 _2969_/Y
 _2970_/Y
 _2971_/Y
 _2972_/Y
 _2973_/Y
 _2974_/Y
 _2975_/Y
 _2976_/Y
 _2977_/Y
 _2978_/Y
 _2979_/Y
 _2980_/Y
 _2981_/Y
 _2982_/Y
 _2983_/Y
 _2984_/Y
 _2985_/Y
 _2986_/Y
 _2987_/Y
 _2988_/Y
 _2989_/Y
 _2990_/Y
 _2991_/Y
 _2992_/Y
 _2993_/Y
 _2994_/Y
 _2995_/Y
 _2996_/Y
 _2997_/Y
 _2998_/Y
 _2999_/Y
 _3000_/Y
 _3001_/Y
 _3002_/Y
 _3003_/Y
 _3004_/Y
 _3005_/Y
 _3006_/Y
 _3007_/Y
 _3008_/Y
 _3009_/Y
 _3010_/Y
 _3011_/Y
 _3012_/Y
 _3013_/Y
 _3014_/Y
 _3015_/Y
 _3016_/Y
 _3017_/Y
 _3018_/Y
 _3019_/Y
 _3020_/Y
 _3021_/Y
 _3022_/Y
 _3023_/Y
 _3024_/Y
 _3025_/Y
 _3026_/Y
 _3027_/Y
 _3028_/Y
 _3029_/Y
 _3030_/Y
 _3031_/X
 _3032_/Y
 _3033_/Y
 _3034_/Y
 _3035_/Y
 _3036_/Y
 _3037_/Y
 _3038_/Y
 _3039_/Y
 _3040_/Y
 _3041_/Y
 _3042_/Y
 _3043_/Y
 _3044_/Y
 _3045_/X
 _3046_/Y
 _3047_/Y
 _3048_/Y
 _3049_/Y
 _3050_/Y
 _3051_/Y
 _3052_/Y
 _3053_/X
 _3054_/Y
 _3055_/Y
 _3056_/Y
 _3057_/Y
 _3058_/Y
 _3059_/Y
 _3060_/Y
 _3061_/Y
 _3062_/Y
 _3063_/Y
 _3064_/Y
 _3065_/Y
 _3066_/Y
 _3067_/Y
 _3068_/Y
 _3069_/X
 _3070_/Y
 _3071_/Y
 _3072_/Y
 _3073_/Y
 _3074_/Y
 _3075_/Y
 _3076_/Y
 _3077_/Y
 _3078_/Y
 _3079_/Y
 _3080_/Y
 _3081_/Y
 _3082_/Y
 _3083_/Y
 _3084_/Y
 _3085_/Y
 _3086_/Y
 _3087_/Y
 _3088_/Y
 _3089_/Y
 _3090_/Y
 _3091_/Y
 _3092_/Y
 _3093_/Y
 _3094_/Y
 _3095_/Y
 _3096_/Y
 _3097_/Y
 _3098_/Y
 _3099_/Y
 _3100_/Y
 _3101_/Y
 _3102_/Y
 _3103_/Y
 _3104_/Y
 _3105_/Y
 _3106_/Y
 _3107_/Y
 _3108_/Y
 _3109_/X
 _3110_/Y
 _3111_/Y
 _3112_/Y
 _3113_/Y
 _3114_/Y
 _3115_/Y
 _3116_/Y
 _3117_/Y
 _3118_/Y
 _3119_/Y
 _3120_/Y
 _3121_/Y
 _3122_/Y
 _3123_/Y
 _3124_/Y
 _3125_/Y
 _3126_/Y
 _3127_/Y
 _3128_/Y
 _3129_/Y
 _3130_/Y
 _3131_/Y
 _3132_/Y
 _3133_/Y
 _3134_/Y
 _3135_/Y
 _3136_/Y
 _3137_/Y
 _3138_/Y
 _3139_/Y
 _3140_/Y
 _3141_/Y
 _3142_/Y
 _3143_/Y
 _3144_/Y
 _3145_/Y
 _3146_/Y
 _3147_/Y
 _3148_/Y
 _3149_/Y
 _3150_/Y
 _3151_/X
 _3152_/Y
 _3153_/Y
 _3154_/Y
 _3155_/Y
 _3156_/Y
 _3157_/Y
 _3158_/Y
 _3159_/Y
 _3160_/Y
 _3161_/Y
 _3162_/Y
 _3163_/Y
 _3164_/Y
 _3165_/X
 _3166_/Y
 _3167_/Y
 _3168_/Y
 _3169_/Y
 _3170_/X
 _3171_/Y
 _3172_/Y
 _3173_/Y
 _3174_/Y
 _3175_/X
 _3176_/Y
 _3177_/Y
 _3178_/Y
 _3179_/Y
 _3180_/Y
 _3181_/Y
 _3182_/Y
 _3183_/Y
 _3184_/Y
 _3185_/Y
 _3186_/Y
 _3187_/Y
 _3188_/Y
 _3189_/Y
 _3190_/Y
 _3191_/Y
 _3192_/Y
 _3193_/Y
 _3194_/Y
 _3195_/X
 _3196_/Y
 _3197_/Y
 _3198_/Y
 _3199_/Y
 _3200_/Y
 _3201_/Y
 _3202_/Y
 _3203_/Y
 _3204_/Y
 _3205_/Y
 _3206_/Y
 _3207_/Y
 _3208_/Y
 _3209_/Y
 _3210_/Y
 _3211_/Y
 _3212_/Y
 _3213_/Y
 _3214_/Y
 _3215_/Y
 _3216_/Y
 _3217_/Y
 _3218_/Y
 _3219_/Y
 _3220_/Y
 _3221_/Y
 _3222_/Y
 _3223_/Y
 _3224_/Y
 _3225_/Y
 _3226_/Y
 _3227_/Y
 _3228_/Y
 _3229_/Y
 _3230_/Y
 _3231_/Y
 _3232_/Y
 _3233_/Y
 _3234_/Y
 _3235_/Y
 _3236_/Y
 _3237_/Y
 _3238_/Y
 _3239_/Y
 _3240_/Y
 _3241_/Y
 _3242_/Y
 _3243_/Y
 _3244_/Y
 _3245_/Y
 _3246_/Y
 _3247_/Y
 _3248_/Y
 _3249_/Y
 _3250_/Y
 _3251_/Y
 _3252_/Y
 _3253_/Y
 _3254_/Y
 _3255_/Y
 _3256_/Y
 _3257_/Y
 _3258_/Y
 _3259_/Y
 _3260_/Y
 _3261_/Y
 _3262_/Y
 _3263_/Y
 _3264_/Y
 _3265_/Y
 _3266_/Y
 _3267_/Y
 _3268_/X
 _3269_/X
 _3270_/Y
 _3271_/Y
 _3272_/Y
 _3273_/Y
 _3274_/Y
 _3275_/Y
 _3276_/Y
 _3277_/Y
 _3278_/Y
 _3279_/Y
 _3280_/Y
 _3281_/X
 _3282_/X
 _3283_/Y
 _3284_/Y
 _3285_/Y
 _3286_/Y
 _3287_/Y
 _3288_/Y
 _3289_/Y
 _3290_/Y
 _3291_/Y
 _3292_/Y
 _3293_/Y
 _3294_/Y
 _3295_/Y
 _3296_/Y
 _3297_/Y
 _3298_/Y
 _3299_/Y
 _3300_/Y
 _3301_/Y
 _3302_/Y
 _3303_/Y
 _3304_/Y
 _3305_/Y
 _3306_/X
 _3307_/Y
 _3308_/Y
 _3309_/Y
 _3310_/Y
 _3311_/Y
 _3312_/Y
 _3313_/Y
 _3314_/Y
 _3315_/Y
 _3316_/Y
 _3317_/Y
 _3318_/X
 _3319_/Y
 _3320_/Y
 _3321_/Y
 _3322_/Y
 _3323_/Y
 _3324_/Y
 _3325_/Y
 _3326_/Y
 _3327_/Y
 _3328_/Y
 _3329_/Y
 _3330_/Y
 _3331_/Y
 _3332_/Y
 _3333_/Y
 _3334_/Y
 _3335_/Y
 _3336_/Y
 _3337_/Y
 _3338_/Y
 _3339_/Y
 _3340_/Y
 _3341_/Y
 _3342_/Y
 _3343_/Y
 _3344_/Y
 _3345_/Y
 _3346_/Y
 _3347_/Y
 _3348_/Y
 _3349_/Y
 _3350_/Y
 _3351_/Y
 _3352_/Y
 _3353_/Y
 _3354_/Y
 _3355_/Y
 _3356_/Y
 _3357_/Y
 _3358_/Y
 _3359_/Y
 _3360_/Y
 _3361_/Y
 _3362_/Y
 _3363_/Y
 _3364_/Y
 _3365_/Y
 _3366_/Y
 _3367_/Y
 _3368_/Y
 _3369_/Y
 _3370_/Y
 _3371_/Y
 _3372_/Y
 _3373_/Y
 _3374_/Y
 _3375_/Y
 _3376_/Y
 _3377_/Y
 _3378_/Y
 _3379_/Y
 _3380_/Y
 _3381_/Y
 _3382_/Y
 _3383_/Y
 _3384_/Y
 _3385_/Y
 _3386_/Y
 _3387_/Y
 _3388_/Y
 _3389_/Y
 _3390_/Y
 _3391_/Y
 _3392_/Y
 _3393_/Y
 _3394_/Y
 _3395_/Y
 _3396_/Y
 _3397_/X
 _3398_/X
 _3399_/Y
 _3400_/Y
 _3401_/Y
 _3402_/Y
 _3403_/Y
 _3404_/Y
 _3405_/Y
 _3406_/Y
 _3407_/Y
 _3408_/Y
 _3409_/Y
 _3410_/Y
 _3411_/Y
 _3412_/X
 _3413_/Y
 _3414_/Y
 _3415_/Y
 _3416_/Y
 _3417_/Y
 _3418_/Y
 _3419_/Y
 _3420_/X
 _3421_/Y
 _3422_/Y
 _3423_/Y
 _3424_/Y
 _3425_/Y
 _3426_/Y
 _3427_/Y
 _3428_/Y
 _3429_/Y
 _3430_/Y
 _3431_/Y
 _3432_/Y
 _3433_/X
 _3434_/Y
 _3435_/Y
 _3436_/Y
 _3437_/Y
 _3438_/Y
 _3439_/Y
 _3440_/Y
 _3441_/Y
 _3442_/Y
 _3443_/Y
 _3444_/Y
 _3445_/Y
 _3446_/Y
 _3447_/Y
 _3448_/Y
 _3449_/Y
 _3450_/Y
 _3451_/Y
 _3452_/Y
 _3453_/Y
 _3454_/Y
 _3455_/Y
 _3456_/Y
 _3457_/Y
 _3458_/Y
 _3459_/Y
 _3460_/Y
 _3461_/Y
 _3462_/Y
 _3463_/Y
 _3464_/Y
 _3465_/Y
 _3466_/Y
 _3467_/Y
 _3468_/Y
 _3469_/Y
 _3470_/Y
 _3471_/Y
 _3472_/Y
 _3473_/Y
 _3474_/Y
 _3475_/Y
 _3476_/Y
 _3477_/Y
 _3478_/Y
 _3479_/Y
 _3480_/Y
 _3481_/Y
 _3482_/Y
 _3483_/Y
 _3484_/Y
 _3485_/Y
 _3486_/Y
 _3487_/Y
 _3488_/Y
 _3489_/Y
 _3490_/Y
 _3491_/Y
 _3492_/Y
 _3493_/Y
 _3494_/Y
 _3495_/Y
 _3496_/Y
 _3497_/Y
 _3498_/Y
 _3499_/Y
 _3500_/Y
 _3501_/Y
 _3502_/Y
 _3503_/Y
 _3504_/Y
 _3505_/Y
 _3506_/Y
 _3507_/Y
 _3508_/Y
 _3509_/Y
 _3510_/Y
 _3511_/X
 _3512_/Y
 _3513_/Y
 _3514_/Y
 _3515_/Y
 _3516_/Y
 _3517_/Y
 _3518_/Y
 _3519_/Y
 _3520_/Y
 _3521_/Y
 _3522_/Y
 _3523_/Y
 _3524_/Y
 _3525_/Y
 _3526_/Y
 _3527_/Y
 _3528_/Y
 _3529_/Y
 _3530_/Y
 _3531_/Y
 _3532_/Y
 _3533_/Y
 _3534_/Y
 _3535_/Y
 _3536_/Y
 _3537_/Y
 _3538_/Y
 _3539_/Y
 _3540_/Y
 _3541_/Y
 _3542_/X
 _3543_/X
 _3544_/X
 _3545_/Y
 _3546_/Y
 _3547_/Y
 _3548_/Y
 _3549_/Y
 _3550_/Y
 _3551_/Y
 _3552_/Y
 _3553_/Y
 _3554_/Y
 _3555_/Y
 _3556_/Y
 _3557_/Y
 _3558_/X
 _3559_/Y
 _3560_/Y
 _3561_/Y
 _3562_/Y
 _3563_/Y
 _3564_/Y
 _3565_/Y
 _3566_/Y
 _3567_/Y
 _3568_/Y
 _3569_/Y
 _3570_/Y
 _3571_/Y
 _3572_/Y
 _3573_/Y
 _3574_/Y
 _3575_/Y
 _3576_/Y
 _3577_/Y
 _3578_/Y
 _3579_/Y
 _3580_/Y
 _3581_/Y
 _3582_/Y
 _3583_/Y
 _3584_/Y
 _3585_/Y
 _3586_/Y
 _3587_/Y
 _3588_/Y
 _3589_/Y
 _3590_/Y
 _3591_/Y
 _3592_/Y
 _3593_/Y
 _3594_/Y
 _3595_/Y
 _3596_/Y
 _3597_/Y
 _3598_/Y
 _3599_/Y
 _3600_/Y
 _3601_/Y
 _3602_/Y
 _3603_/Y
 _3604_/Y
 _3605_/Y
 _3606_/Y
 _3607_/Y
 _3608_/Y
 _3609_/Y
 _3610_/Y
 _3611_/Y
 _3612_/Y
 _3613_/Y
 _3614_/Y
 _3615_/Y
 _3616_/Y
 _3617_/Y
 _3618_/X
 _3619_/Y
 _3620_/Y
 _3621_/Y
 _3622_/Y
 _3623_/Y
 _3624_/Y
 _3625_/Y
 _3626_/Y
 _3627_/X
 _3628_/Y
 _3629_/Y
 _3630_/Y
 _3631_/Y
 _3632_/Y
 _3633_/Y
 _3634_/Y
 _3635_/Y
 _3636_/Y
 _3637_/Y
 _3638_/Y
 _3639_/Y
 _3640_/Y
 _3641_/Y
 _3642_/Y
 _3643_/Y
 _3644_/Y
 _3645_/Y
 _3646_/Y
 _3647_/Y
 _3648_/Y
 _3649_/Y
 _3650_/Y
 _3651_/Y
 _3652_/Y
 _3653_/Y
 _3654_/Y
 _3655_/Y
 _3656_/Y
 _3657_/Y
 _3658_/Y
 _3659_/Y
 _3660_/Y
 _3661_/Y
 _3662_/Y
 _3663_/Y
 _3664_/Y
 _3665_/Y
 _3666_/Y
 _3667_/Y
 _3668_/Y
 _3669_/Y
 _3670_/Y
 _3671_/X
 _3672_/Y
 _3673_/Y
 _3674_/Y
 _3675_/Y
 _3676_/Y
 _3677_/Y
 _3678_/Y
 _3679_/Y
 _3680_/Y
 _3681_/Y
 _3682_/Y
 _3683_/Y
 _3684_/Y
 _3685_/Y
 _3686_/Y
 _3687_/Y
 _3688_/Y
 _3689_/Y
 _3690_/Y
 _3691_/Y
 _3692_/Y
 _3693_/Y
 _3694_/Y
 _3695_/X
 _3696_/Y
 _3697_/Y
 _3698_/Y
 _3699_/Y
 _3700_/Y
 _3701_/Y
 _3702_/Y
 _3703_/Y
 _3704_/X
 _3705_/Y
 _3706_/Y
 _3707_/Y
 _3708_/Y
 _3709_/Y
 _3710_/Y
 _3711_/Y
 _3712_/Y
 _3713_/Y
 _3714_/Y
 _3715_/Y
 _3716_/Y
 _3717_/Y
 _3718_/Y
 _3719_/Y
 _3720_/Y
 _3721_/Y
 _3722_/Y
 _3723_/Y
 _3724_/Y
 _3725_/Y
 _3726_/Y
 _3727_/Y
 _3728_/Y
 _3729_/Y
 _3730_/Y
 _3731_/Y
 _3732_/Y
 _3733_/Y
 _3734_/Y
 _3735_/Y
 _3736_/Y
 _3737_/Y
 _3738_/Y
 _3739_/Y
 _3740_/Y
 _3741_/Y
 _3742_/Y
 _3743_/Y
 _3744_/Y
 _3745_/Y
 _3746_/Y
 _3747_/Y
 _3748_/Y
 _3749_/Y
 _3750_/Y
 _3751_/Y
 _3752_/X
 _3753_/Y
 _3754_/Y
 _3755_/Y
 _3756_/Y
 _3757_/Y
 _3758_/Y
 _3759_/Y
 _3760_/Y
 _3761_/Y
 _3762_/Y
 _3763_/Y
 _3764_/Y
 _3765_/Y
 _3766_/Y
 _3767_/Y
 _3768_/Y
 _3769_/Y
 _3770_/Y
 _3771_/Y
 _3772_/Y
 _3773_/Y
 _3774_/Y
 _3775_/Y
 _3776_/Y
 _3777_/Y
 _3778_/Y
 _3779_/Y
 _3780_/Y
 _3781_/Y
 _3782_/Y
 _3783_/Y
 _3784_/Y
 _3785_/Y
 _3786_/Y
 _3787_/Y
 _3788_/Y
 _3789_/Y
 _3790_/Y
 _3791_/Y
 _3792_/Y
 _3793_/Y
 _3794_/Y
 _3795_/Y
 _3796_/Y
 _3797_/Y
 _3798_/Y
 _3799_/Y
 _3800_/Y
 _3801_/Y
 _3802_/Y
 _3803_/Y
 _3804_/Y
 _3805_/Y
 _3806_/Y
 _3807_/Y
 _3808_/Y
 _3809_/Y
 _3810_/Y
 _3811_/Y
 _3812_/Y
 _3813_/Y
 _3814_/Y
 _3815_/Y
 _3816_/Y
 _3817_/Y
 _3818_/Y
 _3819_/Y
 _3820_/Y
 _3821_/Y
 _3822_/Y
 _3823_/Y
 _3824_/Y
 _3825_/Y
 _3826_/Y
 _3827_/Y
 _3828_/Y
 _3829_/Y
 _3830_/Y
 _3831_/Y
 _3832_/Y
 _3833_/Y
 _3834_/Y
 _3835_/Y
 _3836_/Y
 _3837_/Y
 _3838_/Y
 _3839_/Y
 _3840_/Y
 _3841_/Y
 _3842_/Y
 _3843_/Y
 _3844_/Y
 _3845_/Y
 _3846_/Y
 _3847_/Y
 _3848_/Y
 _3849_/Y
 _3850_/Y
 _3851_/Y
 _3852_/Y
 _3853_/Y
 _3854_/Y
 _3855_/Y
 _3856_/Y
 _3857_/Y
 _3858_/Y
 _3859_/Y
 _3860_/Y
 _3861_/Y
 _3862_/Y
 _3863_/Y
 _3864_/Y
 _3865_/Y
 _3866_/Y
 _3867_/Y
 _3868_/Y
 _3869_/Y
 _3870_/Y
 _3871_/Y
 _3872_/Y
 _3873_/Y
 _3874_/Y
 _3875_/Y
 _3876_/Y
 _3877_/Y
 _3878_/Y
 _3879_/Y
 _3880_/Y
 _3881_/Y
 _3882_/Y
 _3883_/Y
 _3884_/Y
 _3885_/Y
 _3886_/Y
 _3887_/Y
 _3888_/Y
 _3889_/Y
 _3890_/Y
 _3891_/Y
 _3892_/Y
 _3893_/Y
 _3894_/Y
 _3895_/Y
 _3896_/Y
 _3897_/Y
 _3898_/Y
 _3899_/Y
 _3900_/Y
 _3901_/Y
 _3902_/Y
 _3903_/Y
 _3904_/Y
 _3905_/Y
 _3906_/Y
 _3907_/Y
 _3908_/Y
 _3909_/Y
 _3910_/Y
 _3911_/Y
 _3912_/Y
 _3913_/Y
 _3914_/Y
 _3915_/Y
 _3916_/Y
 _3917_/Y
 _3918_/Y
 _3919_/Y
 _3920_/Y
 _3921_/Y
 _3922_/Y
 _3923_/Y
 _3924_/Y
 _3925_/Y
 _3926_/Y
 _3927_/Y
 _3928_/Y
 _3929_/Y
 _3930_/Y
 _3931_/Y
 _3932_/Y
 _3933_/Y
 _3934_/Y
 _3935_/Y
 _3936_/Y
 _3937_/Y
 _3938_/Y
 _3939_/Y
 _3940_/Y
 _3941_/Y
 _3942_/Y
 _3943_/Y
 _3944_/Y
 _3945_/Y
 _3946_/Y
 _3947_/Y
 _3948_/Y
 _3949_/Y
 _3950_/Y
 _3951_/Y
 _3952_/Y
 _3953_/Y
 _3954_/Y
 _3955_/Y
 _3956_/Y
 _3957_/Y
 _3958_/Y
 _3959_/Y
 _3960_/Y
 _3961_/Y
 _3962_/Y
 _3963_/Y
 _3964_/Y
 _3965_/Y
 _3966_/Y
 _3967_/Y
 _3968_/Y
 _3969_/Y
 _3970_/Y
 _3971_/Y
 _3972_/Y
 _3973_/Y
 _3974_/Y
 _3975_/Y
 _3976_/Y
 _3977_/Y
 _3978_/Y
 _3979_/Y
 _3980_/Y
 _3981_/Y
 _3982_/Y
 _3983_/Y
 _3984_/Y
 _3985_/Y
 _3986_/Y
 _3987_/Y
 _3988_/Y
 _3989_/Y
 _3990_/Y
 _3991_/Y
 _3992_/Y
 _3993_/Y
 _3994_/Y
 _3995_/Y
 _3996_/Y
 _3997_/Y
 _3998_/Y
 _3999_/Y
 _4000_/Y
 _4001_/Y
 _4002_/Y
 _4003_/Y
 _4004_/Y
 _4005_/Y
 _4006_/Y
 _4007_/Y
 _4008_/Y
 _4009_/Y
 _4010_/Y
 _4011_/Y
 _4012_/Y
 _4013_/Y
 _4014_/Y
 _4015_/Y
 _4016_/Y
 _4017_/Y
 _4018_/Y
 _4019_/Y
 _4020_/X
 _4021_/Y
 _4022_/Y
 _4023_/Y
 _4024_/Y
 _4025_/Y
 _4026_/Y
 _4027_/Y
 _4028_/Y
 _4029_/Y
 _4030_/Y
 _4031_/Y
 _4032_/Y
 _4033_/Y
 _4034_/Y
 _4035_/Y
 _4036_/Y
 _4037_/Y
 _4038_/Y
 _4039_/Y
 _4040_/Y
 _4041_/Y
 _4042_/Y
 _4043_/Y
 _4044_/Y
 _4045_/Y
 _4046_/Y
 _4047_/Y
 _4048_/Y
 _4049_/Y
 _4050_/Y
 _4051_/Y
 _4052_/Y
 _4053_/Y
 _4054_/Y
 _4055_/Y
 _4056_/Y
 _4057_/Y
 _4058_/Y
 _4059_/Y
 _4060_/Y
 _4061_/Y
 _4062_/Y
 _4063_/Y
 _4064_/Y
 _4065_/Y
 _4066_/Y
 _4067_/Y
 _4068_/Y
 _4069_/Y
 _4070_/Y
 _4071_/Y
 _4072_/Y
 _4073_/Y
 _4074_/Y
 _4075_/Y
 _4076_/Y
 _4077_/Y
 _4078_/Y
 _4079_/Y
 _4080_/Y
 _4081_/Y
 _4082_/Y
 _4083_/Y
 _4084_/Y
 _4085_/Y
 _4086_/Y
 _4087_/Y
 _4088_/Y
 _4089_/Y
 _4090_/Y
 _4091_/Y
 _4092_/Y
 _4093_/Y
 _4094_/Y
 _4095_/Y
 _4096_/Y
 _4097_/Y
 _4098_/Y
 _4099_/Y
 _4100_/Y
 _4101_/Y
 _4102_/Y
 _4103_/Y
 _4104_/Y
 _4105_/Y
 _4106_/Y
 _4107_/Y
 _4108_/Y
 _4109_/Y
 _4110_/Y
 _4111_/Y
 _4112_/Y
 _4113_/Y
 _4114_/Y
 _4115_/Y
 _4116_/Y
 _4117_/Y
 _4118_/Y
 _4119_/Y
 _4120_/Y
 _4121_/Y
 _4122_/Y
 _4123_/Y
 _4124_/Y
 _4125_/Y
 _4126_/Y
 _4127_/Y
 _4128_/Y
 _4129_/Y
 _4130_/Y
 _4131_/Y
 _4132_/Y
 _4133_/Y
 _4134_/Y
 _4135_/Y
 _4136_/Y
 _4137_/Y
 _4138_/Y
 _4139_/Y
 _4140_/Y
 _4141_/Y
 _4142_/Y
 _4143_/Y
 _4144_/Y
 _4145_/Y
 _4146_/Y
 _4147_/Y
 _4148_/Y
 _4149_/Y
 _4150_/Y
 _4151_/Y
 _4152_/Y
 _4153_/Y
 _4154_/Y
 _4155_/Y
 _4156_/Y
 _4157_/Y
 _4158_/Y
 _4159_/Y
 _4160_/Y
 _4161_/Y
 _4162_/Y
 _4163_/Y
 _4164_/Y
 _4165_/Y
 _4166_/Y
 _4167_/Y
 _4168_/Y
 _4169_/Y
 _4170_/Y
 _4171_/Y
 _4172_/Y
 _4173_/Y
 _4174_/Y
 _4175_/Y
 _4176_/Y
 _4177_/Y
 _4178_/Y
 _4179_/Y
 _4180_/Y
 _4181_/Y
 _4182_/Y
 _4183_/Y
 _4184_/Y
 _4185_/Y
 _4186_/Y
 _4187_/Y
 _4188_/Y
 _4189_/Y
 _4190_/Y
 _4191_/Y
 _4192_/Y
 _4193_/Y
 _4194_/Y
 _4195_/Y
 _4196_/Y
 _4197_/Y
 _4198_/Y
 _4199_/Y
 _4200_/Y
 _4201_/Y
 _4202_/Y
 _4203_/Y
 _4204_/Y
 _4205_/Y
 _4206_/Y
 _4207_/Y
 _4208_/Y
 _4209_/Y
 _4210_/Y
 _4211_/Y
 _4212_/Y
 _4213_/Y
 _4214_/Y
 _4215_/Y
 _4216_/Y
 _4217_/X
 _4218_/Y
 _4219_/Y
 _4220_/Y
 _4221_/Y
 _4222_/Y
 _4223_/Y
 _4224_/Y
 _4225_/Y
 _4226_/Y
 _4227_/Y
 _4228_/Y
 _4229_/Y
 _4230_/Y
 _4231_/Y
 _4232_/Y
 _4233_/Y
 _4234_/Y
 _4235_/Y
 _4236_/Y
 _4237_/Y
 _4238_/Y
 _4239_/Y
 _4240_/Y
 _4241_/Y
 _4242_/Y
 _4243_/Y
 _4244_/Y
 _4245_/Y
 _4246_/Y
 _4247_/Y
 _4248_/Y
 _4249_/Y
 _4250_/Y
 _4251_/Y
 _4252_/Y
 _4253_/Y
 _4254_/Y
 _4255_/Y
 _4256_/Y
 _4257_/Y
 _4258_/Y
 _4259_/Y
 _4260_/Y
 _4261_/Y
 _4262_/Y
 _4263_/Y
 _4264_/Y
 _4265_/Y
 _4266_/Y
 _4267_/Y
 _4268_/Y
 _4269_/Y
 _4270_/Y
 _4271_/Y
 _4272_/Y
 _4273_/Y
 _4274_/Y
 _4275_/Y
 _4276_/Y
 _4277_/Y
 _4278_/Y
 _4279_/Y
 _4280_/Y
 _4281_/Y
 _4282_/Y
 _4283_/Y
 _4284_/Y
 _4285_/Y
 _4286_/Y
 _4287_/Y
 _4288_/Y
 _4289_/Y
 _4290_/Y
 _4291_/Y
 _4292_/Y
 _4293_/Y
 _4294_/Y
 _4295_/Y
 _4296_/Y
 _4297_/Y
 _4298_/Y
 _4299_/Y
 _4300_/X
 _4301_/Y
 _4302_/Y
 _4303_/Y
 _4304_/Y
 _4305_/Y
 _4306_/Y
 _4307_/Y
 _4308_/Y
 _4309_/Y
 _4310_/Y
 _4311_/Y
 _4312_/Y
 _4313_/Y
 _4314_/Y
 _4315_/Y
 _4316_/Y
 _4317_/Y
 _4318_/Y
 _4319_/Y
 _4320_/Y
 _4321_/Y
 _4322_/Y
 _4323_/Y
 _4324_/Y
 _4325_/Y
 _4326_/Y
 _4327_/Y
 _4328_/Y
 _4329_/Y
 _4330_/Y
 _4331_/Y
 _4332_/Y
 _4333_/Y
 _4334_/Y
 _4335_/Y
 _4336_/Y
 _4337_/Y
 _4338_/X
 _4339_/Y
 _4340_/Y
 _4341_/Y
 _4342_/Y
 _4343_/Y
 _4344_/Y
 _4345_/Y
 _4346_/Y
 _4347_/Y
 _4348_/Y
 _4349_/Y
 _4350_/Y
 _4351_/Y
 _4352_/Y
 _4353_/Y
 _4354_/Y
 _4355_/Y
 _4356_/Y
 _4357_/Y
 _4358_/Y
 _4359_/Y
 _4360_/Y
 _4361_/Y
 _4362_/Y
 _4363_/Y
 _4364_/Y
 _4365_/Y
 _4366_/Y
 _4367_/Y
 _4368_/Y
 _4369_/Y
 _4370_/Y
 _4371_/Y
 _4372_/X
 input1/X
 input10/X
 input11/X
 input12/X
 input13/X
 input14/X
 input15/X
 input16/X
 input17/X
 input18/X
 input19/X
 input2/X
 input20/X
 input21/X
 input22/X
 input23/X
 input24/X
 input25/X
 input26/X
 input27/X
 input28/X
 input29/X
 input3/X
 input30/X
 input31/X
 input32/X
 input33/X
 input34/X
 input35/X
 input36/X
 input37/X
 input38/X
 input39/X
 input4/X
 input40/X
 input41/X
 input42/X
 input43/X
 input44/X
 input45/X
 input46/X
 input47/X
 input48/X
 input49/X
 input5/X
 input50/X
 input51/X
 input52/X
 input53/X
 input54/X
 input55/X
 input56/X
 input57/X
 input58/X
 input59/X
 input6/X
 input60/X
 input61/X
 input62/X
 input63/X
 input64/X
 input65/X
 input66/X
 input67/X
 input68/X
 input7/X
 input8/X
 input9/X
 output100/X
 output101/X
 output69/X
 output70/X
 output71/X
 output72/X
 output73/X
 output74/X
 output75/X
 output76/X
 output77/X
 output78/X
 output79/X
 output80/X
 output81/X
 output82/X
 output83/X
 output84/X
 output85/X
 output86/X
 output87/X
 output88/X
 output89/X
 output90/X
 output91/X
 output92/X
 output93/X
 output94/X
 output95/X
 output96/X
 output97/X
 output98/X
 output99/X
Found 0 partially unannotated drivers.

===========================================================================
max slew violation count 0
max fanout violation count 0
max cap violation count 0
============================================================================

===========================================================================
check_setup -verbose -unconstrained_endpoints -multiple_clock -no_clock -no_input_delay -loops -generated_clocks
===========================================================================
checks_report_end
power_report

===========================================================================
 report_power
============================================================================
======================= Typical Corner ===================================

Group                  Internal  Switching    Leakage      Total
                          Power      Power      Power      Power (Watts)
----------------------------------------------------------------
Sequential             0.00e+00   0.00e+00   0.00e+00   0.00e+00   0.0%
Combinational          1.80e-04   1.69e-04   5.23e-07   3.49e-04 100.0%
Macro                  0.00e+00   0.00e+00   0.00e+00   0.00e+00   0.0%
Pad                    0.00e+00   0.00e+00   0.00e+00   0.00e+00   0.0%
----------------------------------------------------------------
Total                  1.80e-04   1.69e-04   5.23e-07   3.49e-04 100.0%
                          51.5%      48.4%       0.2%

power_report_end
skew_report

===========================================================================
report_clock_skew
============================================================================
Clock clk
No launch/capture paths found.

skew_report_end
summary_report

===========================================================================
report_tns
============================================================================
tns 0.00

===========================================================================
report_wns
============================================================================
wns 0.00

===========================================================================
report_worst_slack -max (Setup)
============================================================================
worst slack 8.05

===========================================================================
report_worst_slack -min (Hold)
============================================================================
worst slack 8.26
summary_report_end
area_report

===========================================================================
report_design_area
============================================================================
Design area 11805 u^2 46% utilization.
area_report_end
[WARNING] Did not save OpenROAD database!
Writing SDF to '/openlane/designs/RiscvALU/runs/RUN_2026.09.20_19.53.10/results/signoff/ALU.sdf'…
Writing timing model to '/openlane/designs/RiscvALU/runs/RUN_2026.09.20_19.53.10/results/signoff/ALU.lib'…
