OpenSTA 2.4.0 41a51eaf4c Copyright (c) 2021, Parallax Software, Inc.
License GPLv3: GNU GPL version 3 <http://gnu.org/licenses/gpl.html>

This is free software, and you are free to change and redistribute it
under certain conditions; type `show_copying' for details. 
This program comes with ABSOLUTELY NO WARRANTY; for details type `show_warranty'.
define_corners Slowest Typical Fastest
read_liberty -corner Slowest /home/onur/.ciel/ciel/sky130/versions/0fe599b2afb6708d281543108caf8310912f54af/sky130A/libs.ref/sky130_fd_sc_hd/lib/MySCL_M_ss.lib
read_liberty -corner Typical /home/onur/.ciel/ciel/sky130/versions/0fe599b2afb6708d281543108caf8310912f54af/sky130A/libs.ref/sky130_fd_sc_hd/lib/MySCL_M_tt.lib
read_liberty -corner Fastest /home/onur/.ciel/ciel/sky130/versions/0fe599b2afb6708d281543108caf8310912f54af/sky130A/libs.ref/sky130_fd_sc_hd/lib/MySCL_M_ff.lib
Using 1e-12 for capacitance...
Using 1e+03 for resistance...
Using 1e-09 for time...
Using 1e+00 for voltage...
Using 1e-03 for current...
Using 1e-09 for power...
Using 1e-06 for distance...
Reading netlist '/openlane/designs/RiscvALU/runs/RUN_2026.09.20_19.53.10/results/routing/ALU.nl.v'…
Warning: /openlane/designs/RiscvALU/runs/RUN_2026.09.20_19.53.10/results/routing/ALU.nl.v line 8890, module sky130_fd_sc_hd__tapvpwrvgnd_1 not found. Creating black box for TAP_118.
Warning: /openlane/designs/RiscvALU/runs/RUN_2026.09.20_19.53.10/results/routing/ALU.nl.v line 9463, module sky130_fd_sc_hd__fill_1 not found. Creating black box for FILLER_0_0_27.
Warning: /openlane/designs/RiscvALU/runs/RUN_2026.09.20_19.53.10/results/routing/ALU.nl.v line 9464, module sky130_fd_sc_hd__fill_2 not found. Creating black box for FILLER_0_0_29.
Warning: /openlane/designs/RiscvALU/runs/RUN_2026.09.20_19.53.10/results/routing/ALU.nl.v line 9474, module sky130_ef_sc_hd__decap_12 not found. Creating black box for FILLER_0_0_91.
Reading design constraints file at '/openlane/designs/RiscvALU/runs/RUN_2026.09.20_19.53.10/tmp/17-ALU.sdc'…
min_report

===========================================================================
report_checks -path_delay min (Hold)
============================================================================
======================= Fastest Corner ===================================

Startpoint: a[26] (input port clocked by clk)
Endpoint: result[27] (output port clocked by clk)
Path Group: clk
Path Type: min
Corner: Fastest

Fanout     Cap    Slew   Delay    Time   Description
-----------------------------------------------------------------------------
                  0.00    0.00    0.00   clock clk (rise edge)
                          0.00    0.00   clock network delay (ideal)
                          4.00    4.00 ^ input external delay
                  0.01    0.01    4.01 ^ a[26] (in)
     1    0.00                           a[26] (net)
                  0.01    0.00    4.01 ^ input19/A (sky130_fd_sc_hd__buf_2)
                  0.15    0.13    4.14 ^ input19/X (sky130_fd_sc_hd__buf_2)
     9    0.04                           net19 (net)
                  0.15    0.01    4.15 ^ _4090_/A (Nand_gate)
                  0.06    0.08    4.22 v _4090_/Y (Nand_gate)
     2    0.01                           _1103_ (net)
                  0.06    0.00    4.22 v _4130_/B (Nand_gate)
                  0.04    0.04    4.27 ^ _4130_/Y (Nand_gate)
     1    0.00                           _1146_ (net)
                  0.04    0.00    4.27 ^ _4136_/A (Nand_gate)
                  0.03    0.04    4.30 v _4136_/Y (Nand_gate)
     1    0.00                           _1152_ (net)
                  0.03    0.00    4.30 v _4159_/A (Nand_gate)
                  0.06    0.06    4.36 ^ _4159_/Y (Nand_gate)
     1    0.01                           _1178_ (net)
                  0.06    0.00    4.36 ^ _4160_/B (Nor_gate)
                  0.05    0.06    4.42 v _4160_/Y (Nor_gate)
     2    0.01                           _1179_ (net)
                  0.05    0.00    4.42 v _4161_/A (inverter)
                  0.04    0.04    4.46 ^ _4161_/Y (inverter)
     1    0.00                           net88 (net)
                  0.04    0.00    4.46 ^ output88/A (sky130_fd_sc_hd__buf_2)
                  0.13    0.13    4.59 ^ output88/X (sky130_fd_sc_hd__buf_2)
     1    0.03                           result[27] (net)
                  0.13    0.00    4.59 ^ result[27] (out)
                                  4.59   data arrival time

                  0.00    0.00    0.00   clock clk (rise edge)
                          0.00    0.00   clock network delay (ideal)
                          0.25    0.25   clock uncertainty
                          0.00    0.25   clock reconvergence pessimism
                         -4.00   -3.75   output external delay
                                 -3.75   data required time
-----------------------------------------------------------------------------
                                 -3.75   data required time
                                 -4.59   data arrival time
-----------------------------------------------------------------------------
                                  8.34   slack (MET)


Startpoint: b[8] (input port clocked by clk)
Endpoint: result[8] (output port clocked by clk)
Path Group: clk
Path Type: min
Corner: Fastest

Fanout     Cap    Slew   Delay    Time   Description
-----------------------------------------------------------------------------
                  0.00    0.00    0.00   clock clk (rise edge)
                          0.00    0.00   clock network delay (ideal)
                          4.00    4.00 v input external delay
                  0.00    0.00    4.00 v b[8] (in)
     1    0.00                           b[8] (net)
                  0.00    0.00    4.00 v input67/A (sky130_fd_sc_hd__buf_2)
                  0.09    0.11    4.12 v input67/X (sky130_fd_sc_hd__buf_2)
     7    0.05                           net67 (net)
                  0.09    0.01    4.13 v _3140_/A (inverter)
                  0.04    0.04    4.17 ^ _3140_/Y (inverter)
     1    0.00                           _0076_ (net)
                  0.04    0.00    4.17 ^ _3141_/A (Nor_gate)
                  0.02    0.03    4.20 v _3141_/Y (Nor_gate)
     1    0.00                           _0077_ (net)
                  0.02    0.00    4.20 v _3147_/A (Nor_gate)
                  0.07    0.07    4.27 ^ _3147_/Y (Nor_gate)
     1    0.00                           _0083_ (net)
                  0.07    0.00    4.27 ^ _3148_/B (Nand_gate)
                  0.03    0.04    4.31 v _3148_/Y (Nand_gate)
     1    0.00                           _0085_ (net)
                  0.03    0.00    4.31 v _3149_/B (Nor_gate)
                  0.07    0.06    4.37 ^ _3149_/Y (Nor_gate)
     1    0.00                           _0086_ (net)
                  0.07    0.00    4.37 ^ _3150_/B (Nand_gate)
                  0.03    0.04    4.41 v _3150_/Y (Nand_gate)
     1    0.00                           _0087_ (net)
                  0.03    0.00    4.41 v _3151_/A (sky130_fd_sc_hd__buf_1)
                  0.04    0.07    4.48 v _3151_/X (sky130_fd_sc_hd__buf_1)
     2    0.01                           net99 (net)
                  0.04    0.00    4.48 v output99/A (sky130_fd_sc_hd__clkbuf_4)
                  0.06    0.12    4.60 v output99/X (sky130_fd_sc_hd__clkbuf_4)
     1    0.03                           result[8] (net)
                  0.06    0.00    4.60 v result[8] (out)
                                  4.60   data arrival time

                  0.00    0.00    0.00   clock clk (rise edge)
                          0.00    0.00   clock network delay (ideal)
                          0.25    0.25   clock uncertainty
                          0.00    0.25   clock reconvergence pessimism
                         -4.00   -3.75   output external delay
                                 -3.75   data required time
-----------------------------------------------------------------------------
                                 -3.75   data required time
                                 -4.60   data arrival time
-----------------------------------------------------------------------------
                                  8.35   slack (MET)


Startpoint: b[22] (input port clocked by clk)
Endpoint: result[22] (output port clocked by clk)
Path Group: clk
Path Type: min
Corner: Fastest

Fanout     Cap    Slew   Delay    Time   Description
-----------------------------------------------------------------------------
                  0.00    0.00    0.00   clock clk (rise edge)
                          0.00    0.00   clock network delay (ideal)
                          4.00    4.00 ^ input external delay
                  0.01    0.01    4.01 ^ b[22] (in)
     1    0.00                           b[22] (net)
                  0.01    0.00    4.01 ^ input51/A (sky130_fd_sc_hd__buf_2)
                  0.18    0.16    4.16 ^ input51/X (sky130_fd_sc_hd__buf_2)
     5    0.05                           net51 (net)
                  0.18    0.01    4.17 ^ _3911_/A (Nand_gate)
                  0.04    0.06    4.23 v _3911_/Y (Nand_gate)
     1    0.00                           _0910_ (net)
                  0.04    0.00    4.23 v _3916_/A (Nand_gate)
                  0.04    0.04    4.27 ^ _3916_/Y (Nand_gate)
     1    0.00                           _0915_ (net)
                  0.04    0.00    4.27 ^ _3917_/B (Nor_gate)
                  0.02    0.03    4.30 v _3917_/Y (Nor_gate)
     1    0.00                           _0916_ (net)
                  0.02    0.00    4.30 v _3918_/B (Nand_gate)
                  0.03    0.03    4.33 ^ _3918_/Y (Nand_gate)
     1    0.00                           _0918_ (net)
                  0.03    0.00    4.33 ^ _3919_/B (Nor_gate)
                  0.12    0.10    4.43 v _3919_/Y (Nor_gate)
     2    0.03                           _0919_ (net)
                  0.12    0.00    4.43 v _3920_/A (inverter)
                  0.05    0.06    4.49 ^ _3920_/Y (inverter)
     1    0.00                           net83 (net)
                  0.05    0.00    4.49 ^ output83/A (sky130_fd_sc_hd__clkbuf_4)
                  0.09    0.13    4.61 ^ output83/X (sky130_fd_sc_hd__clkbuf_4)
     1    0.04                           result[22] (net)
                  0.09    0.00    4.61 ^ result[22] (out)
                                  4.61   data arrival time

                  0.00    0.00    0.00   clock clk (rise edge)
                          0.00    0.00   clock network delay (ideal)
                          0.25    0.25   clock uncertainty
                          0.00    0.25   clock reconvergence pessimism
                         -4.00   -3.75   output external delay
                                 -3.75   data required time
-----------------------------------------------------------------------------
                                 -3.75   data required time
                                 -4.61   data arrival time
-----------------------------------------------------------------------------
                                  8.36   slack (MET)


Startpoint: a[24] (input port clocked by clk)
Endpoint: result[25] (output port clocked by clk)
Path Group: clk
Path Type: min
Corner: Fastest

Fanout     Cap    Slew   Delay    Time   Description
-----------------------------------------------------------------------------
                  0.00    0.00    0.00   clock clk (rise edge)
                          0.00    0.00   clock network delay (ideal)
                          4.00    4.00 v input external delay
                  0.00    0.00    4.00 v a[24] (in)
     1    0.00                           a[24] (net)
                  0.00    0.00    4.00 v input17/A (sky130_fd_sc_hd__buf_2)
                  0.07    0.11    4.11 v input17/X (sky130_fd_sc_hd__buf_2)
     9    0.04                           net17 (net)
                  0.07    0.00    4.11 v _3976_/A (Nand_gate)
                  0.07    0.07    4.18 ^ _3976_/Y (Nand_gate)
     2    0.01                           _0979_ (net)
                  0.07    0.00    4.18 ^ _4028_/A (Nand_gate)
                  0.04    0.05    4.24 v _4028_/Y (Nand_gate)
     2    0.01                           _1036_ (net)
                  0.04    0.00    4.24 v _4030_/B (Nand_gate)
                  0.03    0.04    4.28 ^ _4030_/Y (Nand_gate)
     1    0.00                           _1038_ (net)
                  0.03    0.00    4.28 ^ _4031_/B (Nand_gate)
                  0.03    0.04    4.31 v _4031_/Y (Nand_gate)
     1    0.00                           _1039_ (net)
                  0.03    0.00    4.31 v _4032_/B (Nor_gate)
                  0.08    0.06    4.38 ^ _4032_/Y (Nor_gate)
     1    0.00                           _1040_ (net)
                  0.08    0.00    4.38 ^ _4066_/A (Nor_gate)
                  0.07    0.07    4.45 v _4066_/Y (Nor_gate)
     2    0.02                           _1077_ (net)
                  0.07    0.00    4.45 v _4067_/A (inverter)
                  0.03    0.03    4.49 ^ _4067_/Y (inverter)
     1    0.00                           net86 (net)
                  0.03    0.00    4.49 ^ output86/A (sky130_fd_sc_hd__buf_2)
                  0.13    0.13    4.62 ^ output86/X (sky130_fd_sc_hd__buf_2)
     1    0.03                           result[25] (net)
                  0.13    0.00    4.62 ^ result[25] (out)
                                  4.62   data arrival time

                  0.00    0.00    0.00   clock clk (rise edge)
                          0.00    0.00   clock network delay (ideal)
                          0.25    0.25   clock uncertainty
                          0.00    0.25   clock reconvergence pessimism
                         -4.00   -3.75   output external delay
                                 -3.75   data required time
-----------------------------------------------------------------------------
                                 -3.75   data required time
                                 -4.62   data arrival time
-----------------------------------------------------------------------------
                                  8.37   slack (MET)


Startpoint: alu_control[2] (input port clocked by clk)
Endpoint: result[0] (output port clocked by clk)
Path Group: clk
Path Type: min
Corner: Fastest

Fanout     Cap    Slew   Delay    Time   Description
-----------------------------------------------------------------------------
                  0.00    0.00    0.00   clock clk (rise edge)
                          0.00    0.00   clock network delay (ideal)
                          4.00    4.00 v input external delay
                  0.00    0.00    4.00 v alu_control[2] (in)
     1    0.00                           alu_control[2] (net)
                  0.00    0.00    4.00 v input35/A (sky130_fd_sc_hd__clkbuf_2)
                  0.10    0.11    4.12 v input35/X (sky130_fd_sc_hd__clkbuf_2)
     5    0.04                           net35 (net)
                  0.10    0.01    4.12 v _2491_/A (Nand_gate)
                  0.06    0.07    4.19 ^ _2491_/Y (Nand_gate)
     2    0.01                           _1600_ (net)
                  0.06    0.00    4.19 ^ _2492_/B (Nor_gate)
                  0.02    0.03    4.22 v _2492_/Y (Nor_gate)
     1    0.00                           _1601_ (net)
                  0.02    0.00    4.23 v _2493_/B (Nand_gate)
                  0.03    0.03    4.26 ^ _2493_/Y (Nand_gate)
     1    0.00                           _1602_ (net)
                  0.03    0.00    4.26 ^ _2494_/B (Nor_gate)
                  0.02    0.02    4.28 v _2494_/Y (Nor_gate)
     1    0.00                           _1603_ (net)
                  0.02    0.00    4.28 v _2495_/B (Nand_gate)
                  0.04    0.03    4.31 ^ _2495_/Y (Nand_gate)
     1    0.00                           _1604_ (net)
                  0.04    0.00    4.31 ^ _2602_/A (Nand_gate)
                  0.04    0.04    4.36 v _2602_/Y (Nand_gate)
     1    0.00                           _1711_ (net)
                  0.04    0.00    4.36 v _2603_/A (sky130_fd_sc_hd__clkbuf_2)
                  0.10    0.13    4.48 v _2603_/X (sky130_fd_sc_hd__clkbuf_2)
     2    0.04                           net69 (net)
                  0.10    0.00    4.49 v output69/A (sky130_fd_sc_hd__clkbuf_4)
                  0.06    0.14    4.63 v output69/X (sky130_fd_sc_hd__clkbuf_4)
     1    0.03                           result[0] (net)
                  0.06    0.00    4.63 v result[0] (out)
                                  4.63   data arrival time

                  0.00    0.00    0.00   clock clk (rise edge)
                          0.00    0.00   clock network delay (ideal)
                          0.25    0.25   clock uncertainty
                          0.00    0.25   clock reconvergence pessimism
                         -4.00   -3.75   output external delay
                                 -3.75   data required time
-----------------------------------------------------------------------------
                                 -3.75   data required time
                                 -4.63   data arrival time
-----------------------------------------------------------------------------
                                  8.38   slack (MET)


Startpoint: b[13] (input port clocked by clk)
Endpoint: result[13] (output port clocked by clk)
Path Group: clk
Path Type: min
Corner: Fastest

Fanout     Cap    Slew   Delay    Time   Description
-----------------------------------------------------------------------------
                  0.00    0.00    0.00   clock clk (rise edge)
                          0.00    0.00   clock network delay (ideal)
                          4.00    4.00 ^ input external delay
                  0.01    0.01    4.01 ^ b[13] (in)
     1    0.00                           b[13] (net)
                  0.01    0.00    4.01 ^ input41/A (sky130_fd_sc_hd__buf_2)
                  0.21    0.17    4.18 ^ input41/X (sky130_fd_sc_hd__buf_2)
     6    0.06                           net41 (net)
                  0.21    0.01    4.18 ^ _3434_/A (Nand_gate)
                  0.04    0.06    4.25 v _3434_/Y (Nand_gate)
     1    0.00                           _0394_ (net)
                  0.04    0.00    4.25 v _3439_/A (Nand_gate)
                  0.04    0.04    4.29 ^ _3439_/Y (Nand_gate)
     1    0.00                           _0400_ (net)
                  0.04    0.00    4.29 ^ _3448_/A (Nor_gate)
                  0.02    0.03    4.32 v _3448_/Y (Nor_gate)
     1    0.00                           _0410_ (net)
                  0.02    0.00    4.32 v _3449_/B (Nand_gate)
                  0.03    0.03    4.35 ^ _3449_/Y (Nand_gate)
     1    0.00                           _0411_ (net)
                  0.03    0.00    4.35 ^ _3450_/B (Nor_gate)
                  0.05    0.05    4.39 v _3450_/Y (Nor_gate)
     1    0.01                           _0412_ (net)
                  0.05    0.00    4.40 v _3451_/B (Nand_gate)
                  0.03    0.04    4.43 ^ _3451_/Y (Nand_gate)
     1    0.00                           _0413_ (net)
                  0.03    0.00    4.43 ^ _3452_/B (Nor_gate)
                  0.05    0.05    4.48 v _3452_/Y (Nor_gate)
     2    0.01                           _0414_ (net)
                  0.05    0.00    4.48 v _3453_/A (inverter)
                  0.04    0.04    4.52 ^ _3453_/Y (inverter)
     1    0.00                           net73 (net)
                  0.04    0.00    4.52 ^ output73/A (sky130_fd_sc_hd__clkbuf_4)
                  0.08    0.12    4.64 ^ output73/X (sky130_fd_sc_hd__clkbuf_4)
     1    0.03                           result[13] (net)
                  0.08    0.00    4.64 ^ result[13] (out)
                                  4.64   data arrival time

                  0.00    0.00    0.00   clock clk (rise edge)
                          0.00    0.00   clock network delay (ideal)
                          0.25    0.25   clock uncertainty
                          0.00    0.25   clock reconvergence pessimism
                         -4.00   -3.75   output external delay
                                 -3.75   data required time
-----------------------------------------------------------------------------
                                 -3.75   data required time
                                 -4.64   data arrival time
-----------------------------------------------------------------------------
                                  8.39   slack (MET)


Startpoint: b[20] (input port clocked by clk)
Endpoint: result[20] (output port clocked by clk)
Path Group: clk
Path Type: min
Corner: Fastest

Fanout     Cap    Slew   Delay    Time   Description
-----------------------------------------------------------------------------
                  0.00    0.00    0.00   clock clk (rise edge)
                          0.00    0.00   clock network delay (ideal)
                          4.00    4.00 ^ input external delay
                  0.01    0.01    4.01 ^ b[20] (in)
     1    0.00                           b[20] (net)
                  0.01    0.00    4.01 ^ input49/A (sky130_fd_sc_hd__buf_2)
                  0.16    0.15    4.15 ^ input49/X (sky130_fd_sc_hd__buf_2)
     7    0.04                           net49 (net)
                  0.17    0.01    4.16 ^ _3817_/A (Nand_gate)
                  0.04    0.06    4.22 v _3817_/Y (Nand_gate)
     1    0.00                           _0808_ (net)
                  0.04    0.00    4.22 v _3822_/A (Nand_gate)
                  0.04    0.04    4.26 ^ _3822_/Y (Nand_gate)
     1    0.00                           _0814_ (net)
                  0.04    0.00    4.26 ^ _3823_/B (Nor_gate)
                  0.03    0.03    4.29 v _3823_/Y (Nor_gate)
     1    0.01                           _0815_ (net)
                  0.03    0.00    4.29 v _3824_/B (Nand_gate)
                  0.04    0.04    4.33 ^ _3824_/Y (Nand_gate)
     1    0.00                           _0816_ (net)
                  0.04    0.00    4.33 ^ _3825_/B (Nor_gate)
                  0.12    0.09    4.42 v _3825_/Y (Nor_gate)
     2    0.03                           _0817_ (net)
                  0.12    0.00    4.42 v _3826_/A (inverter)
                  0.09    0.08    4.51 ^ _3826_/Y (inverter)
     1    0.01                           net81 (net)
                  0.09    0.00    4.51 ^ output81/A (sky130_fd_sc_hd__clkbuf_4)
                  0.09    0.13    4.64 ^ output81/X (sky130_fd_sc_hd__clkbuf_4)
     1    0.03                           result[20] (net)
                  0.09    0.00    4.64 ^ result[20] (out)
                                  4.64   data arrival time

                  0.00    0.00    0.00   clock clk (rise edge)
                          0.00    0.00   clock network delay (ideal)
                          0.25    0.25   clock uncertainty
                          0.00    0.25   clock reconvergence pessimism
                         -4.00   -3.75   output external delay
                                 -3.75   data required time
-----------------------------------------------------------------------------
                                 -3.75   data required time
                                 -4.64   data arrival time
-----------------------------------------------------------------------------
                                  8.39   slack (MET)


Startpoint: a[4] (input port clocked by clk)
Endpoint: result[5] (output port clocked by clk)
Path Group: clk
Path Type: min
Corner: Fastest

Fanout     Cap    Slew   Delay    Time   Description
-----------------------------------------------------------------------------
                  0.00    0.00    0.00   clock clk (rise edge)
                          0.00    0.00   clock network delay (ideal)
                          4.00    4.00 ^ input external delay
                  0.02    0.01    4.01 ^ a[4] (in)
     1    0.00                           a[4] (net)
                  0.02    0.00    4.01 ^ input27/A (sky130_fd_sc_hd__clkbuf_4)
                  0.12    0.14    4.15 ^ input27/X (sky130_fd_sc_hd__clkbuf_4)
     9    0.05                           net27 (net)
                  0.12    0.01    4.15 ^ _2864_/A (Nand_gate)
                  0.08    0.09    4.24 v _2864_/Y (Nand_gate)
     3    0.01                           _1969_ (net)
                  0.08    0.00    4.24 v _2923_/A (Nand_gate)
                  0.05    0.06    4.31 ^ _2923_/Y (Nand_gate)
     2    0.01                           _2027_ (net)
                  0.05    0.00    4.31 ^ _2924_/B (Nand_gate)
                  0.03    0.04    4.35 v _2924_/Y (Nand_gate)
     1    0.00                           _2028_ (net)
                  0.03    0.00    4.35 v _2927_/A (Nand_gate)
                  0.03    0.04    4.39 ^ _2927_/Y (Nand_gate)
     1    0.00                           _2031_ (net)
                  0.03    0.00    4.39 ^ _2964_/A (Nand_gate)
                  0.03    0.04    4.42 v _2964_/Y (Nand_gate)
     1    0.00                           _2068_ (net)
                  0.03    0.00    4.43 v _2965_/A (sky130_fd_sc_hd__buf_1)
                  0.07    0.09    4.52 v _2965_/X (sky130_fd_sc_hd__buf_1)
     2    0.02                           net96 (net)
                  0.07    0.00    4.52 v output96/A (sky130_fd_sc_hd__buf_2)
                  0.06    0.13    4.64 v output96/X (sky130_fd_sc_hd__buf_2)
     1    0.03                           result[5] (net)
                  0.06    0.00    4.65 v result[5] (out)
                                  4.65   data arrival time

                  0.00    0.00    0.00   clock clk (rise edge)
                          0.00    0.00   clock network delay (ideal)
                          0.25    0.25   clock uncertainty
                          0.00    0.25   clock reconvergence pessimism
                         -4.00   -3.75   output external delay
                                 -3.75   data required time
-----------------------------------------------------------------------------
                                 -3.75   data required time
                                 -4.65   data arrival time
-----------------------------------------------------------------------------
                                  8.40   slack (MET)


Startpoint: a[28] (input port clocked by clk)
Endpoint: result[28] (output port clocked by clk)
Path Group: clk
Path Type: min
Corner: Fastest

Fanout     Cap    Slew   Delay    Time   Description
-----------------------------------------------------------------------------
                  0.00    0.00    0.00   clock clk (rise edge)
                          0.00    0.00   clock network delay (ideal)
                          4.00    4.00 v input external delay
                  0.00    0.00    4.00 v a[28] (in)
     1    0.00                           a[28] (net)
                  0.00    0.00    4.00 v input21/A (sky130_fd_sc_hd__buf_2)
                  0.07    0.11    4.11 v input21/X (sky130_fd_sc_hd__buf_2)
     7    0.04                           net21 (net)
                  0.07    0.00    4.11 v _4180_/A (Xnor)
                  0.05    0.10    4.22 v _4180_/Y (Xnor)
     1    0.00                           _1200_ (net)
                  0.05    0.00    4.22 v _4181_/A (inverter)
                  0.05    0.05    4.27 ^ _4181_/Y (inverter)
     2    0.01                           _1201_ (net)
                  0.05    0.00    4.27 ^ _4182_/B (Nand_gate)
                  0.03    0.04    4.31 v _4182_/Y (Nand_gate)
     1    0.00                           _1202_ (net)
                  0.03    0.00    4.31 v _4185_/A (Nand_gate)
                  0.04    0.04    4.35 ^ _4185_/Y (Nand_gate)
     1    0.00                           _1205_ (net)
                  0.04    0.00    4.35 ^ _4216_/A (Nand_gate)
                  0.03    0.04    4.39 v _4216_/Y (Nand_gate)
     1    0.00                           _1239_ (net)
                  0.03    0.00    4.39 v _4217_/A (sky130_fd_sc_hd__clkbuf_2)
                  0.09    0.12    4.50 v _4217_/X (sky130_fd_sc_hd__clkbuf_2)
     2    0.03                           net89 (net)
                  0.09    0.01    4.51 v output89/A (sky130_fd_sc_hd__clkbuf_4)
                  0.06    0.14    4.65 v output89/X (sky130_fd_sc_hd__clkbuf_4)
     1    0.03                           result[28] (net)
                  0.06    0.00    4.65 v result[28] (out)
                                  4.65   data arrival time

                  0.00    0.00    0.00   clock clk (rise edge)
                          0.00    0.00   clock network delay (ideal)
                          0.25    0.25   clock uncertainty
                          0.00    0.25   clock reconvergence pessimism
                         -4.00   -3.75   output external delay
                                 -3.75   data required time
-----------------------------------------------------------------------------
                                 -3.75   data required time
                                 -4.65   data arrival time
-----------------------------------------------------------------------------
                                  8.40   slack (MET)


Startpoint: b[30] (input port clocked by clk)
Endpoint: result[30] (output port clocked by clk)
Path Group: clk
Path Type: min
Corner: Fastest

Fanout     Cap    Slew   Delay    Time   Description
-----------------------------------------------------------------------------
                  0.00    0.00    0.00   clock clk (rise edge)
                          0.00    0.00   clock network delay (ideal)
                          4.00    4.00 ^ input external delay
                  0.02    0.01    4.01 ^ b[30] (in)
     1    0.00                           b[30] (net)
                  0.02    0.00    4.01 ^ input60/A (sky130_fd_sc_hd__clkbuf_2)
                  0.12    0.12    4.13 ^ input60/X (sky130_fd_sc_hd__clkbuf_2)
     4    0.03                           net60 (net)
                  0.12    0.00    4.13 ^ _4292_/A (Nand_gate)
                  0.03    0.05    4.19 v _4292_/Y (Nand_gate)
     1    0.00                           _1321_ (net)
                  0.03    0.00    4.19 v _4293_/B (Nand_gate)
                  0.03    0.03    4.22 ^ _4293_/Y (Nand_gate)
     1    0.00                           _1322_ (net)
                  0.03    0.00    4.22 ^ _4294_/B (Nor_gate)
                  0.02    0.02    4.24 v _4294_/Y (Nor_gate)
     1    0.00                           _1323_ (net)
                  0.02    0.00    4.24 v _4295_/A (inverter)
                  0.03    0.03    4.27 ^ _4295_/Y (inverter)
     1    0.00                           _1324_ (net)
                  0.03    0.00    4.27 ^ _4296_/B (Nor_gate)
                  0.02    0.02    4.29 v _4296_/Y (Nor_gate)
     1    0.00                           _1325_ (net)
                  0.02    0.00    4.29 v _4297_/B (Nand_gate)
                  0.05    0.04    4.34 ^ _4297_/Y (Nand_gate)
     1    0.01                           _1326_ (net)
                  0.05    0.00    4.34 ^ _4298_/B (Nor_gate)
                  0.04    0.04    4.38 v _4298_/Y (Nor_gate)
     1    0.01                           _1328_ (net)
                  0.04    0.00    4.38 v _4299_/B (Nand_gate)
                  0.03    0.04    4.42 ^ _4299_/Y (Nand_gate)
     1    0.00                           _1329_ (net)
                  0.03    0.00    4.42 ^ _4300_/A (sky130_fd_sc_hd__buf_1)
                  0.10    0.09    4.51 ^ _4300_/X (sky130_fd_sc_hd__buf_1)
     2    0.01                           net92 (net)
                  0.10    0.00    4.51 ^ output92/A (sky130_fd_sc_hd__clkbuf_4)
                  0.08    0.14    4.65 ^ output92/X (sky130_fd_sc_hd__clkbuf_4)
     1    0.03                           result[30] (net)
                  0.08    0.00    4.65 ^ result[30] (out)
                                  4.65   data arrival time

                  0.00    0.00    0.00   clock clk (rise edge)
                          0.00    0.00   clock network delay (ideal)
                          0.25    0.25   clock uncertainty
                          0.00    0.25   clock reconvergence pessimism
                         -4.00   -3.75   output external delay
                                 -3.75   data required time
-----------------------------------------------------------------------------
                                 -3.75   data required time
                                 -4.65   data arrival time
-----------------------------------------------------------------------------
                                  8.40   slack (MET)


Startpoint: b[6] (input port clocked by clk)
Endpoint: result[6] (output port clocked by clk)
Path Group: clk
Path Type: min
Corner: Fastest

Fanout     Cap    Slew   Delay    Time   Description
-----------------------------------------------------------------------------
                  0.00    0.00    0.00   clock clk (rise edge)
                          0.00    0.00   clock network delay (ideal)
                          4.00    4.00 ^ input external delay
                  0.02    0.01    4.01 ^ b[6] (in)
     1    0.00                           b[6] (net)
                  0.02    0.00    4.01 ^ input65/A (sky130_fd_sc_hd__clkbuf_2)
                  0.12    0.12    4.13 ^ input65/X (sky130_fd_sc_hd__clkbuf_2)
     6    0.03                           net65 (net)
                  0.12    0.00    4.13 ^ _3025_/A (Nand_gate)
                  0.03    0.05    4.18 v _3025_/Y (Nand_gate)
     1    0.00                           _2128_ (net)
                  0.03    0.00    4.18 v _3026_/B (Nand_gate)
                  0.03    0.03    4.22 ^ _3026_/Y (Nand_gate)
     1    0.00                           _2129_ (net)
                  0.03    0.00    4.22 ^ _3027_/B (Nor_gate)
                  0.04    0.04    4.26 v _3027_/Y (Nor_gate)
     1    0.01                           _2130_ (net)
                  0.04    0.00    4.26 v _3028_/B (Nand_gate)
                  0.03    0.03    4.29 ^ _3028_/Y (Nand_gate)
     1    0.00                           _2131_ (net)
                  0.03    0.00    4.29 ^ _3029_/B (Nor_gate)
                  0.04    0.04    4.33 v _3029_/Y (Nor_gate)
     1    0.01                           _2132_ (net)
                  0.04    0.00    4.33 v _3030_/B (Nand_gate)
                  0.03    0.03    4.36 ^ _3030_/Y (Nand_gate)
     1    0.00                           _2133_ (net)
                  0.03    0.00    4.36 ^ _3031_/A (sky130_fd_sc_hd__buf_1)
                  0.16    0.14    4.50 ^ _3031_/X (sky130_fd_sc_hd__buf_1)
     2    0.02                           net97 (net)
                  0.16    0.00    4.50 ^ output97/A (sky130_fd_sc_hd__clkbuf_4)
                  0.09    0.15    4.65 ^ output97/X (sky130_fd_sc_hd__clkbuf_4)
     1    0.03                           result[6] (net)
                  0.09    0.00    4.65 ^ result[6] (out)
                                  4.65   data arrival time

                  0.00    0.00    0.00   clock clk (rise edge)
                          0.00    0.00   clock network delay (ideal)
                          0.25    0.25   clock uncertainty
                          0.00    0.25   clock reconvergence pessimism
                         -4.00   -3.75   output external delay
                                 -3.75   data required time
-----------------------------------------------------------------------------
                                 -3.75   data required time
                                 -4.65   data arrival time
-----------------------------------------------------------------------------
                                  8.40   slack (MET)


Startpoint: b[15] (input port clocked by clk)
Endpoint: result[15] (output port clocked by clk)
Path Group: clk
Path Type: min
Corner: Fastest

Fanout     Cap    Slew   Delay    Time   Description
-----------------------------------------------------------------------------
                  0.00    0.00    0.00   clock clk (rise edge)
                          0.00    0.00   clock network delay (ideal)
                          4.00    4.00 ^ input external delay
                  0.01    0.01    4.01 ^ b[15] (in)
     1    0.00                           b[15] (net)
                  0.01    0.00    4.01 ^ input43/A (sky130_fd_sc_hd__buf_2)
                  0.16    0.14    4.15 ^ input43/X (sky130_fd_sc_hd__buf_2)
     6    0.04                           net43 (net)
                  0.16    0.00    4.16 ^ _3548_/A (Nand_gate)
                  0.04    0.06    4.21 v _3548_/Y (Nand_gate)
     1    0.00                           _0518_ (net)
                  0.04    0.00    4.21 v _3553_/A (Nand_gate)
                  0.04    0.04    4.25 ^ _3553_/Y (Nand_gate)
     1    0.00                           _0523_ (net)
                  0.04    0.00    4.25 ^ _3554_/B (Nor_gate)
                  0.02    0.02    4.28 v _3554_/Y (Nor_gate)
     1    0.00                           _0524_ (net)
                  0.02    0.00    4.28 v _3555_/B (Nand_gate)
                  0.05    0.05    4.33 ^ _3555_/Y (Nand_gate)
     1    0.01                           _0525_ (net)
                  0.06    0.00    4.33 ^ _3556_/B (Nor_gate)
                  0.04    0.04    4.37 v _3556_/Y (Nor_gate)
     1    0.01                           _0526_ (net)
                  0.04    0.00    4.37 v _3557_/B (Nand_gate)
                  0.03    0.04    4.40 ^ _3557_/Y (Nand_gate)
     1    0.00                           _0527_ (net)
                  0.03    0.00    4.40 ^ _3558_/A (sky130_fd_sc_hd__buf_1)
                  0.12    0.11    4.51 ^ _3558_/X (sky130_fd_sc_hd__buf_1)
     2    0.01                           net75 (net)
                  0.12    0.00    4.51 ^ output75/A (sky130_fd_sc_hd__clkbuf_4)
                  0.09    0.14    4.66 ^ output75/X (sky130_fd_sc_hd__clkbuf_4)
     1    0.03                           result[15] (net)
                  0.09    0.00    4.66 ^ result[15] (out)
                                  4.66   data arrival time

                  0.00    0.00    0.00   clock clk (rise edge)
                          0.00    0.00   clock network delay (ideal)
                          0.25    0.25   clock uncertainty
                          0.00    0.25   clock reconvergence pessimism
                         -4.00   -3.75   output external delay
                                 -3.75   data required time
-----------------------------------------------------------------------------
                                 -3.75   data required time
                                 -4.66   data arrival time
-----------------------------------------------------------------------------
                                  8.41   slack (MET)


Startpoint: b[23] (input port clocked by clk)
Endpoint: result[23] (output port clocked by clk)
Path Group: clk
Path Type: min
Corner: Fastest

Fanout     Cap    Slew   Delay    Time   Description
-----------------------------------------------------------------------------
                  0.00    0.00    0.00   clock clk (rise edge)
                          0.00    0.00   clock network delay (ideal)
                          4.00    4.00 ^ input external delay
                  0.01    0.01    4.01 ^ b[23] (in)
     1    0.00                           b[23] (net)
                  0.01    0.00    4.01 ^ input52/A (sky130_fd_sc_hd__buf_2)
                  0.19    0.16    4.16 ^ input52/X (sky130_fd_sc_hd__buf_2)
     5    0.05                           net52 (net)
                  0.19    0.01    4.18 ^ _3948_/A (Nand_gate)
                  0.04    0.06    4.24 v _3948_/Y (Nand_gate)
     1    0.00                           _0950_ (net)
                  0.04    0.00    4.24 v _3953_/A (Nand_gate)
                  0.03    0.04    4.28 ^ _3953_/Y (Nand_gate)
     1    0.00                           _0955_ (net)
                  0.03    0.00    4.28 ^ _3954_/B (Nor_gate)
                  0.02    0.02    4.30 v _3954_/Y (Nor_gate)
     1    0.00                           _0956_ (net)
                  0.02    0.00    4.30 v _3955_/B (Nand_gate)
                  0.07    0.06    4.36 ^ _3955_/Y (Nand_gate)
     1    0.01                           _0957_ (net)
                  0.07    0.00    4.36 ^ _3956_/B (Nor_gate)
                  0.07    0.07    4.43 v _3956_/Y (Nor_gate)
     2    0.01                           _0958_ (net)
                  0.07    0.00    4.43 v _3957_/A (inverter)
                  0.12    0.09    4.52 ^ _3957_/Y (inverter)
     1    0.01                           net84 (net)
                  0.12    0.00    4.52 ^ output84/A (sky130_fd_sc_hd__clkbuf_4)
                  0.08    0.14    4.67 ^ output84/X (sky130_fd_sc_hd__clkbuf_4)
     1    0.03                           result[23] (net)
                  0.08    0.00    4.67 ^ result[23] (out)
                                  4.67   data arrival time

                  0.00    0.00    0.00   clock clk (rise edge)
                          0.00    0.00   clock network delay (ideal)
                          0.25    0.25   clock uncertainty
                          0.00    0.25   clock reconvergence pessimism
                         -4.00   -3.75   output external delay
                                 -3.75   data required time
-----------------------------------------------------------------------------
                                 -3.75   data required time
                                 -4.67   data arrival time
-----------------------------------------------------------------------------
                                  8.42   slack (MET)


Startpoint: a[18] (input port clocked by clk)
Endpoint: result[18] (output port clocked by clk)
Path Group: clk
Path Type: min
Corner: Fastest

Fanout     Cap    Slew   Delay    Time   Description
-----------------------------------------------------------------------------
                  0.00    0.00    0.00   clock clk (rise edge)
                          0.00    0.00   clock network delay (ideal)
                          4.00    4.00 v input external delay
                  0.01    0.00    4.00 v a[18] (in)
     1    0.00                           a[18] (net)
                  0.01    0.00    4.00 v input10/A (sky130_fd_sc_hd__buf_1)
                  0.06    0.08    4.08 v input10/X (sky130_fd_sc_hd__buf_1)
     2    0.01                           net10 (net)
                  0.06    0.00    4.08 v _2230_/A (sky130_fd_sc_hd__clkbuf_4)
                  0.08    0.15    4.23 v _2230_/X (sky130_fd_sc_hd__clkbuf_4)
    10    0.06                           _0679_ (net)
                  0.09    0.00    4.23 v _3700_/A (Nand_gate)
                  0.07    0.07    4.31 ^ _3700_/Y (Nand_gate)
     2    0.01                           _0682_ (net)
                  0.07    0.00    4.31 ^ _3703_/A (Nand_gate)
                  0.03    0.04    4.35 v _3703_/Y (Nand_gate)
     1    0.00                           _0685_ (net)
                  0.03    0.00    4.35 v _3727_/A (Nand_gate)
                  0.03    0.04    4.39 ^ _3727_/Y (Nand_gate)
     1    0.00                           _0711_ (net)
                  0.03    0.00    4.39 ^ _3728_/B (Nor_gate)
                  0.14    0.11    4.49 v _3728_/Y (Nor_gate)
     2    0.03                           _0713_ (net)
                  0.14    0.01    4.50 v _3729_/A (inverter)
                  0.04    0.05    4.55 ^ _3729_/Y (inverter)
     1    0.00                           net78 (net)
                  0.04    0.00    4.55 ^ output78/A (sky130_fd_sc_hd__clkbuf_4)
                  0.08    0.12    4.67 ^ output78/X (sky130_fd_sc_hd__clkbuf_4)
     1    0.03                           result[18] (net)
                  0.08    0.00    4.67 ^ result[18] (out)
                                  4.67   data arrival time

                  0.00    0.00    0.00   clock clk (rise edge)
                          0.00    0.00   clock network delay (ideal)
                          0.25    0.25   clock uncertainty
                          0.00    0.25   clock reconvergence pessimism
                         -4.00   -3.75   output external delay
                                 -3.75   data required time
-----------------------------------------------------------------------------
                                 -3.75   data required time
                                 -4.67   data arrival time
-----------------------------------------------------------------------------
                                  8.42   slack (MET)


Startpoint: a[7] (input port clocked by clk)
Endpoint: result[7] (output port clocked by clk)
Path Group: clk
Path Type: min
Corner: Fastest

Fanout     Cap    Slew   Delay    Time   Description
-----------------------------------------------------------------------------
                  0.00    0.00    0.00   clock clk (rise edge)
                          0.00    0.00   clock network delay (ideal)
                          4.00    4.00 v input external delay
                  0.01    0.00    4.00 v a[7] (in)
     1    0.00                           a[7] (net)
                  0.01    0.00    4.00 v input30/A (sky130_fd_sc_hd__dlymetal6s2s_1)
                  0.09    0.12    4.12 v input30/X (sky130_fd_sc_hd__dlymetal6s2s_1)
     3    0.02                           net30 (net)
                  0.09    0.00    4.13 v _3065_/A (Nand_gate)
                  0.08    0.08    4.21 ^ _3065_/Y (Nand_gate)
     3    0.01                           _2167_ (net)
                  0.08    0.00    4.21 ^ _3068_/A (Nand_gate)
                  0.04    0.05    4.26 v _3068_/Y (Nand_gate)
     1    0.00                           _0000_ (net)
                  0.04    0.00    4.26 v _3077_/A (Nand_gate)
                  0.03    0.04    4.29 ^ _3077_/Y (Nand_gate)
     1    0.00                           _0009_ (net)
                  0.03    0.00    4.29 ^ _3078_/B (Nor_gate)
                  0.02    0.02    4.32 v _3078_/Y (Nor_gate)
     1    0.00                           _0010_ (net)
                  0.02    0.00    4.32 v _3079_/A (inverter)
                  0.03    0.03    4.35 ^ _3079_/Y (inverter)
     1    0.00                           _0011_ (net)
                  0.03    0.00    4.35 ^ _3080_/B (Nor_gate)
                  0.05    0.05    4.40 v _3080_/Y (Nor_gate)
     2    0.01                           _0012_ (net)
                  0.05    0.00    4.40 v _3081_/A (inverter)
                  0.17    0.12    4.52 ^ _3081_/Y (inverter)
     1    0.02                           net98 (net)
                  0.17    0.00    4.52 ^ output98/A (sky130_fd_sc_hd__clkbuf_4)
                  0.09    0.15    4.67 ^ output98/X (sky130_fd_sc_hd__clkbuf_4)
     1    0.03                           result[7] (net)
                  0.09    0.00    4.67 ^ result[7] (out)
                                  4.67   data arrival time

                  0.00    0.00    0.00   clock clk (rise edge)
                          0.00    0.00   clock network delay (ideal)
                          0.25    0.25   clock uncertainty
                          0.00    0.25   clock reconvergence pessimism
                         -4.00   -3.75   output external delay
                                 -3.75   data required time
-----------------------------------------------------------------------------
                                 -3.75   data required time
                                 -4.67   data arrival time
-----------------------------------------------------------------------------
                                  8.42   slack (MET)


Startpoint: a[2] (input port clocked by clk)
Endpoint: result[2] (output port clocked by clk)
Path Group: clk
Path Type: min
Corner: Fastest

Fanout     Cap    Slew   Delay    Time   Description
-----------------------------------------------------------------------------
                  0.00    0.00    0.00   clock clk (rise edge)
                          0.00    0.00   clock network delay (ideal)
                          4.00    4.00 v input external delay
                  0.01    0.00    4.00 v a[2] (in)
     1    0.00                           a[2] (net)
                  0.01    0.00    4.00 v input23/A (sky130_fd_sc_hd__clkbuf_2)
                  0.10    0.11    4.12 v input23/X (sky130_fd_sc_hd__clkbuf_2)
     4    0.04                           net23 (net)
                  0.10    0.00    4.12 v _2709_/A (Xnor)
                  0.21    0.17    4.29 ^ _2709_/Y (Xnor)
     4    0.01                           _1816_ (net)
                  0.21    0.00    4.29 ^ _2710_/B (Nor_gate)
                  0.05    0.06    4.35 v _2710_/Y (Nor_gate)
     2    0.01                           _1817_ (net)
                  0.05    0.00    4.35 v _2713_/A (Nor_gate)
                  0.08    0.08    4.43 ^ _2713_/Y (Nor_gate)
     1    0.00                           _1820_ (net)
                  0.08    0.00    4.43 ^ _2781_/A (Nor_gate)
                  0.08    0.08    4.51 v _2781_/Y (Nor_gate)
     2    0.02                           _1888_ (net)
                  0.08    0.00    4.52 v _2782_/A (inverter)
                  0.03    0.04    4.55 ^ _2782_/Y (inverter)
     1    0.00                           net91 (net)
                  0.03    0.00    4.55 ^ output91/A (sky130_fd_sc_hd__clkbuf_4)
                  0.08    0.12    4.67 ^ output91/X (sky130_fd_sc_hd__clkbuf_4)
     1    0.03                           result[2] (net)
                  0.08    0.00    4.67 ^ result[2] (out)
                                  4.67   data arrival time

                  0.00    0.00    0.00   clock clk (rise edge)
                          0.00    0.00   clock network delay (ideal)
                          0.25    0.25   clock uncertainty
                          0.00    0.25   clock reconvergence pessimism
                         -4.00   -3.75   output external delay
                                 -3.75   data required time
-----------------------------------------------------------------------------
                                 -3.75   data required time
                                 -4.67   data arrival time
-----------------------------------------------------------------------------
                                  8.42   slack (MET)


Startpoint: b[21] (input port clocked by clk)
Endpoint: result[21] (output port clocked by clk)
Path Group: clk
Path Type: min
Corner: Fastest

Fanout     Cap    Slew   Delay    Time   Description
-----------------------------------------------------------------------------
                  0.00    0.00    0.00   clock clk (rise edge)
                          0.00    0.00   clock network delay (ideal)
                          4.00    4.00 ^ input external delay
                  0.02    0.01    4.01 ^ b[21] (in)
     1    0.00                           b[21] (net)
                  0.02    0.00    4.01 ^ input50/A (sky130_fd_sc_hd__dlymetal6s2s_1)
                  0.17    0.14    4.15 ^ input50/X (sky130_fd_sc_hd__dlymetal6s2s_1)
     5    0.02                           net50 (net)
                  0.17    0.00    4.15 ^ _2204_/B (Nor_gate)
                  0.04    0.06    4.21 v _2204_/Y (Nor_gate)
     2    0.01                           _0398_ (net)
                  0.04    0.00    4.21 v _3863_/A (Nor_gate)
                  0.07    0.07    4.28 ^ _3863_/Y (Nor_gate)
     1    0.00                           _0858_ (net)
                  0.07    0.00    4.28 ^ _3864_/B (Nor_gate)
                  0.02    0.03    4.31 v _3864_/Y (Nor_gate)
     1    0.00                           _0859_ (net)
                  0.02    0.00    4.31 v _3865_/B (Nand_gate)
                  0.04    0.03    4.34 ^ _3865_/Y (Nand_gate)
     1    0.00                           _0860_ (net)
                  0.04    0.00    4.34 ^ _3866_/B (Nor_gate)
                  0.02    0.03    4.37 v _3866_/Y (Nor_gate)
     1    0.00                           _0861_ (net)
                  0.02    0.00    4.37 v _3867_/A (inverter)
                  0.03    0.03    4.39 ^ _3867_/Y (inverter)
     1    0.00                           _0862_ (net)
                  0.03    0.00    4.39 ^ _3868_/B (Nor_gate)
                  0.12    0.10    4.49 v _3868_/Y (Nor_gate)
     2    0.03                           _0864_ (net)
                  0.12    0.00    4.49 v _3869_/A (inverter)
                  0.06    0.06    4.56 ^ _3869_/Y (inverter)
     1    0.01                           net82 (net)
                  0.06    0.00    4.56 ^ output82/A (sky130_fd_sc_hd__clkbuf_4)
                  0.08    0.13    4.68 ^ output82/X (sky130_fd_sc_hd__clkbuf_4)
     1    0.03                           result[21] (net)
                  0.08    0.00    4.68 ^ result[21] (out)
                                  4.68   data arrival time

                  0.00    0.00    0.00   clock clk (rise edge)
                          0.00    0.00   clock network delay (ideal)
                          0.25    0.25   clock uncertainty
                          0.00    0.25   clock reconvergence pessimism
                         -4.00   -3.75   output external delay
                                 -3.75   data required time
-----------------------------------------------------------------------------
                                 -3.75   data required time
                                 -4.68   data arrival time
-----------------------------------------------------------------------------
                                  8.43   slack (MET)


Startpoint: a[2] (input port clocked by clk)
Endpoint: result[3] (output port clocked by clk)
Path Group: clk
Path Type: min
Corner: Fastest

Fanout     Cap    Slew   Delay    Time   Description
-----------------------------------------------------------------------------
                  0.00    0.00    0.00   clock clk (rise edge)
                          0.00    0.00   clock network delay (ideal)
                          4.00    4.00 v input external delay
                  0.01    0.00    4.00 v a[2] (in)
     1    0.00                           a[2] (net)
                  0.01    0.00    4.00 v input23/A (sky130_fd_sc_hd__clkbuf_2)
                  0.10    0.11    4.12 v input23/X (sky130_fd_sc_hd__clkbuf_2)
     4    0.04                           net23 (net)
                  0.10    0.00    4.12 v _2788_/A (Nand_gate)
                  0.04    0.06    4.18 ^ _2788_/Y (Nand_gate)
     1    0.00                           _1894_ (net)
                  0.04    0.00    4.18 ^ _2789_/A (inverter)
                  0.03    0.03    4.21 v _2789_/Y (inverter)
     2    0.01                           _1895_ (net)
                  0.03    0.00    4.21 v _2790_/A (Nor_gate)
                  0.12    0.11    4.32 ^ _2790_/Y (Nor_gate)
     2    0.01                           _1896_ (net)
                  0.12    0.00    4.32 ^ _2791_/B (Nand_gate)
                  0.04    0.05    4.37 v _2791_/Y (Nand_gate)
     1    0.00                           _1897_ (net)
                  0.04    0.00    4.37 v _2795_/A (Nand_gate)
                  0.04    0.05    4.42 ^ _2795_/Y (Nand_gate)
     1    0.00                           _1901_ (net)
                  0.04    0.00    4.42 ^ _2849_/A (Nand_gate)
                  0.03    0.04    4.46 v _2849_/Y (Nand_gate)
     1    0.00                           _1955_ (net)
                  0.03    0.00    4.46 v _2850_/A (sky130_fd_sc_hd__buf_1)
                  0.07    0.10    4.55 v _2850_/X (sky130_fd_sc_hd__buf_1)
     2    0.02                           net94 (net)
                  0.07    0.00    4.56 v output94/A (sky130_fd_sc_hd__clkbuf_4)
                  0.06    0.13    4.69 v output94/X (sky130_fd_sc_hd__clkbuf_4)
     1    0.03                           result[3] (net)
                  0.06    0.00    4.69 v result[3] (out)
                                  4.69   data arrival time

                  0.00    0.00    0.00   clock clk (rise edge)
                          0.00    0.00   clock network delay (ideal)
                          0.25    0.25   clock uncertainty
                          0.00    0.25   clock reconvergence pessimism
                         -4.00   -3.75   output external delay
                                 -3.75   data required time
-----------------------------------------------------------------------------
                                 -3.75   data required time
                                 -4.69   data arrival time
-----------------------------------------------------------------------------
                                  8.44   slack (MET)


Startpoint: a[1] (input port clocked by clk)
Endpoint: result[1] (output port clocked by clk)
Path Group: clk
Path Type: min
Corner: Fastest

Fanout     Cap    Slew   Delay    Time   Description
-----------------------------------------------------------------------------
                  0.00    0.00    0.00   clock clk (rise edge)
                          0.00    0.00   clock network delay (ideal)
                          4.00    4.00 ^ input external delay
                  0.02    0.01    4.01 ^ a[1] (in)
     1    0.00                           a[1] (net)
                  0.02    0.00    4.01 ^ input12/A (sky130_fd_sc_hd__clkbuf_4)
                  0.18    0.17    4.17 ^ input12/X (sky130_fd_sc_hd__clkbuf_4)
     9    0.08                           net12 (net)
                  0.18    0.02    4.19 ^ _2321_/A (inverter)
                  0.06    0.07    4.26 v _2321_/Y (inverter)
     2    0.01                           _1430_ (net)
                  0.06    0.00    4.26 v _2684_/A (Nor_gate)
                  0.07    0.08    4.34 ^ _2684_/Y (Nor_gate)
     1    0.00                           _1792_ (net)
                  0.07    0.00    4.34 ^ _2685_/B (Nor_gate)
                  0.02    0.03    4.37 v _2685_/Y (Nor_gate)
     1    0.00                           _1793_ (net)
                  0.02    0.00    4.37 v _2698_/A (Nand_gate)
                  0.03    0.04    4.41 ^ _2698_/Y (Nand_gate)
     1    0.00                           _1806_ (net)
                  0.03    0.00    4.41 ^ _2699_/B (Nor_gate)
                  0.02    0.02    4.43 v _2699_/Y (Nor_gate)
     1    0.00                           _1807_ (net)
                  0.02    0.00    4.43 v _2700_/B (Nand_gate)
                  0.03    0.03    4.46 ^ _2700_/Y (Nand_gate)
     1    0.00                           _1808_ (net)
                  0.03    0.00    4.46 ^ _2701_/B (Nor_gate)
                  0.08    0.07    4.53 v _2701_/Y (Nor_gate)
     2    0.02                           _1809_ (net)
                  0.08    0.00    4.53 v _2702_/A (inverter)
                  0.04    0.04    4.57 ^ _2702_/Y (inverter)
     1    0.00                           net80 (net)
                  0.04    0.00    4.57 ^ output80/A (sky130_fd_sc_hd__clkbuf_4)
                  0.08    0.12    4.69 ^ output80/X (sky130_fd_sc_hd__clkbuf_4)
     1    0.03                           result[1] (net)
                  0.08    0.00    4.69 ^ result[1] (out)
                                  4.69   data arrival time

                  0.00    0.00    0.00   clock clk (rise edge)
                          0.00    0.00   clock network delay (ideal)
                          0.25    0.25   clock uncertainty
                          0.00    0.25   clock reconvergence pessimism
                         -4.00   -3.75   output external delay
                                 -3.75   data required time
-----------------------------------------------------------------------------
                                 -3.75   data required time
                                 -4.69   data arrival time
-----------------------------------------------------------------------------
                                  8.44   slack (MET)


Startpoint: a[26] (input port clocked by clk)
Endpoint: zero (output port clocked by clk)
Path Group: clk
Path Type: min
Corner: Fastest

Fanout     Cap    Slew   Delay    Time   Description
-----------------------------------------------------------------------------
                  0.00    0.00    0.00   clock clk (rise edge)
                          0.00    0.00   clock network delay (ideal)
                          4.00    4.00 v input external delay
                  0.00    0.00    4.00 v a[26] (in)
     1    0.00                           a[26] (net)
                  0.00    0.00    4.00 v input19/A (sky130_fd_sc_hd__buf_2)
                  0.07    0.10    4.11 v input19/X (sky130_fd_sc_hd__buf_2)
     9    0.04                           net19 (net)
                  0.07    0.01    4.11 v _4090_/A (Nand_gate)
                  0.06    0.07    4.18 ^ _4090_/Y (Nand_gate)
     2    0.01                           _1103_ (net)
                  0.06    0.00    4.18 ^ _4093_/A (Nand_gate)
                  0.04    0.05    4.23 v _4093_/Y (Nand_gate)
     1    0.00                           _1106_ (net)
                  0.04    0.00    4.23 v _4117_/A (Nand_gate)
                  0.06    0.06    4.28 ^ _4117_/Y (Nand_gate)
     1    0.01                           _1132_ (net)
                  0.06    0.00    4.29 ^ _4118_/B (Nor_gate)
                  0.07    0.06    4.35 v _4118_/Y (Nor_gate)
     2    0.01                           _1134_ (net)
                  0.07    0.00    4.35 v _4366_/B (Nand_gate)
                  0.03    0.04    4.39 ^ _4366_/Y (Nand_gate)
     1    0.00                           _1400_ (net)
                  0.03    0.00    4.39 ^ _4367_/B (Nor_gate)
                  0.02    0.02    4.42 v _4367_/Y (Nor_gate)
     1    0.00                           _1401_ (net)
                  0.02    0.00    4.42 v _4368_/B (Nand_gate)
                  0.03    0.03    4.45 ^ _4368_/Y (Nand_gate)
     1    0.00                           _1403_ (net)
                  0.03    0.00    4.45 ^ _4369_/B (Nor_gate)
                  0.03    0.03    4.48 v _4369_/Y (Nor_gate)
     1    0.01                           _1404_ (net)
                  0.03    0.00    4.48 v _4370_/B (Nand_gate)
                  0.03    0.03    4.51 ^ _4370_/Y (Nand_gate)
     1    0.00                           _1405_ (net)
                  0.03    0.00    4.51 ^ _4371_/B (Nor_gate)
                  0.02    0.02    4.54 v _4371_/Y (Nor_gate)
     1    0.00                           _1406_ (net)
                  0.02    0.00    4.54 v _4372_/A (sky130_fd_sc_hd__clkbuf_1)
                  0.02    0.05    4.59 v _4372_/X (sky130_fd_sc_hd__clkbuf_1)
     1    0.00                           net101 (net)
                  0.02    0.00    4.59 v output101/A (sky130_fd_sc_hd__buf_2)
                  0.06    0.11    4.69 v output101/X (sky130_fd_sc_hd__buf_2)
     1    0.03                           zero (net)
                  0.06    0.00    4.69 v zero (out)
                                  4.69   data arrival time

                  0.00    0.00    0.00   clock clk (rise edge)
                          0.00    0.00   clock network delay (ideal)
                          0.25    0.25   clock uncertainty
                          0.00    0.25   clock reconvergence pessimism
                         -4.00   -3.75   output external delay
                                 -3.75   data required time
-----------------------------------------------------------------------------
                                 -3.75   data required time
                                 -4.69   data arrival time
-----------------------------------------------------------------------------
                                  8.44   slack (MET)


Startpoint: a[11] (input port clocked by clk)
Endpoint: result[11] (output port clocked by clk)
Path Group: clk
Path Type: min
Corner: Fastest

Fanout     Cap    Slew   Delay    Time   Description
-----------------------------------------------------------------------------
                  0.00    0.00    0.00   clock clk (rise edge)
                          0.00    0.00   clock network delay (ideal)
                          4.00    4.00 v input external delay
                  0.01    0.00    4.00 v a[11] (in)
     1    0.00                           a[11] (net)
                  0.01    0.00    4.00 v input3/A (sky130_fd_sc_hd__buf_2)
                  0.08    0.11    4.11 v input3/X (sky130_fd_sc_hd__buf_2)
     5    0.04                           net3 (net)
                  0.08    0.01    4.12 v _3273_/A (Xnor)
                  0.17    0.14    4.26 ^ _3273_/Y (Xnor)
     3    0.01                           _0219_ (net)
                  0.17    0.00    4.26 ^ _3276_/A (Nor_gate)
                  0.03    0.05    4.31 v _3276_/Y (Nor_gate)
     1    0.00                           _0222_ (net)
                  0.03    0.00    4.31 v _3279_/A (Nor_gate)
                  0.09    0.08    4.40 ^ _3279_/Y (Nor_gate)
     1    0.00                           _0226_ (net)
                  0.09    0.00    4.40 ^ _3326_/A (Nor_gate)
                  0.15    0.13    4.53 v _3326_/Y (Nor_gate)
     2    0.04                           _0277_ (net)
                  0.15    0.00    4.53 v _3327_/A (inverter)
                  0.04    0.05    4.58 ^ _3327_/Y (inverter)
     1    0.00                           net71 (net)
                  0.04    0.00    4.58 ^ output71/A (sky130_fd_sc_hd__clkbuf_4)
                  0.08    0.12    4.71 ^ output71/X (sky130_fd_sc_hd__clkbuf_4)
     1    0.03                           result[11] (net)
                  0.08    0.00    4.71 ^ result[11] (out)
                                  4.71   data arrival time

                  0.00    0.00    0.00   clock clk (rise edge)
                          0.00    0.00   clock network delay (ideal)
                          0.25    0.25   clock uncertainty
                          0.00    0.25   clock reconvergence pessimism
                         -4.00   -3.75   output external delay
                                 -3.75   data required time
-----------------------------------------------------------------------------
                                 -3.75   data required time
                                 -4.71   data arrival time
-----------------------------------------------------------------------------
                                  8.46   slack (MET)


Startpoint: b[12] (input port clocked by clk)
Endpoint: result[12] (output port clocked by clk)
Path Group: clk
Path Type: min
Corner: Fastest

Fanout     Cap    Slew   Delay    Time   Description
-----------------------------------------------------------------------------
                  0.00    0.00    0.00   clock clk (rise edge)
                          0.00    0.00   clock network delay (ideal)
                          4.00    4.00 v input external delay
                  0.01    0.00    4.00 v b[12] (in)
     1    0.00                           b[12] (net)
                  0.01    0.00    4.00 v input40/A (sky130_fd_sc_hd__buf_2)
                  0.08    0.11    4.11 v input40/X (sky130_fd_sc_hd__buf_2)
     7    0.05                           net40 (net)
                  0.08    0.01    4.12 v _3367_/A (Nand_gate)
                  0.05    0.06    4.18 ^ _3367_/Y (Nand_gate)
     1    0.00                           _0321_ (net)
                  0.05    0.00    4.18 ^ _3372_/A (Nand_gate)
                  0.03    0.04    4.22 v _3372_/Y (Nand_gate)
     1    0.00                           _0327_ (net)
                  0.03    0.00    4.22 v _3380_/A (Nor_gate)
                  0.08    0.07    4.29 ^ _3380_/Y (Nor_gate)
     1    0.00                           _0336_ (net)
                  0.08    0.00    4.29 ^ _3381_/B (Nand_gate)
                  0.03    0.04    4.34 v _3381_/Y (Nand_gate)
     1    0.00                           _0337_ (net)
                  0.03    0.00    4.34 v _3395_/A (Nor_gate)
                  0.09    0.08    4.42 ^ _3395_/Y (Nor_gate)
     1    0.00                           _0352_ (net)
                  0.09    0.00    4.42 ^ _3396_/B (Nand_gate)
                  0.03    0.05    4.47 v _3396_/Y (Nand_gate)
     1    0.00                           _0353_ (net)
                  0.03    0.00    4.47 v _3397_/A (sky130_fd_sc_hd__buf_1)
                  0.09    0.11    4.58 v _3397_/X (sky130_fd_sc_hd__buf_1)
     2    0.02                           net72 (net)
                  0.09    0.00    4.58 v output72/A (sky130_fd_sc_hd__clkbuf_4)
                  0.06    0.14    4.72 v output72/X (sky130_fd_sc_hd__clkbuf_4)
     1    0.03                           result[12] (net)
                  0.06    0.00    4.72 v result[12] (out)
                                  4.72   data arrival time

                  0.00    0.00    0.00   clock clk (rise edge)
                          0.00    0.00   clock network delay (ideal)
                          0.25    0.25   clock uncertainty
                          0.00    0.25   clock reconvergence pessimism
                         -4.00   -3.75   output external delay
                                 -3.75   data required time
-----------------------------------------------------------------------------
                                 -3.75   data required time
                                 -4.72   data arrival time
-----------------------------------------------------------------------------
                                  8.47   slack (MET)


Startpoint: b[16] (input port clocked by clk)
Endpoint: result[16] (output port clocked by clk)
Path Group: clk
Path Type: min
Corner: Fastest

Fanout     Cap    Slew   Delay    Time   Description
-----------------------------------------------------------------------------
                  0.00    0.00    0.00   clock clk (rise edge)
                          0.00    0.00   clock network delay (ideal)
                          4.00    4.00 v input external delay
                  0.01    0.00    4.00 v b[16] (in)
     1    0.00                           b[16] (net)
                  0.01    0.00    4.00 v input44/A (sky130_fd_sc_hd__clkbuf_4)
                  0.10    0.13    4.14 v input44/X (sky130_fd_sc_hd__clkbuf_4)
     8    0.07                           net44 (net)
                  0.10    0.01    4.14 v _3616_/A (Nand_gate)
                  0.04    0.05    4.20 ^ _3616_/Y (Nand_gate)
     1    0.00                           _0591_ (net)
                  0.04    0.00    4.20 ^ _3622_/A (Nand_gate)
                  0.03    0.04    4.24 v _3622_/Y (Nand_gate)
     1    0.00                           _0598_ (net)
                  0.03    0.00    4.24 v _3623_/B (Nor_gate)
                  0.07    0.06    4.29 ^ _3623_/Y (Nor_gate)
     1    0.00                           _0599_ (net)
                  0.07    0.00    4.29 ^ _3624_/B (Nand_gate)
                  0.07    0.07    4.36 v _3624_/Y (Nand_gate)
     1    0.01                           _0600_ (net)
                  0.07    0.00    4.36 v _3625_/B (Nor_gate)
                  0.07    0.07    4.43 ^ _3625_/Y (Nor_gate)
     1    0.00                           _0601_ (net)
                  0.07    0.00    4.43 ^ _3626_/B (Nand_gate)
                  0.03    0.04    4.47 v _3626_/Y (Nand_gate)
     1    0.00                           _0602_ (net)
                  0.03    0.00    4.47 v _3627_/A (sky130_fd_sc_hd__buf_1)
                  0.09    0.11    4.59 v _3627_/X (sky130_fd_sc_hd__buf_1)
     2    0.02                           net76 (net)
                  0.10    0.00    4.59 v output76/A (sky130_fd_sc_hd__clkbuf_4)
                  0.06    0.14    4.73 v output76/X (sky130_fd_sc_hd__clkbuf_4)
     1    0.03                           result[16] (net)
                  0.06    0.00    4.73 v result[16] (out)
                                  4.73   data arrival time

                  0.00    0.00    0.00   clock clk (rise edge)
                          0.00    0.00   clock network delay (ideal)
                          0.25    0.25   clock uncertainty
                          0.00    0.25   clock reconvergence pessimism
                         -4.00   -3.75   output external delay
                                 -3.75   data required time
-----------------------------------------------------------------------------
                                 -3.75   data required time
                                 -4.73   data arrival time
-----------------------------------------------------------------------------
                                  8.48   slack (MET)


Startpoint: b[10] (input port clocked by clk)
Endpoint: result[10] (output port clocked by clk)
Path Group: clk
Path Type: min
Corner: Fastest

Fanout     Cap    Slew   Delay    Time   Description
-----------------------------------------------------------------------------
                  0.00    0.00    0.00   clock clk (rise edge)
                          0.00    0.00   clock network delay (ideal)
                          4.00    4.00 ^ input external delay
                  0.01    0.01    4.01 ^ b[10] (in)
     1    0.00                           b[10] (net)
                  0.01    0.00    4.01 ^ input38/A (sky130_fd_sc_hd__clkbuf_2)
                  0.12    0.11    4.12 ^ input38/X (sky130_fd_sc_hd__clkbuf_2)
     6    0.03                           net38 (net)
                  0.12    0.00    4.12 ^ _2277_/B (Nor_gate)
                  0.04    0.05    4.18 v _2277_/Y (Nor_gate)
     2    0.01                           _1186_ (net)
                  0.04    0.00    4.18 v _3261_/A (Nor_gate)
                  0.07    0.07    4.25 ^ _3261_/Y (Nor_gate)
     1    0.00                           _0207_ (net)
                  0.07    0.00    4.25 ^ _3262_/B (Nor_gate)
                  0.03    0.04    4.29 v _3262_/Y (Nor_gate)
     1    0.00                           _0208_ (net)
                  0.03    0.00    4.29 v _3263_/B (Nand_gate)
                  0.03    0.03    4.32 ^ _3263_/Y (Nand_gate)
     1    0.00                           _0209_ (net)
                  0.03    0.00    4.32 ^ _3264_/B (Nor_gate)
                  0.02    0.02    4.34 v _3264_/Y (Nor_gate)
     1    0.00                           _0210_ (net)
                  0.02    0.00    4.34 v _3265_/B (Nand_gate)
                  0.03    0.03    4.37 ^ _3265_/Y (Nand_gate)
     1    0.00                           _0211_ (net)
                  0.03    0.00    4.37 ^ _3266_/B (Nor_gate)
                  0.02    0.03    4.40 v _3266_/Y (Nor_gate)
     1    0.00                           _0212_ (net)
                  0.02    0.00    4.40 v _3267_/B (Nand_gate)
                  0.03    0.03    4.43 ^ _3267_/Y (Nand_gate)
     1    0.00                           _0213_ (net)
                  0.03    0.00    4.43 ^ _3268_/A (sky130_fd_sc_hd__clkbuf_2)
                  0.16    0.15    4.58 ^ _3268_/X (sky130_fd_sc_hd__clkbuf_2)
     3    0.04                           net70 (net)
                  0.16    0.00    4.58 ^ output70/A (sky130_fd_sc_hd__clkbuf_4)
                  0.08    0.15    4.73 ^ output70/X (sky130_fd_sc_hd__clkbuf_4)
     1    0.03                           result[10] (net)
                  0.08    0.00    4.73 ^ result[10] (out)
                                  4.73   data arrival time

                  0.00    0.00    0.00   clock clk (rise edge)
                          0.00    0.00   clock network delay (ideal)
                          0.25    0.25   clock uncertainty
                          0.00    0.25   clock reconvergence pessimism
                         -4.00   -3.75   output external delay
                                 -3.75   data required time
-----------------------------------------------------------------------------
                                 -3.75   data required time
                                 -4.73   data arrival time
-----------------------------------------------------------------------------
                                  8.48   slack (MET)


Startpoint: a[16] (input port clocked by clk)
Endpoint: result[17] (output port clocked by clk)
Path Group: clk
Path Type: min
Corner: Fastest

Fanout     Cap    Slew   Delay    Time   Description
-----------------------------------------------------------------------------
                  0.00    0.00    0.00   clock clk (rise edge)
                          0.00    0.00   clock network delay (ideal)
                          4.00    4.00 v input external delay
                  0.01    0.00    4.00 v a[16] (in)
     1    0.00                           a[16] (net)
                  0.01    0.00    4.00 v input8/A (sky130_fd_sc_hd__clkbuf_2)
                  0.09    0.11    4.11 v input8/X (sky130_fd_sc_hd__clkbuf_2)
     3    0.04                           net8 (net)
                  0.09    0.00    4.12 v _2409_/A (inverter)
                  0.06    0.06    4.18 ^ _2409_/Y (inverter)
     2    0.01                           _1518_ (net)
                  0.06    0.00    4.18 ^ _3640_/A (Nor_gate)
                  0.03    0.04    4.22 v _3640_/Y (Nor_gate)
     2    0.01                           _0617_ (net)
                  0.03    0.00    4.22 v _3641_/B (Nor_gate)
                  0.07    0.06    4.28 ^ _3641_/Y (Nor_gate)
     1    0.00                           _0618_ (net)
                  0.07    0.00    4.28 ^ _3644_/A (Nor_gate)
                  0.02    0.04    4.32 v _3644_/Y (Nor_gate)
     1    0.00                           _0621_ (net)
                  0.02    0.00    4.32 v _3669_/A (Nor_gate)
                  0.07    0.07    4.39 ^ _3669_/Y (Nor_gate)
     1    0.00                           _0649_ (net)
                  0.07    0.00    4.39 ^ _3670_/B (Nand_gate)
                  0.03    0.04    4.43 v _3670_/Y (Nand_gate)
     1    0.00                           _0650_ (net)
                  0.03    0.00    4.43 v _3671_/A (sky130_fd_sc_hd__dlymetal6s2s_1)
                  0.11    0.15    4.58 v _3671_/X (sky130_fd_sc_hd__dlymetal6s2s_1)
     2    0.03                           net77 (net)
                  0.11    0.00    4.58 v output77/A (sky130_fd_sc_hd__clkbuf_4)
                  0.06    0.15    4.73 v output77/X (sky130_fd_sc_hd__clkbuf_4)
     1    0.03                           result[17] (net)
                  0.06    0.00    4.73 v result[17] (out)
                                  4.73   data arrival time

                  0.00    0.00    0.00   clock clk (rise edge)
                          0.00    0.00   clock network delay (ideal)
                          0.25    0.25   clock uncertainty
                          0.00    0.25   clock reconvergence pessimism
                         -4.00   -3.75   output external delay
                                 -3.75   data required time
-----------------------------------------------------------------------------
                                 -3.75   data required time
                                 -4.73   data arrival time
-----------------------------------------------------------------------------
                                  8.48   slack (MET)


Startpoint: b[9] (input port clocked by clk)
Endpoint: result[9] (output port clocked by clk)
Path Group: clk
Path Type: min
Corner: Fastest

Fanout     Cap    Slew   Delay    Time   Description
-----------------------------------------------------------------------------
                  0.00    0.00    0.00   clock clk (rise edge)
                          0.00    0.00   clock network delay (ideal)
                          4.00    4.00 ^ input external delay
                  0.01    0.01    4.01 ^ b[9] (in)
     1    0.00                           b[9] (net)
                  0.01    0.00    4.01 ^ input68/A (sky130_fd_sc_hd__clkbuf_2)
                  0.13    0.12    4.13 ^ input68/X (sky130_fd_sc_hd__clkbuf_2)
     6    0.03                           net68 (net)
                  0.13    0.00    4.13 ^ _3186_/A (Nand_gate)
                  0.04    0.06    4.19 v _3186_/Y (Nand_gate)
     1    0.00                           _0125_ (net)
                  0.04    0.00    4.19 v _3193_/A (Nand_gate)
                  0.03    0.04    4.23 ^ _3193_/Y (Nand_gate)
     1    0.00                           _0133_ (net)
                  0.03    0.00    4.23 ^ _3194_/B (Nor_gate)
                  0.05    0.05    4.27 v _3194_/Y (Nor_gate)
     1    0.01                           _0134_ (net)
                  0.05    0.00    4.27 v _3204_/A (Nand_gate)
                  0.04    0.04    4.31 ^ _3204_/Y (Nand_gate)
     1    0.00                           _0145_ (net)
                  0.04    0.00    4.31 ^ _3205_/B (Nor_gate)
                  0.02    0.02    4.34 v _3205_/Y (Nor_gate)
     1    0.00                           _0146_ (net)
                  0.02    0.00    4.34 v _3206_/B (Nand_gate)
                  0.13    0.09    4.43 ^ _3206_/Y (Nand_gate)
     1    0.02                           _0147_ (net)
                  0.13    0.00    4.43 ^ _3207_/B (Nor_gate)
                  0.11    0.11    4.54 v _3207_/Y (Nor_gate)
     2    0.03                           _0148_ (net)
                  0.11    0.00    4.55 v _3208_/A (inverter)
                  0.05    0.06    4.61 ^ _3208_/Y (inverter)
     1    0.01                           net100 (net)
                  0.05    0.00    4.61 ^ output100/A (sky130_fd_sc_hd__clkbuf_4)
                  0.08    0.12    4.73 ^ output100/X (sky130_fd_sc_hd__clkbuf_4)
     1    0.03                           result[9] (net)
                  0.08    0.00    4.73 ^ result[9] (out)
                                  4.73   data arrival time

                  0.00    0.00    0.00   clock clk (rise edge)
                          0.00    0.00   clock network delay (ideal)
                          0.25    0.25   clock uncertainty
                          0.00    0.25   clock reconvergence pessimism
                         -4.00   -3.75   output external delay
                                 -3.75   data required time
-----------------------------------------------------------------------------
                                 -3.75   data required time
                                 -4.73   data arrival time
-----------------------------------------------------------------------------
                                  8.48   slack (MET)


Startpoint: a[24] (input port clocked by clk)
Endpoint: result[24] (output port clocked by clk)
Path Group: clk
Path Type: min
Corner: Fastest

Fanout     Cap    Slew   Delay    Time   Description
-----------------------------------------------------------------------------
                  0.00    0.00    0.00   clock clk (rise edge)
                          0.00    0.00   clock network delay (ideal)
                          4.00    4.00 v input external delay
                  0.00    0.00    4.00 v a[24] (in)
     1    0.00                           a[24] (net)
                  0.00    0.00    4.00 v input17/A (sky130_fd_sc_hd__buf_2)
                  0.07    0.11    4.11 v input17/X (sky130_fd_sc_hd__buf_2)
     9    0.04                           net17 (net)
                  0.07    0.00    4.11 v _3978_/A (Nor_gate)
                  0.09    0.09    4.21 ^ _3978_/Y (Nor_gate)
     1    0.00                           _0982_ (net)
                  0.09    0.00    4.21 ^ _3979_/B (Nor_gate)
                  0.07    0.07    4.28 v _3979_/Y (Nor_gate)
     4    0.02                           _0983_ (net)
                  0.07    0.00    4.28 v _3981_/B (Nor_gate)
                  0.07    0.06    4.35 ^ _3981_/Y (Nor_gate)
     1    0.00                           _0985_ (net)
                  0.07    0.00    4.35 ^ _3982_/B (Nor_gate)
                  0.02    0.03    4.38 v _3982_/Y (Nor_gate)
     1    0.00                           _0986_ (net)
                  0.02    0.00    4.38 v _3983_/B (Nand_gate)
                  0.03    0.03    4.41 ^ _3983_/Y (Nand_gate)
     1    0.00                           _0987_ (net)
                  0.03    0.00    4.41 ^ _4019_/A (Nand_gate)
                  0.03    0.04    4.45 v _4019_/Y (Nand_gate)
     1    0.00                           _1027_ (net)
                  0.03    0.00    4.45 v _4020_/A (sky130_fd_sc_hd__dlymetal6s2s_1)
                  0.10    0.14    4.59 v _4020_/X (sky130_fd_sc_hd__dlymetal6s2s_1)
     2    0.03                           net85 (net)
                  0.10    0.00    4.59 v output85/A (sky130_fd_sc_hd__clkbuf_4)
                  0.06    0.14    4.73 v output85/X (sky130_fd_sc_hd__clkbuf_4)
     1    0.04                           result[24] (net)
                  0.06    0.00    4.74 v result[24] (out)
                                  4.74   data arrival time

                  0.00    0.00    0.00   clock clk (rise edge)
                          0.00    0.00   clock network delay (ideal)
                          0.25    0.25   clock uncertainty
                          0.00    0.25   clock reconvergence pessimism
                         -4.00   -3.75   output external delay
                                 -3.75   data required time
-----------------------------------------------------------------------------
                                 -3.75   data required time
                                 -4.74   data arrival time
-----------------------------------------------------------------------------
                                  8.49   slack (MET)


Startpoint: a[26] (input port clocked by clk)
Endpoint: result[26] (output port clocked by clk)
Path Group: clk
Path Type: min
Corner: Fastest

Fanout     Cap    Slew   Delay    Time   Description
-----------------------------------------------------------------------------
                  0.00    0.00    0.00   clock clk (rise edge)
                          0.00    0.00   clock network delay (ideal)
                          4.00    4.00 v input external delay
                  0.00    0.00    4.00 v a[26] (in)
     1    0.00                           a[26] (net)
                  0.00    0.00    4.00 v input19/A (sky130_fd_sc_hd__buf_2)
                  0.07    0.10    4.11 v input19/X (sky130_fd_sc_hd__buf_2)
     9    0.04                           net19 (net)
                  0.07    0.01    4.11 v _4090_/A (Nand_gate)
                  0.06    0.07    4.18 ^ _4090_/Y (Nand_gate)
     2    0.01                           _1103_ (net)
                  0.06    0.00    4.18 ^ _4093_/A (Nand_gate)
                  0.04    0.05    4.23 v _4093_/Y (Nand_gate)
     1    0.00                           _1106_ (net)
                  0.04    0.00    4.23 v _4117_/A (Nand_gate)
                  0.06    0.06    4.28 ^ _4117_/Y (Nand_gate)
     1    0.01                           _1132_ (net)
                  0.06    0.00    4.29 ^ _4118_/B (Nor_gate)
                  0.07    0.06    4.35 v _4118_/Y (Nor_gate)
     2    0.01                           _1134_ (net)
                  0.07    0.00    4.35 v _4119_/A (inverter)
                  0.30    0.21    4.56 ^ _4119_/Y (inverter)
     1    0.04                           net87 (net)
                  0.30    0.01    4.57 ^ output87/A (sky130_fd_sc_hd__clkbuf_4)
                  0.09    0.17    4.74 ^ output87/X (sky130_fd_sc_hd__clkbuf_4)
     1    0.04                           result[26] (net)
                  0.09    0.00    4.74 ^ result[26] (out)
                                  4.74   data arrival time

                  0.00    0.00    0.00   clock clk (rise edge)
                          0.00    0.00   clock network delay (ideal)
                          0.25    0.25   clock uncertainty
                          0.00    0.25   clock reconvergence pessimism
                         -4.00   -3.75   output external delay
                                 -3.75   data required time
-----------------------------------------------------------------------------
                                 -3.75   data required time
                                 -4.74   data arrival time
-----------------------------------------------------------------------------
                                  8.49   slack (MET)


Startpoint: b[14] (input port clocked by clk)
Endpoint: result[14] (output port clocked by clk)
Path Group: clk
Path Type: min
Corner: Fastest

Fanout     Cap    Slew   Delay    Time   Description
-----------------------------------------------------------------------------
                  0.00    0.00    0.00   clock clk (rise edge)
                          0.00    0.00   clock network delay (ideal)
                          4.00    4.00 v input external delay
                  0.01    0.00    4.00 v b[14] (in)
     1    0.00                           b[14] (net)
                  0.01    0.00    4.00 v input42/A (sky130_fd_sc_hd__clkbuf_2)
                  0.11    0.12    4.12 v input42/X (sky130_fd_sc_hd__clkbuf_2)
     5    0.04                           net42 (net)
                  0.11    0.01    4.13 v _2380_/A (inverter)
                  0.10    0.09    4.22 ^ _2380_/Y (inverter)
     3    0.01                           _1489_ (net)
                  0.10    0.00    4.22 ^ _3479_/A (Nor_gate)
                  0.03    0.04    4.26 v _3479_/Y (Nor_gate)
     1    0.00                           _0443_ (net)
                  0.03    0.00    4.26 v _3483_/A (Nor_gate)
                  0.07    0.07    4.34 ^ _3483_/Y (Nor_gate)
     1    0.00                           _0447_ (net)
                  0.07    0.00    4.34 ^ _3508_/A (Nand_gate)
                  0.05    0.06    4.39 v _3508_/Y (Nand_gate)
     1    0.01                           _0475_ (net)
                  0.05    0.00    4.39 v _3509_/B (Nor_gate)
                  0.08    0.07    4.46 ^ _3509_/Y (Nor_gate)
     1    0.00                           _0476_ (net)
                  0.08    0.00    4.46 ^ _3510_/B (Nand_gate)
                  0.03    0.04    4.50 v _3510_/Y (Nand_gate)
     1    0.00                           _0477_ (net)
                  0.03    0.00    4.50 v _3511_/A (sky130_fd_sc_hd__buf_1)
                  0.08    0.10    4.60 v _3511_/X (sky130_fd_sc_hd__buf_1)
     2    0.02                           net74 (net)
                  0.08    0.00    4.60 v output74/A (sky130_fd_sc_hd__clkbuf_4)
                  0.06    0.14    4.74 v output74/X (sky130_fd_sc_hd__clkbuf_4)
     1    0.04                           result[14] (net)
                  0.06    0.00    4.74 v result[14] (out)
                                  4.74   data arrival time

                  0.00    0.00    0.00   clock clk (rise edge)
                          0.00    0.00   clock network delay (ideal)
                          0.25    0.25   clock uncertainty
                          0.00    0.25   clock reconvergence pessimism
                         -4.00   -3.75   output external delay
                                 -3.75   data required time
-----------------------------------------------------------------------------
                                 -3.75   data required time
                                 -4.74   data arrival time
-----------------------------------------------------------------------------
                                  8.49   slack (MET)


Startpoint: a[30] (input port clocked by clk)
Endpoint: result[31] (output port clocked by clk)
Path Group: clk
Path Type: min
Corner: Fastest

Fanout     Cap    Slew   Delay    Time   Description
-----------------------------------------------------------------------------
                  0.00    0.00    0.00   clock clk (rise edge)
                          0.00    0.00   clock network delay (ideal)
                          4.00    4.00 ^ input external delay
                  0.01    0.01    4.01 ^ a[30] (in)
     1    0.00                           a[30] (net)
                  0.01    0.00    4.01 ^ input24/A (sky130_fd_sc_hd__clkbuf_4)
                  0.18    0.16    4.17 ^ input24/X (sky130_fd_sc_hd__clkbuf_4)
     9    0.08                           net24 (net)
                  0.18    0.02    4.19 ^ _4301_/A (Nand_gate)
                  0.04    0.06    4.25 v _4301_/Y (Nand_gate)
     1    0.00                           _1330_ (net)
                  0.04    0.00    4.25 v _4302_/A (Nand_gate)
                  0.06    0.06    4.32 ^ _4302_/Y (Nand_gate)
     2    0.01                           _1331_ (net)
                  0.06    0.00    4.32 ^ _4306_/A (Nand_gate)
                  0.04    0.05    4.37 v _4306_/Y (Nand_gate)
     1    0.00                           _1335_ (net)
                  0.04    0.00    4.37 v _4309_/A (Nand_gate)
                  0.04    0.05    4.41 ^ _4309_/Y (Nand_gate)
     1    0.00                           _1339_ (net)
                  0.04    0.00    4.41 ^ _4337_/A (Nand_gate)
                  0.03    0.04    4.45 v _4337_/Y (Nand_gate)
     1    0.00                           _1369_ (net)
                  0.03    0.00    4.45 v _4338_/A (sky130_fd_sc_hd__dlymetal6s2s_1)
                  0.11    0.15    4.60 v _4338_/X (sky130_fd_sc_hd__dlymetal6s2s_1)
     2    0.03                           net93 (net)
                  0.11    0.00    4.60 v output93/A (sky130_fd_sc_hd__clkbuf_4)
                  0.06    0.15    4.75 v output93/X (sky130_fd_sc_hd__clkbuf_4)
     1    0.03                           result[31] (net)
                  0.06    0.00    4.75 v result[31] (out)
                                  4.75   data arrival time

                  0.00    0.00    0.00   clock clk (rise edge)
                          0.00    0.00   clock network delay (ideal)
                          0.25    0.25   clock uncertainty
                          0.00    0.25   clock reconvergence pessimism
                         -4.00   -3.75   output external delay
                                 -3.75   data required time
-----------------------------------------------------------------------------
                                 -3.75   data required time
                                 -4.75   data arrival time
-----------------------------------------------------------------------------
                                  8.50   slack (MET)


Startpoint: a[4] (input port clocked by clk)
Endpoint: result[4] (output port clocked by clk)
Path Group: clk
Path Type: min
Corner: Fastest

Fanout     Cap    Slew   Delay    Time   Description
-----------------------------------------------------------------------------
                  0.00    0.00    0.00   clock clk (rise edge)
                          0.00    0.00   clock network delay (ideal)
                          4.00    4.00 ^ input external delay
                  0.02    0.01    4.01 ^ a[4] (in)
     1    0.00                           a[4] (net)
                  0.02    0.00    4.01 ^ input27/A (sky130_fd_sc_hd__clkbuf_4)
                  0.12    0.14    4.15 ^ input27/X (sky130_fd_sc_hd__clkbuf_4)
     9    0.05                           net27 (net)
                  0.12    0.01    4.15 ^ _2878_/B (Nor_gate)
                  0.03    0.04    4.19 v _2878_/Y (Nor_gate)
     1    0.00                           _1983_ (net)
                  0.03    0.00    4.19 v _2884_/A (Nor_gate)
                  0.07    0.07    4.27 ^ _2884_/Y (Nor_gate)
     1    0.00                           _1989_ (net)
                  0.07    0.00    4.27 ^ _2885_/B (Nor_gate)
                  0.02    0.03    4.30 v _2885_/Y (Nor_gate)
     1    0.00                           _1990_ (net)
                  0.02    0.00    4.30 v _2916_/A (Nand_gate)
                  0.05    0.05    4.35 ^ _2916_/Y (Nand_gate)
     1    0.01                           _2021_ (net)
                  0.05    0.00    4.35 ^ _2917_/B (Nor_gate)
                  0.03    0.04    4.39 v _2917_/Y (Nor_gate)
     2    0.01                           _2022_ (net)
                  0.03    0.00    4.39 v _2918_/A (inverter)
                  0.34    0.23    4.62 ^ _2918_/Y (inverter)
     2    0.04                           net95 (net)
                  0.34    0.00    4.62 ^ output95/A (sky130_fd_sc_hd__clkbuf_4)
                  0.09    0.17    4.79 ^ output95/X (sky130_fd_sc_hd__clkbuf_4)
     1    0.03                           result[4] (net)
                  0.09    0.00    4.80 ^ result[4] (out)
                                  4.80   data arrival time

                  0.00    0.00    0.00   clock clk (rise edge)
                          0.00    0.00   clock network delay (ideal)
                          0.25    0.25   clock uncertainty
                          0.00    0.25   clock reconvergence pessimism
                         -4.00   -3.75   output external delay
                                 -3.75   data required time
-----------------------------------------------------------------------------
                                 -3.75   data required time
                                 -4.80   data arrival time
-----------------------------------------------------------------------------
                                  8.55   slack (MET)


Startpoint: a[19] (input port clocked by clk)
Endpoint: result[19] (output port clocked by clk)
Path Group: clk
Path Type: min
Corner: Fastest

Fanout     Cap    Slew   Delay    Time   Description
-----------------------------------------------------------------------------
                  0.00    0.00    0.00   clock clk (rise edge)
                          0.00    0.00   clock network delay (ideal)
                          4.00    4.00 ^ input external delay
                  0.02    0.01    4.01 ^ a[19] (in)
     1    0.00                           a[19] (net)
                  0.02    0.00    4.01 ^ input11/A (sky130_fd_sc_hd__clkbuf_2)
                  0.17    0.15    4.16 ^ input11/X (sky130_fd_sc_hd__clkbuf_2)
     3    0.04                           net11 (net)
                  0.17    0.01    4.16 ^ _2223_/A (inverter)
                  0.06    0.07    4.23 v _2223_/Y (inverter)
     3    0.01                           _0603_ (net)
                  0.06    0.00    4.23 v _3740_/A (Nand_gate)
                  0.03    0.04    4.27 ^ _3740_/Y (Nand_gate)
     1    0.00                           _0725_ (net)
                  0.03    0.00    4.28 ^ _3744_/A (Nand_gate)
                  0.03    0.04    4.31 v _3744_/Y (Nand_gate)
     1    0.00                           _0729_ (net)
                  0.03    0.00    4.31 v _3767_/A (Nand_gate)
                  0.03    0.04    4.35 ^ _3767_/Y (Nand_gate)
     1    0.00                           _0754_ (net)
                  0.03    0.00    4.35 ^ _3768_/B (Nor_gate)
                  0.07    0.06    4.41 v _3768_/Y (Nor_gate)
     2    0.01                           _0756_ (net)
                  0.07    0.00    4.41 v _3769_/A (inverter)
                  0.32    0.22    4.64 ^ _3769_/Y (inverter)
     1    0.04                           net79 (net)
                  0.32    0.00    4.64 ^ output79/A (sky130_fd_sc_hd__clkbuf_4)
                  0.09    0.17    4.81 ^ output79/X (sky130_fd_sc_hd__clkbuf_4)
     1    0.03                           result[19] (net)
                  0.09    0.00    4.81 ^ result[19] (out)
                                  4.81   data arrival time

                  0.00    0.00    0.00   clock clk (rise edge)
                          0.00    0.00   clock network delay (ideal)
                          0.25    0.25   clock uncertainty
                          0.00    0.25   clock reconvergence pessimism
                         -4.00   -3.75   output external delay
                                 -3.75   data required time
-----------------------------------------------------------------------------
                                 -3.75   data required time
                                 -4.81   data arrival time
-----------------------------------------------------------------------------
                                  8.56   slack (MET)


Startpoint: a[29] (input port clocked by clk)
Endpoint: result[29] (output port clocked by clk)
Path Group: clk
Path Type: min
Corner: Fastest

Fanout     Cap    Slew   Delay    Time   Description
-----------------------------------------------------------------------------
                  0.00    0.00    0.00   clock clk (rise edge)
                          0.00    0.00   clock network delay (ideal)
                          4.00    4.00 v input external delay
                  0.00    0.00    4.00 v a[29] (in)
     1    0.00                           a[29] (net)
                  0.00    0.00    4.00 v input22/A (sky130_fd_sc_hd__clkbuf_2)
                  0.10    0.11    4.11 v input22/X (sky130_fd_sc_hd__clkbuf_2)
     3    0.04                           net22 (net)
                  0.10    0.01    4.12 v _2456_/A (sky130_fd_sc_hd__buf_2)
                  0.08    0.15    4.27 v _2456_/X (sky130_fd_sc_hd__buf_2)
    10    0.05                           _1565_ (net)
                  0.08    0.00    4.27 v _4231_/A (Nand_gate)
                  0.09    0.09    4.36 ^ _4231_/Y (Nand_gate)
     3    0.01                           _1255_ (net)
                  0.09    0.00    4.36 ^ _4234_/A (Nand_gate)
                  0.03    0.05    4.40 v _4234_/Y (Nand_gate)
     1    0.00                           _1258_ (net)
                  0.03    0.00    4.40 v _4256_/A (Nand_gate)
                  0.05    0.05    4.45 ^ _4256_/Y (Nand_gate)
     1    0.01                           _1282_ (net)
                  0.05    0.00    4.45 ^ _4257_/B (Nor_gate)
                  0.03    0.04    4.49 v _4257_/Y (Nor_gate)
     2    0.01                           _1283_ (net)
                  0.03    0.00    4.49 v _4258_/A (inverter)
                  0.29    0.19    4.69 ^ _4258_/Y (inverter)
     1    0.04                           net90 (net)
                  0.29    0.01    4.69 ^ output90/A (sky130_fd_sc_hd__clkbuf_4)
                  0.09    0.17    4.86 ^ output90/X (sky130_fd_sc_hd__clkbuf_4)
     1    0.03                           result[29] (net)
                  0.09    0.00    4.86 ^ result[29] (out)
                                  4.86   data arrival time

                  0.00    0.00    0.00   clock clk (rise edge)
                          0.00    0.00   clock network delay (ideal)
                          0.25    0.25   clock uncertainty
                          0.00    0.25   clock reconvergence pessimism
                         -4.00   -3.75   output external delay
                                 -3.75   data required time
-----------------------------------------------------------------------------
                                 -3.75   data required time
                                 -4.86   data arrival time
-----------------------------------------------------------------------------
                                  8.61   slack (MET)



======================= Slowest Corner ===================================

Startpoint: a[26] (input port clocked by clk)
Endpoint: result[27] (output port clocked by clk)
Path Group: clk
Path Type: min
Corner: Slowest

Fanout     Cap    Slew   Delay    Time   Description
-----------------------------------------------------------------------------
                  0.00    0.00    0.00   clock clk (rise edge)
                          0.00    0.00   clock network delay (ideal)
                          4.00    4.00 ^ input external delay
                  0.03    0.01    4.01 ^ a[26] (in)
     1    0.00                           a[26] (net)
                  0.03    0.00    4.01 ^ input19/A (sky130_fd_sc_hd__buf_2)
                  0.31    0.33    4.34 ^ input19/X (sky130_fd_sc_hd__buf_2)
     9    0.04                           net19 (net)
                  0.31    0.01    4.35 ^ _4090_/A (Nand_gate)
                  0.07    0.10    4.45 v _4090_/Y (Nand_gate)
     2    0.01                           _1103_ (net)
                  0.07    0.00    4.45 v _4130_/B (Nand_gate)
                  0.04    0.05    4.49 ^ _4130_/Y (Nand_gate)
     1    0.00                           _1146_ (net)
                  0.04    0.00    4.50 ^ _4136_/A (Nand_gate)
                  0.03    0.04    4.53 v _4136_/Y (Nand_gate)
     1    0.00                           _1152_ (net)
                  0.03    0.00    4.53 v _4159_/A (Nand_gate)
                  0.06    0.06    4.59 ^ _4159_/Y (Nand_gate)
     1    0.01                           _1178_ (net)
                  0.06    0.00    4.59 ^ _4160_/B (Nor_gate)
                  0.05    0.06    4.65 v _4160_/Y (Nor_gate)
     2    0.01                           _1179_ (net)
                  0.05    0.00    4.65 v _4161_/A (inverter)
                  0.04    0.04    4.69 ^ _4161_/Y (inverter)
     1    0.00                           net88 (net)
                  0.04    0.00    4.69 ^ output88/A (sky130_fd_sc_hd__buf_2)
                  0.27    0.31    5.00 ^ output88/X (sky130_fd_sc_hd__buf_2)
     1    0.03                           result[27] (net)
                  0.27    0.00    5.00 ^ result[27] (out)
                                  5.00   data arrival time

                  0.00    0.00    0.00   clock clk (rise edge)
                          0.00    0.00   clock network delay (ideal)
                          0.25    0.25   clock uncertainty
                          0.00    0.25   clock reconvergence pessimism
                         -4.00   -3.75   output external delay
                                 -3.75   data required time
-----------------------------------------------------------------------------
                                 -3.75   data required time
                                 -5.00   data arrival time
-----------------------------------------------------------------------------
                                  8.75   slack (MET)


Startpoint: a[12] (input port clocked by clk)
Endpoint: result[13] (output port clocked by clk)
Path Group: clk
Path Type: min
Corner: Slowest

Fanout     Cap    Slew   Delay    Time   Description
-----------------------------------------------------------------------------
                  0.00    0.00    0.00   clock clk (rise edge)
                          0.00    0.00   clock network delay (ideal)
                          4.00    4.00 v input external delay
                  0.02    0.01    4.01 v a[12] (in)
     1    0.00                           a[12] (net)
                  0.02    0.00    4.01 v input4/A (sky130_fd_sc_hd__buf_1)
                  0.13    0.19    4.20 v input4/X (sky130_fd_sc_hd__buf_1)
     2    0.01                           net4 (net)
                  0.13    0.00    4.20 v _2385_/A (inverter)
                  0.25    0.19    4.39 ^ _2385_/Y (inverter)
     3    0.03                           _1494_ (net)
                  0.25    0.00    4.40 ^ _3410_/A (Nor_gate)
                  0.03    0.08    4.47 v _3410_/Y (Nor_gate)
     2    0.01                           _0368_ (net)
                  0.03    0.00    4.47 v _3411_/B (Nand_gate)
                  0.07    0.06    4.53 ^ _3411_/Y (Nand_gate)
     2    0.01                           _0369_ (net)
                  0.07    0.00    4.53 ^ _3415_/A (Nand_gate)
                  0.03    0.04    4.57 v _3415_/Y (Nand_gate)
     1    0.00                           _0373_ (net)
                  0.03    0.00    4.58 v _3451_/A (Nand_gate)
                  0.03    0.04    4.61 ^ _3451_/Y (Nand_gate)
     1    0.00                           _0413_ (net)
                  0.03    0.00    4.61 ^ _3452_/B (Nor_gate)
                  0.05    0.05    4.66 v _3452_/Y (Nor_gate)
     2    0.01                           _0414_ (net)
                  0.05    0.00    4.66 v _3453_/A (inverter)
                  0.04    0.04    4.70 ^ _3453_/Y (inverter)
     1    0.00                           net73 (net)
                  0.04    0.00    4.70 ^ output73/A (sky130_fd_sc_hd__clkbuf_4)
                  0.18    0.30    5.00 ^ output73/X (sky130_fd_sc_hd__clkbuf_4)
     1    0.03                           result[13] (net)
                  0.18    0.00    5.00 ^ result[13] (out)
                                  5.00   data arrival time

                  0.00    0.00    0.00   clock clk (rise edge)
                          0.00    0.00   clock network delay (ideal)
                          0.25    0.25   clock uncertainty
                          0.00    0.25   clock reconvergence pessimism
                         -4.00   -3.75   output external delay
                                 -3.75   data required time
-----------------------------------------------------------------------------
                                 -3.75   data required time
                                 -5.00   data arrival time
-----------------------------------------------------------------------------
                                  8.75   slack (MET)


Startpoint: a[24] (input port clocked by clk)
Endpoint: result[25] (output port clocked by clk)
Path Group: clk
Path Type: min
Corner: Slowest

Fanout     Cap    Slew   Delay    Time   Description
-----------------------------------------------------------------------------
                  0.00    0.00    0.00   clock clk (rise edge)
                          0.00    0.00   clock network delay (ideal)
                          4.00    4.00 ^ input external delay
                  0.03    0.01    4.01 ^ a[24] (in)
     1    0.00                           a[24] (net)
                  0.03    0.00    4.01 ^ input17/A (sky130_fd_sc_hd__buf_2)
                  0.33    0.34    4.36 ^ input17/X (sky130_fd_sc_hd__buf_2)
     9    0.04                           net17 (net)
                  0.33    0.00    4.36 ^ _3976_/A (Nand_gate)
                  0.06    0.10    4.46 v _3976_/Y (Nand_gate)
     2    0.01                           _0979_ (net)
                  0.06    0.00    4.46 v _4028_/A (Nand_gate)
                  0.05    0.06    4.52 ^ _4028_/Y (Nand_gate)
     2    0.01                           _1036_ (net)
                  0.05    0.00    4.52 ^ _4029_/B (Nor_gate)
                  0.02    0.03    4.55 v _4029_/Y (Nor_gate)
     1    0.00                           _1037_ (net)
                  0.02    0.00    4.55 v _4032_/A (Nor_gate)
                  0.08    0.07    4.62 ^ _4032_/Y (Nor_gate)
     1    0.00                           _1040_ (net)
                  0.08    0.00    4.62 ^ _4066_/A (Nor_gate)
                  0.07    0.07    4.70 v _4066_/Y (Nor_gate)
     2    0.02                           _1077_ (net)
                  0.07    0.00    4.70 v _4067_/A (inverter)
                  0.03    0.03    4.73 ^ _4067_/Y (inverter)
     1    0.00                           net86 (net)
                  0.03    0.00    4.73 ^ output86/A (sky130_fd_sc_hd__buf_2)
                  0.27    0.31    5.04 ^ output86/X (sky130_fd_sc_hd__buf_2)
     1    0.03                           result[25] (net)
                  0.27    0.00    5.04 ^ result[25] (out)
                                  5.04   data arrival time

                  0.00    0.00    0.00   clock clk (rise edge)
                          0.00    0.00   clock network delay (ideal)
                          0.25    0.25   clock uncertainty
                          0.00    0.25   clock reconvergence pessimism
                         -4.00   -3.75   output external delay
                                 -3.75   data required time
-----------------------------------------------------------------------------
                                 -3.75   data required time
                                 -5.04   data arrival time
-----------------------------------------------------------------------------
                                  8.79   slack (MET)


Startpoint: b[22] (input port clocked by clk)
Endpoint: result[22] (output port clocked by clk)
Path Group: clk
Path Type: min
Corner: Slowest

Fanout     Cap    Slew   Delay    Time   Description
-----------------------------------------------------------------------------
                  0.00    0.00    0.00   clock clk (rise edge)
                          0.00    0.00   clock network delay (ideal)
                          4.00    4.00 ^ input external delay
                  0.03    0.01    4.01 ^ b[22] (in)
     1    0.00                           b[22] (net)
                  0.03    0.00    4.01 ^ input51/A (sky130_fd_sc_hd__buf_2)
                  0.39    0.38    4.39 ^ input51/X (sky130_fd_sc_hd__buf_2)
     5    0.05                           net51 (net)
                  0.39    0.01    4.40 ^ _3911_/A (Nand_gate)
                  0.05    0.08    4.48 v _3911_/Y (Nand_gate)
     1    0.00                           _0910_ (net)
                  0.05    0.00    4.48 v _3916_/A (Nand_gate)
                  0.04    0.05    4.52 ^ _3916_/Y (Nand_gate)
     1    0.00                           _0915_ (net)
                  0.04    0.00    4.52 ^ _3917_/B (Nor_gate)
                  0.02    0.03    4.55 v _3917_/Y (Nor_gate)
     1    0.00                           _0916_ (net)
                  0.02    0.00    4.55 v _3918_/B (Nand_gate)
                  0.03    0.03    4.58 ^ _3918_/Y (Nand_gate)
     1    0.00                           _0918_ (net)
                  0.03    0.00    4.58 ^ _3919_/B (Nor_gate)
                  0.12    0.10    4.68 v _3919_/Y (Nor_gate)
     2    0.03                           _0919_ (net)
                  0.12    0.00    4.68 v _3920_/A (inverter)
                  0.05    0.06    4.74 ^ _3920_/Y (inverter)
     1    0.00                           net83 (net)
                  0.05    0.00    4.74 ^ output83/A (sky130_fd_sc_hd__clkbuf_4)
                  0.18    0.31    5.04 ^ output83/X (sky130_fd_sc_hd__clkbuf_4)
     1    0.04                           result[22] (net)
                  0.18    0.00    5.05 ^ result[22] (out)
                                  5.05   data arrival time

                  0.00    0.00    0.00   clock clk (rise edge)
                          0.00    0.00   clock network delay (ideal)
                          0.25    0.25   clock uncertainty
                          0.00    0.25   clock reconvergence pessimism
                         -4.00   -3.75   output external delay
                                 -3.75   data required time
-----------------------------------------------------------------------------
                                 -3.75   data required time
                                 -5.05   data arrival time
-----------------------------------------------------------------------------
                                  8.80   slack (MET)


Startpoint: b[20] (input port clocked by clk)
Endpoint: result[20] (output port clocked by clk)
Path Group: clk
Path Type: min
Corner: Slowest

Fanout     Cap    Slew   Delay    Time   Description
-----------------------------------------------------------------------------
                  0.00    0.00    0.00   clock clk (rise edge)
                          0.00    0.00   clock network delay (ideal)
                          4.00    4.00 ^ input external delay
                  0.03    0.01    4.01 ^ b[20] (in)
     1    0.00                           b[20] (net)
                  0.03    0.00    4.01 ^ input49/A (sky130_fd_sc_hd__buf_2)
                  0.35    0.36    4.37 ^ input49/X (sky130_fd_sc_hd__buf_2)
     7    0.04                           net49 (net)
                  0.35    0.01    4.38 ^ _3817_/A (Nand_gate)
                  0.05    0.07    4.45 v _3817_/Y (Nand_gate)
     1    0.00                           _0808_ (net)
                  0.05    0.00    4.45 v _3822_/A (Nand_gate)
                  0.04    0.05    4.50 ^ _3822_/Y (Nand_gate)
     1    0.00                           _0814_ (net)
                  0.04    0.00    4.50 ^ _3823_/B (Nor_gate)
                  0.03    0.03    4.53 v _3823_/Y (Nor_gate)
     1    0.01                           _0815_ (net)
                  0.03    0.00    4.53 v _3824_/B (Nand_gate)
                  0.04    0.04    4.57 ^ _3824_/Y (Nand_gate)
     1    0.00                           _0816_ (net)
                  0.04    0.00    4.57 ^ _3825_/B (Nor_gate)
                  0.12    0.09    4.66 v _3825_/Y (Nor_gate)
     2    0.03                           _0817_ (net)
                  0.12    0.00    4.66 v _3826_/A (inverter)
                  0.08    0.08    4.75 ^ _3826_/Y (inverter)
     1    0.01                           net81 (net)
                  0.08    0.00    4.75 ^ output81/A (sky130_fd_sc_hd__clkbuf_4)
                  0.18    0.32    5.07 ^ output81/X (sky130_fd_sc_hd__clkbuf_4)
     1    0.03                           result[20] (net)
                  0.18    0.00    5.07 ^ result[20] (out)
                                  5.07   data arrival time

                  0.00    0.00    0.00   clock clk (rise edge)
                          0.00    0.00   clock network delay (ideal)
                          0.25    0.25   clock uncertainty
                          0.00    0.25   clock reconvergence pessimism
                         -4.00   -3.75   output external delay
                                 -3.75   data required time
-----------------------------------------------------------------------------
                                 -3.75   data required time
                                 -5.07   data arrival time
-----------------------------------------------------------------------------
                                  8.82   slack (MET)


Startpoint: b[21] (input port clocked by clk)
Endpoint: result[21] (output port clocked by clk)
Path Group: clk
Path Type: min
Corner: Slowest

Fanout     Cap    Slew   Delay    Time   Description
-----------------------------------------------------------------------------
                  0.00    0.00    0.00   clock clk (rise edge)
                          0.00    0.00   clock network delay (ideal)
                          4.00    4.00 ^ input external delay
                  0.03    0.02    4.02 ^ b[21] (in)
     1    0.00                           b[21] (net)
                  0.03    0.00    4.02 ^ input50/A (sky130_fd_sc_hd__dlymetal6s2s_1)
                  0.34    0.32    4.33 ^ input50/X (sky130_fd_sc_hd__dlymetal6s2s_1)
     5    0.02                           net50 (net)
                  0.34    0.00    4.34 ^ _2204_/B (Nor_gate)
                  0.06    0.08    4.41 v _2204_/Y (Nor_gate)
     2    0.01                           _0398_ (net)
                  0.06    0.00    4.41 v _3863_/A (Nor_gate)
                  0.07    0.07    4.49 ^ _3863_/Y (Nor_gate)
     1    0.00                           _0858_ (net)
                  0.07    0.00    4.49 ^ _3864_/B (Nor_gate)
                  0.02    0.03    4.52 v _3864_/Y (Nor_gate)
     1    0.00                           _0859_ (net)
                  0.02    0.00    4.52 v _3865_/B (Nand_gate)
                  0.04    0.03    4.55 ^ _3865_/Y (Nand_gate)
     1    0.00                           _0860_ (net)
                  0.04    0.00    4.55 ^ _3866_/B (Nor_gate)
                  0.02    0.03    4.58 v _3866_/Y (Nor_gate)
     1    0.00                           _0861_ (net)
                  0.02    0.00    4.58 v _3867_/A (inverter)
                  0.03    0.03    4.60 ^ _3867_/Y (inverter)
     1    0.00                           _0862_ (net)
                  0.03    0.00    4.60 ^ _3868_/B (Nor_gate)
                  0.12    0.10    4.70 v _3868_/Y (Nor_gate)
     2    0.03                           _0864_ (net)
                  0.12    0.00    4.70 v _3869_/A (inverter)
                  0.06    0.06    4.77 ^ _3869_/Y (inverter)
     1    0.01                           net82 (net)
                  0.06    0.00    4.77 ^ output82/A (sky130_fd_sc_hd__clkbuf_4)
                  0.18    0.31    5.07 ^ output82/X (sky130_fd_sc_hd__clkbuf_4)
     1    0.03                           result[21] (net)
                  0.18    0.00    5.07 ^ result[21] (out)
                                  5.07   data arrival time

                  0.00    0.00    0.00   clock clk (rise edge)
                          0.00    0.00   clock network delay (ideal)
                          0.25    0.25   clock uncertainty
                          0.00    0.25   clock reconvergence pessimism
                         -4.00   -3.75   output external delay
                                 -3.75   data required time
-----------------------------------------------------------------------------
                                 -3.75   data required time
                                 -5.07   data arrival time
-----------------------------------------------------------------------------
                                  8.82   slack (MET)


Startpoint: a[2] (input port clocked by clk)
Endpoint: result[2] (output port clocked by clk)
Path Group: clk
Path Type: min
Corner: Slowest

Fanout     Cap    Slew   Delay    Time   Description
-----------------------------------------------------------------------------
                  0.00    0.00    0.00   clock clk (rise edge)
                          0.00    0.00   clock network delay (ideal)
                          4.00    4.00 v input external delay
                  0.02    0.01    4.01 v a[2] (in)
     1    0.00                           a[2] (net)
                  0.02    0.00    4.01 v input23/A (sky130_fd_sc_hd__clkbuf_2)
                  0.25    0.31    4.32 v input23/X (sky130_fd_sc_hd__clkbuf_2)
     4    0.04                           net23 (net)
                  0.25    0.00    4.32 v _2709_/A (Xnor)
                  0.21    0.20    4.52 ^ _2709_/Y (Xnor)
     4    0.01                           _1816_ (net)
                  0.21    0.00    4.52 ^ _2710_/B (Nor_gate)
                  0.05    0.06    4.58 v _2710_/Y (Nor_gate)
     2    0.01                           _1817_ (net)
                  0.05    0.00    4.58 v _2713_/A (Nor_gate)
                  0.08    0.08    4.67 ^ _2713_/Y (Nor_gate)
     1    0.00                           _1820_ (net)
                  0.08    0.00    4.67 ^ _2781_/A (Nor_gate)
                  0.08    0.08    4.75 v _2781_/Y (Nor_gate)
     2    0.02                           _1888_ (net)
                  0.08    0.00    4.75 v _2782_/A (inverter)
                  0.03    0.04    4.79 ^ _2782_/Y (inverter)
     1    0.00                           net91 (net)
                  0.03    0.00    4.79 ^ output91/A (sky130_fd_sc_hd__clkbuf_4)
                  0.18    0.30    5.08 ^ output91/X (sky130_fd_sc_hd__clkbuf_4)
     1    0.03                           result[2] (net)
                  0.18    0.00    5.08 ^ result[2] (out)
                                  5.08   data arrival time

                  0.00    0.00    0.00   clock clk (rise edge)
                          0.00    0.00   clock network delay (ideal)
                          0.25    0.25   clock uncertainty
                          0.00    0.25   clock reconvergence pessimism
                         -4.00   -3.75   output external delay
                                 -3.75   data required time
-----------------------------------------------------------------------------
                                 -3.75   data required time
                                 -5.08   data arrival time
-----------------------------------------------------------------------------
                                  8.83   slack (MET)


Startpoint: b[11] (input port clocked by clk)
Endpoint: result[11] (output port clocked by clk)
Path Group: clk
Path Type: min
Corner: Slowest

Fanout     Cap    Slew   Delay    Time   Description
-----------------------------------------------------------------------------
                  0.00    0.00    0.00   clock clk (rise edge)
                          0.00    0.00   clock network delay (ideal)
                          4.00    4.00 ^ input external delay
                  0.04    0.02    4.02 ^ b[11] (in)
     1    0.00                           b[11] (net)
                  0.04    0.00    4.02 ^ input39/A (sky130_fd_sc_hd__clkbuf_2)
                  0.19    0.25    4.27 ^ input39/X (sky130_fd_sc_hd__clkbuf_2)
     5    0.02                           net39 (net)
                  0.19    0.00    4.27 ^ _2362_/A (inverter)
                  0.05    0.06    4.33 v _2362_/Y (inverter)
     2    0.01                           _1471_ (net)
                  0.05    0.00    4.33 v _3311_/A (Nor_gate)
                  0.07    0.07    4.40 ^ _3311_/Y (Nor_gate)
     1    0.00                           _0261_ (net)
                  0.07    0.00    4.40 ^ _3315_/A (Nor_gate)
                  0.03    0.04    4.44 v _3315_/Y (Nor_gate)
     1    0.00                           _0265_ (net)
                  0.03    0.00    4.44 v _3316_/B (Nand_gate)
                  0.03    0.03    4.47 ^ _3316_/Y (Nand_gate)
     1    0.00                           _0266_ (net)
                  0.03    0.00    4.47 ^ _3322_/A (Nor_gate)
                  0.02    0.03    4.50 v _3322_/Y (Nor_gate)
     1    0.00                           _0273_ (net)
                  0.02    0.00    4.50 v _3323_/A (inverter)
                  0.05    0.04    4.54 ^ _3323_/Y (inverter)
     1    0.01                           _0274_ (net)
                  0.05    0.00    4.54 ^ _3324_/B (Nor_gate)
                  0.02    0.03    4.57 v _3324_/Y (Nor_gate)
     1    0.00                           _0275_ (net)
                  0.02    0.00    4.57 v _3325_/B (Nand_gate)
                  0.07    0.06    4.63 ^ _3325_/Y (Nand_gate)
     1    0.01                           _0276_ (net)
                  0.07    0.00    4.63 ^ _3326_/B (Nor_gate)
                  0.15    0.13    4.75 v _3326_/Y (Nor_gate)
     2    0.04                           _0277_ (net)
                  0.15    0.00    4.75 v _3327_/A (inverter)
                  0.04    0.05    4.80 ^ _3327_/Y (inverter)
     1    0.00                           net71 (net)
                  0.04    0.00    4.80 ^ output71/A (sky130_fd_sc_hd__clkbuf_4)
                  0.18    0.30    5.11 ^ output71/X (sky130_fd_sc_hd__clkbuf_4)
     1    0.03                           result[11] (net)
                  0.18    0.00    5.11 ^ result[11] (out)
                                  5.11   data arrival time

                  0.00    0.00    0.00   clock clk (rise edge)
                          0.00    0.00   clock network delay (ideal)
                          0.25    0.25   clock uncertainty
                          0.00    0.25   clock reconvergence pessimism
                         -4.00   -3.75   output external delay
                                 -3.75   data required time
-----------------------------------------------------------------------------
                                 -3.75   data required time
                                 -5.11   data arrival time
-----------------------------------------------------------------------------
                                  8.86   slack (MET)


Startpoint: b[9] (input port clocked by clk)
Endpoint: result[9] (output port clocked by clk)
Path Group: clk
Path Type: min
Corner: Slowest

Fanout     Cap    Slew   Delay    Time   Description
-----------------------------------------------------------------------------
                  0.00    0.00    0.00   clock clk (rise edge)
                          0.00    0.00   clock network delay (ideal)
                          4.00    4.00 ^ input external delay
                  0.03    0.02    4.02 ^ b[9] (in)
     1    0.00                           b[9] (net)
                  0.03    0.00    4.02 ^ input68/A (sky130_fd_sc_hd__clkbuf_2)
                  0.26    0.29    4.31 ^ input68/X (sky130_fd_sc_hd__clkbuf_2)
     6    0.03                           net68 (net)
                  0.26    0.00    4.31 ^ _3186_/A (Nand_gate)
                  0.05    0.08    4.39 v _3186_/Y (Nand_gate)
     1    0.00                           _0125_ (net)
                  0.05    0.00    4.39 v _3193_/A (Nand_gate)
                  0.03    0.04    4.43 ^ _3193_/Y (Nand_gate)
     1    0.00                           _0133_ (net)
                  0.03    0.00    4.43 ^ _3194_/B (Nor_gate)
                  0.05    0.05    4.47 v _3194_/Y (Nor_gate)
     1    0.01                           _0134_ (net)
                  0.05    0.00    4.47 v _3204_/A (Nand_gate)
                  0.04    0.04    4.51 ^ _3204_/Y (Nand_gate)
     1    0.00                           _0145_ (net)
                  0.04    0.00    4.51 ^ _3205_/B (Nor_gate)
                  0.02    0.02    4.54 v _3205_/Y (Nor_gate)
     1    0.00                           _0146_ (net)
                  0.02    0.00    4.54 v _3206_/B (Nand_gate)
                  0.13    0.09    4.63 ^ _3206_/Y (Nand_gate)
     1    0.02                           _0147_ (net)
                  0.13    0.00    4.64 ^ _3207_/B (Nor_gate)
                  0.11    0.11    4.74 v _3207_/Y (Nor_gate)
     2    0.03                           _0148_ (net)
                  0.11    0.00    4.75 v _3208_/A (inverter)
                  0.05    0.06    4.81 ^ _3208_/Y (inverter)
     1    0.01                           net100 (net)
                  0.05    0.00    4.81 ^ output100/A (sky130_fd_sc_hd__clkbuf_4)
                  0.18    0.30    5.11 ^ output100/X (sky130_fd_sc_hd__clkbuf_4)
     1    0.03                           result[9] (net)
                  0.18    0.00    5.11 ^ result[9] (out)
                                  5.11   data arrival time

                  0.00    0.00    0.00   clock clk (rise edge)
                          0.00    0.00   clock network delay (ideal)
                          0.25    0.25   clock uncertainty
                          0.00    0.25   clock reconvergence pessimism
                         -4.00   -3.75   output external delay
                                 -3.75   data required time
-----------------------------------------------------------------------------
                                 -3.75   data required time
                                 -5.11   data arrival time
-----------------------------------------------------------------------------
                                  8.86   slack (MET)


Startpoint: b[23] (input port clocked by clk)
Endpoint: result[23] (output port clocked by clk)
Path Group: clk
Path Type: min
Corner: Slowest

Fanout     Cap    Slew   Delay    Time   Description
-----------------------------------------------------------------------------
                  0.00    0.00    0.00   clock clk (rise edge)
                          0.00    0.00   clock network delay (ideal)
                          4.00    4.00 ^ input external delay
                  0.03    0.01    4.01 ^ b[23] (in)
     1    0.00                           b[23] (net)
                  0.03    0.00    4.01 ^ input52/A (sky130_fd_sc_hd__buf_2)
                  0.39    0.39    4.40 ^ input52/X (sky130_fd_sc_hd__buf_2)
     5    0.05                           net52 (net)
                  0.39    0.01    4.41 ^ _3948_/A (Nand_gate)
                  0.06    0.08    4.49 v _3948_/Y (Nand_gate)
     1    0.00                           _0950_ (net)
                  0.06    0.00    4.49 v _3953_/A (Nand_gate)
                  0.03    0.04    4.54 ^ _3953_/Y (Nand_gate)
     1    0.00                           _0955_ (net)
                  0.03    0.00    4.54 ^ _3954_/B (Nor_gate)
                  0.02    0.02    4.56 v _3954_/Y (Nor_gate)
     1    0.00                           _0956_ (net)
                  0.02    0.00    4.56 v _3955_/B (Nand_gate)
                  0.07    0.06    4.62 ^ _3955_/Y (Nand_gate)
     1    0.01                           _0957_ (net)
                  0.07    0.00    4.62 ^ _3956_/B (Nor_gate)
                  0.07    0.07    4.69 v _3956_/Y (Nor_gate)
     2    0.01                           _0958_ (net)
                  0.07    0.00    4.69 v _3957_/A (inverter)
                  0.12    0.09    4.78 ^ _3957_/Y (inverter)
     1    0.01                           net84 (net)
                  0.12    0.00    4.78 ^ output84/A (sky130_fd_sc_hd__clkbuf_4)
                  0.18    0.33    5.12 ^ output84/X (sky130_fd_sc_hd__clkbuf_4)
     1    0.03                           result[23] (net)
                  0.18    0.00    5.12 ^ result[23] (out)
                                  5.12   data arrival time

                  0.00    0.00    0.00   clock clk (rise edge)
                          0.00    0.00   clock network delay (ideal)
                          0.25    0.25   clock uncertainty
                          0.00    0.25   clock reconvergence pessimism
                         -4.00   -3.75   output external delay
                                 -3.75   data required time
-----------------------------------------------------------------------------
                                 -3.75   data required time
                                 -5.12   data arrival time
-----------------------------------------------------------------------------
                                  8.87   slack (MET)


Startpoint: b[18] (input port clocked by clk)
Endpoint: result[18] (output port clocked by clk)
Path Group: clk
Path Type: min
Corner: Slowest

Fanout     Cap    Slew   Delay    Time   Description
-----------------------------------------------------------------------------
                  0.00    0.00    0.00   clock clk (rise edge)
                          0.00    0.00   clock network delay (ideal)
                          4.00    4.00 ^ input external delay
                  0.03    0.02    4.02 ^ b[18] (in)
     1    0.00                           b[18] (net)
                  0.03    0.00    4.02 ^ input46/A (sky130_fd_sc_hd__buf_2)
                  0.41    0.40    4.41 ^ input46/X (sky130_fd_sc_hd__buf_2)
     7    0.05                           net46 (net)
                  0.41    0.01    4.42 ^ _3722_/A (Nand_gate)
                  0.05    0.08    4.50 v _3722_/Y (Nand_gate)
     1    0.00                           _0706_ (net)
                  0.05    0.00    4.50 v _3723_/B (Nand_gate)
                  0.03    0.04    4.54 ^ _3723_/Y (Nand_gate)
     1    0.00                           _0707_ (net)
                  0.03    0.00    4.54 ^ _3724_/B (Nor_gate)
                  0.02    0.02    4.56 v _3724_/Y (Nor_gate)
     1    0.00                           _0708_ (net)
                  0.02    0.00    4.56 v _3725_/B (Nand_gate)
                  0.03    0.03    4.59 ^ _3725_/Y (Nand_gate)
     1    0.00                           _0709_ (net)
                  0.03    0.00    4.59 ^ _3726_/B (Nor_gate)
                  0.04    0.04    4.63 v _3726_/Y (Nor_gate)
     1    0.01                           _0710_ (net)
                  0.04    0.00    4.63 v _3727_/B (Nand_gate)
                  0.03    0.03    4.66 ^ _3727_/Y (Nand_gate)
     1    0.00                           _0711_ (net)
                  0.03    0.00    4.66 ^ _3728_/B (Nor_gate)
                  0.14    0.11    4.77 v _3728_/Y (Nor_gate)
     2    0.03                           _0713_ (net)
                  0.14    0.01    4.78 v _3729_/A (inverter)
                  0.04    0.05    4.82 ^ _3729_/Y (inverter)
     1    0.00                           net78 (net)
                  0.04    0.00    4.82 ^ output78/A (sky130_fd_sc_hd__clkbuf_4)
                  0.18    0.30    5.12 ^ output78/X (sky130_fd_sc_hd__clkbuf_4)
     1    0.03                           result[18] (net)
                  0.18    0.00    5.12 ^ result[18] (out)
                                  5.12   data arrival time

                  0.00    0.00    0.00   clock clk (rise edge)
                          0.00    0.00   clock network delay (ideal)
                          0.25    0.25   clock uncertainty
                          0.00    0.25   clock reconvergence pessimism
                         -4.00   -3.75   output external delay
                                 -3.75   data required time
-----------------------------------------------------------------------------
                                 -3.75   data required time
                                 -5.12   data arrival time
-----------------------------------------------------------------------------
                                  8.87   slack (MET)


Startpoint: b[7] (input port clocked by clk)
Endpoint: result[7] (output port clocked by clk)
Path Group: clk
Path Type: min
Corner: Slowest

Fanout     Cap    Slew   Delay    Time   Description
-----------------------------------------------------------------------------
                  0.00    0.00    0.00   clock clk (rise edge)
                          0.00    0.00   clock network delay (ideal)
                          4.00    4.00 ^ input external delay
                  0.04    0.02    4.02 ^ b[7] (in)
     1    0.00                           b[7] (net)
                  0.04    0.00    4.02 ^ input66/A (sky130_fd_sc_hd__clkbuf_2)
                  0.30    0.32    4.34 ^ input66/X (sky130_fd_sc_hd__clkbuf_2)
     5    0.03                           net66 (net)
                  0.30    0.01    4.35 ^ _2342_/B (Nor_gate)
                  0.05    0.07    4.42 v _2342_/Y (Nor_gate)
     2    0.01                           _1451_ (net)
                  0.05    0.00    4.42 v _3075_/A (Nor_gate)
                  0.06    0.07    4.49 ^ _3075_/Y (Nor_gate)
     1    0.00                           _0007_ (net)
                  0.06    0.00    4.49 ^ _3076_/B (Nor_gate)
                  0.02    0.03    4.52 v _3076_/Y (Nor_gate)
     1    0.00                           _0008_ (net)
                  0.02    0.00    4.52 v _3077_/B (Nand_gate)
                  0.03    0.03    4.55 ^ _3077_/Y (Nand_gate)
     1    0.00                           _0009_ (net)
                  0.03    0.00    4.55 ^ _3078_/B (Nor_gate)
                  0.02    0.02    4.57 v _3078_/Y (Nor_gate)
     1    0.00                           _0010_ (net)
                  0.02    0.00    4.57 v _3079_/A (inverter)
                  0.03    0.03    4.60 ^ _3079_/Y (inverter)
     1    0.00                           _0011_ (net)
                  0.03    0.00    4.60 ^ _3080_/B (Nor_gate)
                  0.05    0.05    4.65 v _3080_/Y (Nor_gate)
     2    0.01                           _0012_ (net)
                  0.05    0.00    4.65 v _3081_/A (inverter)
                  0.17    0.12    4.77 ^ _3081_/Y (inverter)
     1    0.02                           net98 (net)
                  0.17    0.00    4.77 ^ output98/A (sky130_fd_sc_hd__clkbuf_4)
                  0.18    0.36    5.13 ^ output98/X (sky130_fd_sc_hd__clkbuf_4)
     1    0.03                           result[7] (net)
                  0.18    0.00    5.13 ^ result[7] (out)
                                  5.13   data arrival time

                  0.00    0.00    0.00   clock clk (rise edge)
                          0.00    0.00   clock network delay (ideal)
                          0.25    0.25   clock uncertainty
                          0.00    0.25   clock reconvergence pessimism
                         -4.00   -3.75   output external delay
                                 -3.75   data required time
-----------------------------------------------------------------------------
                                 -3.75   data required time
                                 -5.13   data arrival time
-----------------------------------------------------------------------------
                                  8.88   slack (MET)


Startpoint: a[0] (input port clocked by clk)
Endpoint: result[1] (output port clocked by clk)
Path Group: clk
Path Type: min
Corner: Slowest

Fanout     Cap    Slew   Delay    Time   Description
-----------------------------------------------------------------------------
                  0.00    0.00    0.00   clock clk (rise edge)
                          0.00    0.00   clock network delay (ideal)
                          4.00    4.00 ^ input external delay
                  0.04    0.02    4.02 ^ a[0] (in)
     1    0.00                           a[0] (net)
                  0.04    0.00    4.02 ^ input1/A (sky130_fd_sc_hd__clkbuf_2)
                  0.31    0.33    4.35 ^ input1/X (sky130_fd_sc_hd__clkbuf_2)
     3    0.04                           net1 (net)
                  0.31    0.00    4.36 ^ _2477_/B (Nor_gate)
                  0.11    0.14    4.49 v _2477_/Y (Nor_gate)
     4    0.02                           _1586_ (net)
                  0.11    0.00    4.49 v _2674_/A (Nand_gate)
                  0.04    0.06    4.55 ^ _2674_/Y (Nand_gate)
     1    0.00                           _1782_ (net)
                  0.04    0.00    4.55 ^ _2675_/B (Nand_gate)
                  0.03    0.03    4.58 v _2675_/Y (Nand_gate)
     1    0.00                           _1783_ (net)
                  0.03    0.00    4.58 v _2676_/B (Nor_gate)
                  0.12    0.09    4.67 ^ _2676_/Y (Nor_gate)
     1    0.01                           _1784_ (net)
                  0.12    0.00    4.67 ^ _2699_/A (Nor_gate)
                  0.02    0.04    4.72 v _2699_/Y (Nor_gate)
     1    0.00                           _1807_ (net)
                  0.02    0.00    4.72 v _2700_/B (Nand_gate)
                  0.03    0.03    4.75 ^ _2700_/Y (Nand_gate)
     1    0.00                           _1808_ (net)
                  0.03    0.00    4.75 ^ _2701_/B (Nor_gate)
                  0.08    0.07    4.81 v _2701_/Y (Nor_gate)
     2    0.02                           _1809_ (net)
                  0.08    0.00    4.82 v _2702_/A (inverter)
                  0.04    0.04    4.86 ^ _2702_/Y (inverter)
     1    0.00                           net80 (net)
                  0.04    0.00    4.86 ^ output80/A (sky130_fd_sc_hd__clkbuf_4)
                  0.18    0.30    5.15 ^ output80/X (sky130_fd_sc_hd__clkbuf_4)
     1    0.03                           result[1] (net)
                  0.18    0.00    5.15 ^ result[1] (out)
                                  5.15   data arrival time

                  0.00    0.00    0.00   clock clk (rise edge)
                          0.00    0.00   clock network delay (ideal)
                          0.25    0.25   clock uncertainty
                          0.00    0.25   clock reconvergence pessimism
                         -4.00   -3.75   output external delay
                                 -3.75   data required time
-----------------------------------------------------------------------------
                                 -3.75   data required time
                                 -5.15   data arrival time
-----------------------------------------------------------------------------
                                  8.90   slack (MET)


Startpoint: b[8] (input port clocked by clk)
Endpoint: result[8] (output port clocked by clk)
Path Group: clk
Path Type: min
Corner: Slowest

Fanout     Cap    Slew   Delay    Time   Description
-----------------------------------------------------------------------------
                  0.00    0.00    0.00   clock clk (rise edge)
                          0.00    0.00   clock network delay (ideal)
                          4.00    4.00 v input external delay
                  0.02    0.01    4.01 v b[8] (in)
     1    0.00                           b[8] (net)
                  0.02    0.00    4.01 v input67/A (sky130_fd_sc_hd__buf_2)
                  0.23    0.35    4.35 v input67/X (sky130_fd_sc_hd__buf_2)
     7    0.05                           net67 (net)
                  0.23    0.01    4.36 v _3140_/A (inverter)
                  0.05    0.06    4.42 ^ _3140_/Y (inverter)
     1    0.00                           _0076_ (net)
                  0.05    0.00    4.42 ^ _3141_/A (Nor_gate)
                  0.02    0.03    4.46 v _3141_/Y (Nor_gate)
     1    0.00                           _0077_ (net)
                  0.02    0.00    4.46 v _3147_/A (Nor_gate)
                  0.07    0.07    4.53 ^ _3147_/Y (Nor_gate)
     1    0.00                           _0083_ (net)
                  0.07    0.00    4.53 ^ _3148_/B (Nand_gate)
                  0.03    0.04    4.57 v _3148_/Y (Nand_gate)
     1    0.00                           _0085_ (net)
                  0.03    0.00    4.57 v _3149_/B (Nor_gate)
                  0.07    0.06    4.63 ^ _3149_/Y (Nor_gate)
     1    0.00                           _0086_ (net)
                  0.07    0.00    4.63 ^ _3150_/B (Nand_gate)
                  0.03    0.04    4.67 v _3150_/Y (Nand_gate)
     1    0.00                           _0087_ (net)
                  0.03    0.00    4.67 v _3151_/A (sky130_fd_sc_hd__buf_1)
                  0.10    0.17    4.85 v _3151_/X (sky130_fd_sc_hd__buf_1)
     2    0.01                           net99 (net)
                  0.10    0.00    4.85 v output99/A (sky130_fd_sc_hd__clkbuf_4)
                  0.14    0.32    5.17 v output99/X (sky130_fd_sc_hd__clkbuf_4)
     1    0.03                           result[8] (net)
                  0.14    0.00    5.17 v result[8] (out)
                                  5.17   data arrival time

                  0.00    0.00    0.00   clock clk (rise edge)
                          0.00    0.00   clock network delay (ideal)
                          0.25    0.25   clock uncertainty
                          0.00    0.25   clock reconvergence pessimism
                         -4.00   -3.75   output external delay
                                 -3.75   data required time
-----------------------------------------------------------------------------
                                 -3.75   data required time
                                 -5.17   data arrival time
-----------------------------------------------------------------------------
                                  8.92   slack (MET)


Startpoint: b[30] (input port clocked by clk)
Endpoint: result[30] (output port clocked by clk)
Path Group: clk
Path Type: min
Corner: Slowest

Fanout     Cap    Slew   Delay    Time   Description
-----------------------------------------------------------------------------
                  0.00    0.00    0.00   clock clk (rise edge)
                          0.00    0.00   clock network delay (ideal)
                          4.00    4.00 ^ input external delay
                  0.03    0.02    4.02 ^ b[30] (in)
     1    0.00                           b[30] (net)
                  0.03    0.00    4.02 ^ input60/A (sky130_fd_sc_hd__clkbuf_2)
                  0.25    0.29    4.31 ^ input60/X (sky130_fd_sc_hd__clkbuf_2)
     4    0.03                           net60 (net)
                  0.25    0.00    4.31 ^ _4292_/A (Nand_gate)
                  0.05    0.07    4.38 v _4292_/Y (Nand_gate)
     1    0.00                           _1321_ (net)
                  0.05    0.00    4.38 v _4293_/B (Nand_gate)
                  0.03    0.04    4.42 ^ _4293_/Y (Nand_gate)
     1    0.00                           _1322_ (net)
                  0.03    0.00    4.42 ^ _4294_/B (Nor_gate)
                  0.02    0.02    4.44 v _4294_/Y (Nor_gate)
     1    0.00                           _1323_ (net)
                  0.02    0.00    4.44 v _4295_/A (inverter)
                  0.03    0.03    4.47 ^ _4295_/Y (inverter)
     1    0.00                           _1324_ (net)
                  0.03    0.00    4.47 ^ _4296_/B (Nor_gate)
                  0.02    0.02    4.49 v _4296_/Y (Nor_gate)
     1    0.00                           _1325_ (net)
                  0.02    0.00    4.49 v _4297_/B (Nand_gate)
                  0.05    0.04    4.54 ^ _4297_/Y (Nand_gate)
     1    0.01                           _1326_ (net)
                  0.05    0.00    4.54 ^ _4298_/B (Nor_gate)
                  0.04    0.04    4.58 v _4298_/Y (Nor_gate)
     1    0.01                           _1328_ (net)
                  0.04    0.00    4.58 v _4299_/B (Nand_gate)
                  0.03    0.04    4.62 ^ _4299_/Y (Nand_gate)
     1    0.00                           _1329_ (net)
                  0.03    0.00    4.62 ^ _4300_/A (sky130_fd_sc_hd__buf_1)
                  0.21    0.22    4.84 ^ _4300_/X (sky130_fd_sc_hd__buf_1)
     2    0.01                           net92 (net)
                  0.21    0.00    4.84 ^ output92/A (sky130_fd_sc_hd__clkbuf_4)
                  0.18    0.37    5.22 ^ output92/X (sky130_fd_sc_hd__clkbuf_4)
     1    0.03                           result[30] (net)
                  0.18    0.00    5.22 ^ result[30] (out)
                                  5.22   data arrival time

                  0.00    0.00    0.00   clock clk (rise edge)
                          0.00    0.00   clock network delay (ideal)
                          0.25    0.25   clock uncertainty
                          0.00    0.25   clock reconvergence pessimism
                         -4.00   -3.75   output external delay
                                 -3.75   data required time
-----------------------------------------------------------------------------
                                 -3.75   data required time
                                 -5.22   data arrival time
-----------------------------------------------------------------------------
                                  8.97   slack (MET)


Startpoint: a[4] (input port clocked by clk)
Endpoint: result[4] (output port clocked by clk)
Path Group: clk
Path Type: min
Corner: Slowest

Fanout     Cap    Slew   Delay    Time   Description
-----------------------------------------------------------------------------
                  0.00    0.00    0.00   clock clk (rise edge)
                          0.00    0.00   clock network delay (ideal)
                          4.00    4.00 v input external delay
                  0.02    0.01    4.01 v a[4] (in)
     1    0.00                           a[4] (net)
                  0.02    0.00    4.01 v input27/A (sky130_fd_sc_hd__clkbuf_4)
                  0.19    0.32    4.33 v input27/X (sky130_fd_sc_hd__clkbuf_4)
     9    0.05                           net27 (net)
                  0.19    0.01    4.34 v _2878_/B (Nor_gate)
                  0.08    0.09    4.44 ^ _2878_/Y (Nor_gate)
     1    0.00                           _1983_ (net)
                  0.08    0.00    4.44 ^ _2884_/A (Nor_gate)
                  0.02    0.04    4.47 v _2884_/Y (Nor_gate)
     1    0.00                           _1989_ (net)
                  0.02    0.00    4.47 v _2885_/B (Nor_gate)
                  0.08    0.07    4.54 ^ _2885_/Y (Nor_gate)
     1    0.00                           _1990_ (net)
                  0.08    0.00    4.54 ^ _2916_/A (Nand_gate)
                  0.05    0.06    4.60 v _2916_/Y (Nand_gate)
     1    0.01                           _2021_ (net)
                  0.05    0.00    4.60 v _2917_/B (Nor_gate)
                  0.11    0.09    4.69 ^ _2917_/Y (Nor_gate)
     2    0.01                           _2022_ (net)
                  0.11    0.00    4.69 ^ _2918_/A (inverter)
                  0.19    0.16    4.85 v _2918_/Y (inverter)
     2    0.04                           net95 (net)
                  0.19    0.00    4.86 v output95/A (sky130_fd_sc_hd__clkbuf_4)
                  0.14    0.36    5.22 v output95/X (sky130_fd_sc_hd__clkbuf_4)
     1    0.03                           result[4] (net)
                  0.14    0.00    5.22 v result[4] (out)
                                  5.22   data arrival time

                  0.00    0.00    0.00   clock clk (rise edge)
                          0.00    0.00   clock network delay (ideal)
                          0.25    0.25   clock uncertainty
                          0.00    0.25   clock reconvergence pessimism
                         -4.00   -3.75   output external delay
                                 -3.75   data required time
-----------------------------------------------------------------------------
                                 -3.75   data required time
                                 -5.22   data arrival time
-----------------------------------------------------------------------------
                                  8.97   slack (MET)


Startpoint: a[26] (input port clocked by clk)
Endpoint: result[26] (output port clocked by clk)
Path Group: clk
Path Type: min
Corner: Slowest

Fanout     Cap    Slew   Delay    Time   Description
-----------------------------------------------------------------------------
                  0.00    0.00    0.00   clock clk (rise edge)
                          0.00    0.00   clock network delay (ideal)
                          4.00    4.00 v input external delay
                  0.02    0.01    4.01 v a[26] (in)
     1    0.00                           a[26] (net)
                  0.02    0.00    4.01 v input19/A (sky130_fd_sc_hd__buf_2)
                  0.19    0.32    4.32 v input19/X (sky130_fd_sc_hd__buf_2)
     9    0.04                           net19 (net)
                  0.19    0.01    4.33 v _4090_/A (Nand_gate)
                  0.06    0.09    4.42 ^ _4090_/Y (Nand_gate)
     2    0.01                           _1103_ (net)
                  0.06    0.00    4.42 ^ _4093_/A (Nand_gate)
                  0.04    0.05    4.47 v _4093_/Y (Nand_gate)
     1    0.00                           _1106_ (net)
                  0.04    0.00    4.47 v _4117_/A (Nand_gate)
                  0.06    0.06    4.53 ^ _4117_/Y (Nand_gate)
     1    0.01                           _1132_ (net)
                  0.06    0.00    4.53 ^ _4118_/B (Nor_gate)
                  0.07    0.06    4.59 v _4118_/Y (Nor_gate)
     2    0.01                           _1134_ (net)
                  0.07    0.00    4.59 v _4119_/A (inverter)
                  0.30    0.21    4.80 ^ _4119_/Y (inverter)
     1    0.04                           net87 (net)
                  0.30    0.01    4.81 ^ output87/A (sky130_fd_sc_hd__clkbuf_4)
                  0.18    0.41    5.22 ^ output87/X (sky130_fd_sc_hd__clkbuf_4)
     1    0.04                           result[26] (net)
                  0.18    0.00    5.23 ^ result[26] (out)
                                  5.23   data arrival time

                  0.00    0.00    0.00   clock clk (rise edge)
                          0.00    0.00   clock network delay (ideal)
                          0.25    0.25   clock uncertainty
                          0.00    0.25   clock reconvergence pessimism
                         -4.00   -3.75   output external delay
                                 -3.75   data required time
-----------------------------------------------------------------------------
                                 -3.75   data required time
                                 -5.23   data arrival time
-----------------------------------------------------------------------------
                                  8.98   slack (MET)


Startpoint: a[26] (input port clocked by clk)
Endpoint: zero (output port clocked by clk)
Path Group: clk
Path Type: min
Corner: Slowest

Fanout     Cap    Slew   Delay    Time   Description
-----------------------------------------------------------------------------
                  0.00    0.00    0.00   clock clk (rise edge)
                          0.00    0.00   clock network delay (ideal)
                          4.00    4.00 ^ input external delay
                  0.03    0.01    4.01 ^ a[26] (in)
     1    0.00                           a[26] (net)
                  0.03    0.00    4.01 ^ input19/A (sky130_fd_sc_hd__buf_2)
                  0.31    0.33    4.34 ^ input19/X (sky130_fd_sc_hd__buf_2)
     9    0.04                           net19 (net)
                  0.31    0.01    4.35 ^ _4090_/A (Nand_gate)
                  0.07    0.10    4.45 v _4090_/Y (Nand_gate)
     2    0.01                           _1103_ (net)
                  0.07    0.00    4.45 v _4130_/B (Nand_gate)
                  0.04    0.05    4.49 ^ _4130_/Y (Nand_gate)
     1    0.00                           _1146_ (net)
                  0.04    0.00    4.50 ^ _4136_/A (Nand_gate)
                  0.03    0.04    4.53 v _4136_/Y (Nand_gate)
     1    0.00                           _1152_ (net)
                  0.03    0.00    4.53 v _4159_/A (Nand_gate)
                  0.06    0.06    4.59 ^ _4159_/Y (Nand_gate)
     1    0.01                           _1178_ (net)
                  0.06    0.00    4.59 ^ _4160_/B (Nor_gate)
                  0.05    0.06    4.65 v _4160_/Y (Nor_gate)
     2    0.01                           _1179_ (net)
                  0.05    0.00    4.65 v _4339_/A (Nand_gate)
                  0.03    0.04    4.69 ^ _4339_/Y (Nand_gate)
     1    0.00                           _1371_ (net)
                  0.03    0.00    4.69 ^ _4340_/B (Nor_gate)
                  0.02    0.03    4.72 v _4340_/Y (Nor_gate)
     1    0.00                           _1372_ (net)
                  0.02    0.00    4.72 v _4370_/A (Nand_gate)
                  0.03    0.04    4.75 ^ _4370_/Y (Nand_gate)
     1    0.00                           _1405_ (net)
                  0.03    0.00    4.75 ^ _4371_/B (Nor_gate)
                  0.02    0.02    4.78 v _4371_/Y (Nor_gate)
     1    0.00                           _1406_ (net)
                  0.02    0.00    4.78 v _4372_/A (sky130_fd_sc_hd__clkbuf_1)
                  0.05    0.13    4.91 v _4372_/X (sky130_fd_sc_hd__clkbuf_1)
     1    0.00                           net101 (net)
                  0.05    0.00    4.91 v output101/A (sky130_fd_sc_hd__buf_2)
                  0.17    0.32    5.22 v output101/X (sky130_fd_sc_hd__buf_2)
     1    0.03                           zero (net)
                  0.17    0.00    5.23 v zero (out)
                                  5.23   data arrival time

                  0.00    0.00    0.00   clock clk (rise edge)
                          0.00    0.00   clock network delay (ideal)
                          0.25    0.25   clock uncertainty
                          0.00    0.25   clock reconvergence pessimism
                         -4.00   -3.75   output external delay
                                 -3.75   data required time
-----------------------------------------------------------------------------
                                 -3.75   data required time
                                 -5.23   data arrival time
-----------------------------------------------------------------------------
                                  8.98   slack (MET)


Startpoint: a[6] (input port clocked by clk)
Endpoint: result[6] (output port clocked by clk)
Path Group: clk
Path Type: min
Corner: Slowest

Fanout     Cap    Slew   Delay    Time   Description
-----------------------------------------------------------------------------
                  0.00    0.00    0.00   clock clk (rise edge)
                          0.00    0.00   clock network delay (ideal)
                          4.00    4.00 v input external delay
                  0.02    0.01    4.01 v a[6] (in)
     1    0.00                           a[6] (net)
                  0.02    0.00    4.01 v input29/A (sky130_fd_sc_hd__clkbuf_4)
                  0.18    0.32    4.32 v input29/X (sky130_fd_sc_hd__clkbuf_4)
    10    0.05                           net29 (net)
                  0.18    0.01    4.33 v _2971_/A (Xnor)
                  0.15    0.15    4.48 ^ _2971_/Y (Xnor)
     3    0.01                           _2074_ (net)
                  0.15    0.00    4.48 ^ _2985_/A (Nand_gate)
                  0.04    0.06    4.54 v _2985_/Y (Nand_gate)
     1    0.00                           _2088_ (net)
                  0.04    0.00    4.54 v _2988_/A (Nand_gate)
                  0.09    0.08    4.62 ^ _2988_/Y (Nand_gate)
     1    0.01                           _2091_ (net)
                  0.09    0.00    4.62 ^ _3030_/A (Nand_gate)
                  0.03    0.04    4.66 v _3030_/Y (Nand_gate)
     1    0.00                           _2133_ (net)
                  0.03    0.00    4.66 v _3031_/A (sky130_fd_sc_hd__buf_1)
                  0.21    0.25    4.92 v _3031_/X (sky130_fd_sc_hd__buf_1)
     2    0.02                           net97 (net)
                  0.21    0.00    4.92 v output97/A (sky130_fd_sc_hd__clkbuf_4)
                  0.14    0.37    5.29 v output97/X (sky130_fd_sc_hd__clkbuf_4)
     1    0.03                           result[6] (net)
                  0.14    0.00    5.29 v result[6] (out)
                                  5.29   data arrival time

                  0.00    0.00    0.00   clock clk (rise edge)
                          0.00    0.00   clock network delay (ideal)
                          0.25    0.25   clock uncertainty
                          0.00    0.25   clock reconvergence pessimism
                         -4.00   -3.75   output external delay
                                 -3.75   data required time
-----------------------------------------------------------------------------
                                 -3.75   data required time
                                 -5.29   data arrival time
-----------------------------------------------------------------------------
                                  9.04   slack (MET)


Startpoint: a[4] (input port clocked by clk)
Endpoint: result[5] (output port clocked by clk)
Path Group: clk
Path Type: min
Corner: Slowest

Fanout     Cap    Slew   Delay    Time   Description
-----------------------------------------------------------------------------
                  0.00    0.00    0.00   clock clk (rise edge)
                          0.00    0.00   clock network delay (ideal)
                          4.00    4.00 ^ input external delay
                  0.04    0.02    4.02 ^ a[4] (in)
     1    0.00                           a[4] (net)
                  0.04    0.00    4.02 ^ input27/A (sky130_fd_sc_hd__clkbuf_4)
                  0.25    0.35    4.37 ^ input27/X (sky130_fd_sc_hd__clkbuf_4)
     9    0.05                           net27 (net)
                  0.25    0.01    4.37 ^ _2864_/A (Nand_gate)
                  0.08    0.11    4.48 v _2864_/Y (Nand_gate)
     3    0.01                           _1969_ (net)
                  0.08    0.00    4.48 v _2923_/A (Nand_gate)
                  0.05    0.06    4.55 ^ _2923_/Y (Nand_gate)
     2    0.01                           _2027_ (net)
                  0.05    0.00    4.55 ^ _2924_/B (Nand_gate)
                  0.03    0.04    4.59 v _2924_/Y (Nand_gate)
     1    0.00                           _2028_ (net)
                  0.03    0.00    4.59 v _2927_/A (Nand_gate)
                  0.03    0.04    4.63 ^ _2927_/Y (Nand_gate)
     1    0.00                           _2031_ (net)
                  0.03    0.00    4.63 ^ _2964_/A (Nand_gate)
                  0.03    0.04    4.67 v _2964_/Y (Nand_gate)
     1    0.00                           _2068_ (net)
                  0.03    0.00    4.67 v _2965_/A (sky130_fd_sc_hd__buf_1)
                  0.19    0.24    4.91 v _2965_/X (sky130_fd_sc_hd__buf_1)
     2    0.02                           net96 (net)
                  0.19    0.00    4.91 v output96/A (sky130_fd_sc_hd__buf_2)
                  0.17    0.38    5.29 v output96/X (sky130_fd_sc_hd__buf_2)
     1    0.03                           result[5] (net)
                  0.17    0.00    5.30 v result[5] (out)
                                  5.30   data arrival time

                  0.00    0.00    0.00   clock clk (rise edge)
                          0.00    0.00   clock network delay (ideal)
                          0.25    0.25   clock uncertainty
                          0.00    0.25   clock reconvergence pessimism
                         -4.00   -3.75   output external delay
                                 -3.75   data required time
-----------------------------------------------------------------------------
                                 -3.75   data required time
                                 -5.30   data arrival time
-----------------------------------------------------------------------------
                                  9.05   slack (MET)


Startpoint: b[15] (input port clocked by clk)
Endpoint: result[15] (output port clocked by clk)
Path Group: clk
Path Type: min
Corner: Slowest

Fanout     Cap    Slew   Delay    Time   Description
-----------------------------------------------------------------------------
                  0.00    0.00    0.00   clock clk (rise edge)
                          0.00    0.00   clock network delay (ideal)
                          4.00    4.00 ^ input external delay
                  0.03    0.02    4.02 ^ b[15] (in)
     1    0.00                           b[15] (net)
                  0.03    0.00    4.02 ^ input43/A (sky130_fd_sc_hd__buf_2)
                  0.34    0.35    4.37 ^ input43/X (sky130_fd_sc_hd__buf_2)
     6    0.04                           net43 (net)
                  0.34    0.00    4.37 ^ _3548_/A (Nand_gate)
                  0.05    0.07    4.45 v _3548_/Y (Nand_gate)
     1    0.00                           _0518_ (net)
                  0.05    0.00    4.45 v _3553_/A (Nand_gate)
                  0.04    0.05    4.49 ^ _3553_/Y (Nand_gate)
     1    0.00                           _0523_ (net)
                  0.04    0.00    4.49 ^ _3554_/B (Nor_gate)
                  0.02    0.02    4.52 v _3554_/Y (Nor_gate)
     1    0.00                           _0524_ (net)
                  0.02    0.00    4.52 v _3555_/B (Nand_gate)
                  0.05    0.05    4.56 ^ _3555_/Y (Nand_gate)
     1    0.01                           _0525_ (net)
                  0.06    0.00    4.56 ^ _3556_/B (Nor_gate)
                  0.04    0.04    4.60 v _3556_/Y (Nor_gate)
     1    0.01                           _0526_ (net)
                  0.04    0.00    4.61 v _3557_/B (Nand_gate)
                  0.03    0.03    4.64 ^ _3557_/Y (Nand_gate)
     1    0.00                           _0527_ (net)
                  0.03    0.00    4.64 ^ _3558_/A (sky130_fd_sc_hd__buf_1)
                  0.27    0.26    4.90 ^ _3558_/X (sky130_fd_sc_hd__buf_1)
     2    0.01                           net75 (net)
                  0.27    0.00    4.90 ^ output75/A (sky130_fd_sc_hd__clkbuf_4)
                  0.18    0.40    5.30 ^ output75/X (sky130_fd_sc_hd__clkbuf_4)
     1    0.03                           result[15] (net)
                  0.18    0.00    5.30 ^ result[15] (out)
                                  5.30   data arrival time

                  0.00    0.00    0.00   clock clk (rise edge)
                          0.00    0.00   clock network delay (ideal)
                          0.25    0.25   clock uncertainty
                          0.00    0.25   clock reconvergence pessimism
                         -4.00   -3.75   output external delay
                                 -3.75   data required time
-----------------------------------------------------------------------------
                                 -3.75   data required time
                                 -5.30   data arrival time
-----------------------------------------------------------------------------
                                  9.05   slack (MET)


Startpoint: alu_control[2] (input port clocked by clk)
Endpoint: result[0] (output port clocked by clk)
Path Group: clk
Path Type: min
Corner: Slowest

Fanout     Cap    Slew   Delay    Time   Description
-----------------------------------------------------------------------------
                  0.00    0.00    0.00   clock clk (rise edge)
                          0.00    0.00   clock network delay (ideal)
                          4.00    4.00 v input external delay
                  0.02    0.01    4.01 v alu_control[2] (in)
     1    0.00                           alu_control[2] (net)
                  0.02    0.00    4.01 v input35/A (sky130_fd_sc_hd__clkbuf_2)
                  0.27    0.31    4.32 v input35/X (sky130_fd_sc_hd__clkbuf_2)
     5    0.04                           net35 (net)
                  0.27    0.01    4.33 v _2491_/A (Nand_gate)
                  0.06    0.11    4.43 ^ _2491_/Y (Nand_gate)
     2    0.01                           _1600_ (net)
                  0.06    0.00    4.43 ^ _2492_/B (Nor_gate)
                  0.02    0.03    4.46 v _2492_/Y (Nor_gate)
     1    0.00                           _1601_ (net)
                  0.02    0.00    4.46 v _2493_/B (Nand_gate)
                  0.03    0.03    4.49 ^ _2493_/Y (Nand_gate)
     1    0.00                           _1602_ (net)
                  0.03    0.00    4.49 ^ _2494_/B (Nor_gate)
                  0.02    0.02    4.52 v _2494_/Y (Nor_gate)
     1    0.00                           _1603_ (net)
                  0.02    0.00    4.52 v _2495_/B (Nand_gate)
                  0.04    0.03    4.55 ^ _2495_/Y (Nand_gate)
     1    0.00                           _1604_ (net)
                  0.04    0.00    4.55 ^ _2602_/A (Nand_gate)
                  0.04    0.04    4.59 v _2602_/Y (Nand_gate)
     1    0.00                           _1711_ (net)
                  0.04    0.00    4.59 v _2603_/A (sky130_fd_sc_hd__clkbuf_2)
                  0.25    0.31    4.91 v _2603_/X (sky130_fd_sc_hd__clkbuf_2)
     2    0.04                           net69 (net)
                  0.25    0.00    4.91 v output69/A (sky130_fd_sc_hd__clkbuf_4)
                  0.14    0.39    5.30 v output69/X (sky130_fd_sc_hd__clkbuf_4)
     1    0.03                           result[0] (net)
                  0.14    0.00    5.30 v result[0] (out)
                                  5.30   data arrival time

                  0.00    0.00    0.00   clock clk (rise edge)
                          0.00    0.00   clock network delay (ideal)
                          0.25    0.25   clock uncertainty
                          0.00    0.25   clock reconvergence pessimism
                         -4.00   -3.75   output external delay
                                 -3.75   data required time
-----------------------------------------------------------------------------
                                 -3.75   data required time
                                 -5.30   data arrival time
-----------------------------------------------------------------------------
                                  9.05   slack (MET)


Startpoint: a[19] (input port clocked by clk)
Endpoint: result[19] (output port clocked by clk)
Path Group: clk
Path Type: min
Corner: Slowest

Fanout     Cap    Slew   Delay    Time   Description
-----------------------------------------------------------------------------
                  0.00    0.00    0.00   clock clk (rise edge)
                          0.00    0.00   clock network delay (ideal)
                          4.00    4.00 v input external delay
                  0.02    0.01    4.01 v a[19] (in)
     1    0.00                           a[19] (net)
                  0.02    0.00    4.01 v input11/A (sky130_fd_sc_hd__clkbuf_2)
                  0.28    0.32    4.33 v input11/X (sky130_fd_sc_hd__clkbuf_2)
     3    0.04                           net11 (net)
                  0.28    0.01    4.34 v _2223_/A (inverter)
                  0.10    0.12    4.45 ^ _2223_/Y (inverter)
     3    0.01                           _0603_ (net)
                  0.10    0.00    4.45 ^ _3740_/A (Nand_gate)
                  0.03    0.05    4.50 v _3740_/Y (Nand_gate)
     1    0.00                           _0725_ (net)
                  0.03    0.00    4.50 v _3744_/A (Nand_gate)
                  0.04    0.04    4.54 ^ _3744_/Y (Nand_gate)
     1    0.00                           _0729_ (net)
                  0.04    0.00    4.54 ^ _3767_/A (Nand_gate)
                  0.03    0.04    4.58 v _3767_/Y (Nand_gate)
     1    0.00                           _0754_ (net)
                  0.03    0.00    4.58 v _3768_/B (Nor_gate)
                  0.24    0.18    4.76 ^ _3768_/Y (Nor_gate)
     2    0.01                           _0756_ (net)
                  0.24    0.00    4.76 ^ _3769_/A (inverter)
                  0.18    0.18    4.94 v _3769_/Y (inverter)
     1    0.04                           net79 (net)
                  0.18    0.00    4.95 v output79/A (sky130_fd_sc_hd__clkbuf_4)
                  0.14    0.36    5.31 v output79/X (sky130_fd_sc_hd__clkbuf_4)
     1    0.03                           result[19] (net)
                  0.14    0.00    5.31 v result[19] (out)
                                  5.31   data arrival time

                  0.00    0.00    0.00   clock clk (rise edge)
                          0.00    0.00   clock network delay (ideal)
                          0.25    0.25   clock uncertainty
                          0.00    0.25   clock reconvergence pessimism
                         -4.00   -3.75   output external delay
                                 -3.75   data required time
-----------------------------------------------------------------------------
                                 -3.75   data required time
                                 -5.31   data arrival time
-----------------------------------------------------------------------------
                                  9.06   slack (MET)


Startpoint: a[2] (input port clocked by clk)
Endpoint: result[3] (output port clocked by clk)
Path Group: clk
Path Type: min
Corner: Slowest

Fanout     Cap    Slew   Delay    Time   Description
-----------------------------------------------------------------------------
                  0.00    0.00    0.00   clock clk (rise edge)
                          0.00    0.00   clock network delay (ideal)
                          4.00    4.00 v input external delay
                  0.02    0.01    4.01 v a[2] (in)
     1    0.00                           a[2] (net)
                  0.02    0.00    4.01 v input23/A (sky130_fd_sc_hd__clkbuf_2)
                  0.25    0.31    4.32 v input23/X (sky130_fd_sc_hd__clkbuf_2)
     4    0.04                           net23 (net)
                  0.25    0.00    4.32 v _2788_/A (Nand_gate)
                  0.04    0.09    4.41 ^ _2788_/Y (Nand_gate)
     1    0.00                           _1894_ (net)
                  0.04    0.00    4.41 ^ _2789_/A (inverter)
                  0.03    0.03    4.44 v _2789_/Y (inverter)
     2    0.01                           _1895_ (net)
                  0.03    0.00    4.44 v _2790_/A (Nor_gate)
                  0.12    0.11    4.55 ^ _2790_/Y (Nor_gate)
     2    0.01                           _1896_ (net)
                  0.12    0.00    4.55 ^ _2791_/B (Nand_gate)
                  0.04    0.05    4.60 v _2791_/Y (Nand_gate)
     1    0.00                           _1897_ (net)
                  0.04    0.00    4.60 v _2795_/A (Nand_gate)
                  0.04    0.05    4.65 ^ _2795_/Y (Nand_gate)
     1    0.00                           _1901_ (net)
                  0.04    0.00    4.65 ^ _2849_/A (Nand_gate)
                  0.03    0.04    4.69 v _2849_/Y (Nand_gate)
     1    0.00                           _1955_ (net)
                  0.03    0.00    4.69 v _2850_/A (sky130_fd_sc_hd__buf_1)
                  0.21    0.25    4.94 v _2850_/X (sky130_fd_sc_hd__buf_1)
     2    0.02                           net94 (net)
                  0.21    0.00    4.94 v output94/A (sky130_fd_sc_hd__clkbuf_4)
                  0.14    0.37    5.31 v output94/X (sky130_fd_sc_hd__clkbuf_4)
     1    0.03                           result[3] (net)
                  0.14    0.00    5.31 v result[3] (out)
                                  5.31   data arrival time

                  0.00    0.00    0.00   clock clk (rise edge)
                          0.00    0.00   clock network delay (ideal)
                          0.25    0.25   clock uncertainty
                          0.00    0.25   clock reconvergence pessimism
                         -4.00   -3.75   output external delay
                                 -3.75   data required time
-----------------------------------------------------------------------------
                                 -3.75   data required time
                                 -5.31   data arrival time
-----------------------------------------------------------------------------
                                  9.06   slack (MET)


Startpoint: a[26] (input port clocked by clk)
Endpoint: result[29] (output port clocked by clk)
Path Group: clk
Path Type: min
Corner: Slowest

Fanout     Cap    Slew   Delay    Time   Description
-----------------------------------------------------------------------------
                  0.00    0.00    0.00   clock clk (rise edge)
                          0.00    0.00   clock network delay (ideal)
                          4.00    4.00 v input external delay
                  0.02    0.01    4.01 v a[26] (in)
     1    0.00                           a[26] (net)
                  0.02    0.00    4.01 v input19/A (sky130_fd_sc_hd__buf_2)
                  0.19    0.32    4.32 v input19/X (sky130_fd_sc_hd__buf_2)
     9    0.04                           net19 (net)
                  0.19    0.01    4.33 v _4133_/A (Nand_gate)
                  0.08    0.09    4.42 ^ _4133_/Y (Nand_gate)
     2    0.01                           _1149_ (net)
                  0.08    0.00    4.42 ^ _4186_/A (inverter)
                  0.03    0.03    4.45 v _4186_/Y (inverter)
     1    0.00                           _1206_ (net)
                  0.03    0.00    4.45 v _4187_/B (Nand_gate)
                  0.06    0.05    4.51 ^ _4187_/Y (Nand_gate)
     2    0.01                           _1207_ (net)
                  0.06    0.00    4.51 ^ _4188_/B (Nor_gate)
                  0.04    0.05    4.55 v _4188_/Y (Nor_gate)
     3    0.01                           _1209_ (net)
                  0.04    0.00    4.55 v _4232_/B (Nor_gate)
                  0.07    0.06    4.61 ^ _4232_/Y (Nor_gate)
     1    0.00                           _1256_ (net)
                  0.07    0.00    4.61 ^ _4233_/B (Nor_gate)
                  0.02    0.03    4.64 v _4233_/Y (Nor_gate)
     1    0.00                           _1257_ (net)
                  0.02    0.00    4.64 v _4234_/B (Nand_gate)
                  0.03    0.03    4.67 ^ _4234_/Y (Nand_gate)
     1    0.00                           _1258_ (net)
                  0.03    0.00    4.67 ^ _4256_/A (Nand_gate)
                  0.04    0.05    4.72 v _4256_/Y (Nand_gate)
     1    0.01                           _1282_ (net)
                  0.04    0.00    4.72 v _4257_/B (Nor_gate)
                  0.11    0.09    4.81 ^ _4257_/Y (Nor_gate)
     2    0.01                           _1283_ (net)
                  0.11    0.00    4.81 ^ _4258_/A (inverter)
                  0.17    0.14    4.95 v _4258_/Y (inverter)
     1    0.03                           net90 (net)
                  0.17    0.01    4.96 v output90/A (sky130_fd_sc_hd__clkbuf_4)
                  0.14    0.35    5.31 v output90/X (sky130_fd_sc_hd__clkbuf_4)
     1    0.03                           result[29] (net)
                  0.14    0.00    5.31 v result[29] (out)
                                  5.31   data arrival time

                  0.00    0.00    0.00   clock clk (rise edge)
                          0.00    0.00   clock network delay (ideal)
                          0.25    0.25   clock uncertainty
                          0.00    0.25   clock reconvergence pessimism
                         -4.00   -3.75   output external delay
                                 -3.75   data required time
-----------------------------------------------------------------------------
                                 -3.75   data required time
                                 -5.31   data arrival time
-----------------------------------------------------------------------------
                                  9.06   slack (MET)


Startpoint: a[28] (input port clocked by clk)
Endpoint: result[28] (output port clocked by clk)
Path Group: clk
Path Type: min
Corner: Slowest

Fanout     Cap    Slew   Delay    Time   Description
-----------------------------------------------------------------------------
                  0.00    0.00    0.00   clock clk (rise edge)
                          0.00    0.00   clock network delay (ideal)
                          4.00    4.00 v input external delay
                  0.02    0.01    4.01 v a[28] (in)
     1    0.00                           a[28] (net)
                  0.02    0.00    4.01 v input21/A (sky130_fd_sc_hd__buf_2)
                  0.19    0.32    4.33 v input21/X (sky130_fd_sc_hd__buf_2)
     7    0.04                           net21 (net)
                  0.19    0.00    4.34 v _4180_/A (Xnor)
                  0.05    0.13    4.46 v _4180_/Y (Xnor)
     1    0.00                           _1200_ (net)
                  0.05    0.00    4.46 v _4181_/A (inverter)
                  0.05    0.05    4.51 ^ _4181_/Y (inverter)
     2    0.01                           _1201_ (net)
                  0.05    0.00    4.51 ^ _4182_/B (Nand_gate)
                  0.03    0.04    4.55 v _4182_/Y (Nand_gate)
     1    0.00                           _1202_ (net)
                  0.03    0.00    4.55 v _4185_/A (Nand_gate)
                  0.04    0.04    4.59 ^ _4185_/Y (Nand_gate)
     1    0.00                           _1205_ (net)
                  0.04    0.00    4.59 ^ _4216_/A (Nand_gate)
                  0.03    0.04    4.63 v _4216_/Y (Nand_gate)
     1    0.00                           _1239_ (net)
                  0.03    0.00    4.63 v _4217_/A (sky130_fd_sc_hd__clkbuf_2)
                  0.24    0.30    4.93 v _4217_/X (sky130_fd_sc_hd__clkbuf_2)
     2    0.03                           net89 (net)
                  0.24    0.01    4.93 v output89/A (sky130_fd_sc_hd__clkbuf_4)
                  0.14    0.38    5.32 v output89/X (sky130_fd_sc_hd__clkbuf_4)
     1    0.03                           result[28] (net)
                  0.14    0.00    5.32 v result[28] (out)
                                  5.32   data arrival time

                  0.00    0.00    0.00   clock clk (rise edge)
                          0.00    0.00   clock network delay (ideal)
                          0.25    0.25   clock uncertainty
                          0.00    0.25   clock reconvergence pessimism
                         -4.00   -3.75   output external delay
                                 -3.75   data required time
-----------------------------------------------------------------------------
                                 -3.75   data required time
                                 -5.32   data arrival time
-----------------------------------------------------------------------------
                                  9.07   slack (MET)


Startpoint: b[10] (input port clocked by clk)
Endpoint: result[10] (output port clocked by clk)
Path Group: clk
Path Type: min
Corner: Slowest

Fanout     Cap    Slew   Delay    Time   Description
-----------------------------------------------------------------------------
                  0.00    0.00    0.00   clock clk (rise edge)
                          0.00    0.00   clock network delay (ideal)
                          4.00    4.00 ^ input external delay
                  0.03    0.02    4.02 ^ b[10] (in)
     1    0.00                           b[10] (net)
                  0.03    0.00    4.02 ^ input38/A (sky130_fd_sc_hd__clkbuf_2)
                  0.23    0.28    4.29 ^ input38/X (sky130_fd_sc_hd__clkbuf_2)
     6    0.03                           net38 (net)
                  0.23    0.00    4.30 ^ _2277_/B (Nor_gate)
                  0.05    0.07    4.37 v _2277_/Y (Nor_gate)
     2    0.01                           _1186_ (net)
                  0.05    0.00    4.37 v _3261_/A (Nor_gate)
                  0.07    0.08    4.44 ^ _3261_/Y (Nor_gate)
     1    0.00                           _0207_ (net)
                  0.07    0.00    4.44 ^ _3262_/B (Nor_gate)
                  0.03    0.04    4.48 v _3262_/Y (Nor_gate)
     1    0.00                           _0208_ (net)
                  0.03    0.00    4.48 v _3263_/B (Nand_gate)
                  0.03    0.03    4.51 ^ _3263_/Y (Nand_gate)
     1    0.00                           _0209_ (net)
                  0.03    0.00    4.51 ^ _3264_/B (Nor_gate)
                  0.02    0.02    4.53 v _3264_/Y (Nor_gate)
     1    0.00                           _0210_ (net)
                  0.02    0.00    4.54 v _3265_/B (Nand_gate)
                  0.03    0.03    4.56 ^ _3265_/Y (Nand_gate)
     1    0.00                           _0211_ (net)
                  0.03    0.00    4.56 ^ _3266_/B (Nor_gate)
                  0.02    0.03    4.59 v _3266_/Y (Nor_gate)
     1    0.00                           _0212_ (net)
                  0.02    0.00    4.59 v _3267_/B (Nand_gate)
                  0.03    0.03    4.62 ^ _3267_/Y (Nand_gate)
     1    0.00                           _0213_ (net)
                  0.03    0.00    4.62 ^ _3268_/A (sky130_fd_sc_hd__clkbuf_2)
                  0.33    0.34    4.96 ^ _3268_/X (sky130_fd_sc_hd__clkbuf_2)
     3    0.04                           net70 (net)
                  0.33    0.00    4.97 ^ output70/A (sky130_fd_sc_hd__clkbuf_4)
                  0.18    0.42    5.39 ^ output70/X (sky130_fd_sc_hd__clkbuf_4)
     1    0.03                           result[10] (net)
                  0.18    0.00    5.39 ^ result[10] (out)
                                  5.39   data arrival time

                  0.00    0.00    0.00   clock clk (rise edge)
                          0.00    0.00   clock network delay (ideal)
                          0.25    0.25   clock uncertainty
                          0.00    0.25   clock reconvergence pessimism
                         -4.00   -3.75   output external delay
                                 -3.75   data required time
-----------------------------------------------------------------------------
                                 -3.75   data required time
                                 -5.39   data arrival time
-----------------------------------------------------------------------------
                                  9.14   slack (MET)


Startpoint: b[12] (input port clocked by clk)
Endpoint: result[12] (output port clocked by clk)
Path Group: clk
Path Type: min
Corner: Slowest

Fanout     Cap    Slew   Delay    Time   Description
-----------------------------------------------------------------------------
                  0.00    0.00    0.00   clock clk (rise edge)
                          0.00    0.00   clock network delay (ideal)
                          4.00    4.00 v input external delay
                  0.02    0.01    4.01 v b[12] (in)
     1    0.00                           b[12] (net)
                  0.02    0.00    4.01 v input40/A (sky130_fd_sc_hd__buf_2)
                  0.21    0.34    4.34 v input40/X (sky130_fd_sc_hd__buf_2)
     7    0.05                           net40 (net)
                  0.21    0.01    4.35 v _3367_/A (Nand_gate)
                  0.07    0.09    4.44 ^ _3367_/Y (Nand_gate)
     1    0.00                           _0321_ (net)
                  0.07    0.00    4.44 ^ _3372_/A (Nand_gate)
                  0.03    0.04    4.48 v _3372_/Y (Nand_gate)
     1    0.00                           _0327_ (net)
                  0.03    0.00    4.48 v _3380_/A (Nor_gate)
                  0.08    0.07    4.55 ^ _3380_/Y (Nor_gate)
     1    0.00                           _0336_ (net)
                  0.08    0.00    4.56 ^ _3381_/B (Nand_gate)
                  0.03    0.04    4.60 v _3381_/Y (Nand_gate)
     1    0.00                           _0337_ (net)
                  0.03    0.00    4.60 v _3395_/A (Nor_gate)
                  0.09    0.08    4.68 ^ _3395_/Y (Nor_gate)
     1    0.00                           _0352_ (net)
                  0.09    0.00    4.68 ^ _3396_/B (Nand_gate)
                  0.03    0.05    4.73 v _3396_/Y (Nand_gate)
     1    0.00                           _0353_ (net)
                  0.03    0.00    4.73 v _3397_/A (sky130_fd_sc_hd__buf_1)
                  0.25    0.28    5.01 v _3397_/X (sky130_fd_sc_hd__buf_1)
     2    0.02                           net72 (net)
                  0.25    0.00    5.01 v output72/A (sky130_fd_sc_hd__clkbuf_4)
                  0.14    0.39    5.40 v output72/X (sky130_fd_sc_hd__clkbuf_4)
     1    0.03                           result[12] (net)
                  0.14    0.00    5.40 v result[12] (out)
                                  5.40   data arrival time

                  0.00    0.00    0.00   clock clk (rise edge)
                          0.00    0.00   clock network delay (ideal)
                          0.25    0.25   clock uncertainty
                          0.00    0.25   clock reconvergence pessimism
                         -4.00   -3.75   output external delay
                                 -3.75   data required time
-----------------------------------------------------------------------------
                                 -3.75   data required time
                                 -5.40   data arrival time
-----------------------------------------------------------------------------
                                  9.15   slack (MET)


Startpoint: b[14] (input port clocked by clk)
Endpoint: result[14] (output port clocked by clk)
Path Group: clk
Path Type: min
Corner: Slowest

Fanout     Cap    Slew   Delay    Time   Description
-----------------------------------------------------------------------------
                  0.00    0.00    0.00   clock clk (rise edge)
                          0.00    0.00   clock network delay (ideal)
                          4.00    4.00 v input external delay
                  0.02    0.01    4.01 v b[14] (in)
     1    0.00                           b[14] (net)
                  0.02    0.00    4.01 v input42/A (sky130_fd_sc_hd__clkbuf_2)
                  0.30    0.33    4.34 v input42/X (sky130_fd_sc_hd__clkbuf_2)
     5    0.04                           net42 (net)
                  0.30    0.01    4.35 v _2380_/A (inverter)
                  0.11    0.13    4.48 ^ _2380_/Y (inverter)
     3    0.01                           _1489_ (net)
                  0.11    0.00    4.48 ^ _3479_/A (Nor_gate)
                  0.03    0.05    4.52 v _3479_/Y (Nor_gate)
     1    0.00                           _0443_ (net)
                  0.03    0.00    4.52 v _3483_/A (Nor_gate)
                  0.07    0.07    4.59 ^ _3483_/Y (Nor_gate)
     1    0.00                           _0447_ (net)
                  0.07    0.00    4.60 ^ _3508_/A (Nand_gate)
                  0.05    0.06    4.65 v _3508_/Y (Nand_gate)
     1    0.01                           _0475_ (net)
                  0.05    0.00    4.65 v _3509_/B (Nor_gate)
                  0.08    0.07    4.72 ^ _3509_/Y (Nor_gate)
     1    0.00                           _0476_ (net)
                  0.08    0.00    4.72 ^ _3510_/B (Nand_gate)
                  0.03    0.04    4.76 v _3510_/Y (Nand_gate)
     1    0.00                           _0477_ (net)
                  0.03    0.00    4.76 v _3511_/A (sky130_fd_sc_hd__buf_1)
                  0.23    0.27    5.03 v _3511_/X (sky130_fd_sc_hd__buf_1)
     2    0.02                           net74 (net)
                  0.23    0.00    5.03 v output74/A (sky130_fd_sc_hd__clkbuf_4)
                  0.14    0.38    5.41 v output74/X (sky130_fd_sc_hd__clkbuf_4)
     1    0.04                           result[14] (net)
                  0.14    0.00    5.41 v result[14] (out)
                                  5.41   data arrival time

                  0.00    0.00    0.00   clock clk (rise edge)
                          0.00    0.00   clock network delay (ideal)
                          0.25    0.25   clock uncertainty
                          0.00    0.25   clock reconvergence pessimism
                         -4.00   -3.75   output external delay
                                 -3.75   data required time
-----------------------------------------------------------------------------
                                 -3.75   data required time
                                 -5.41   data arrival time
-----------------------------------------------------------------------------
                                  9.16   slack (MET)


Startpoint: b[16] (input port clocked by clk)
Endpoint: result[16] (output port clocked by clk)
Path Group: clk
Path Type: min
Corner: Slowest

Fanout     Cap    Slew   Delay    Time   Description
-----------------------------------------------------------------------------
                  0.00    0.00    0.00   clock clk (rise edge)
                          0.00    0.00   clock network delay (ideal)
                          4.00    4.00 v input external delay
                  0.02    0.01    4.01 v b[16] (in)
     1    0.00                           b[16] (net)
                  0.02    0.00    4.01 v input44/A (sky130_fd_sc_hd__clkbuf_4)
                  0.24    0.36    4.37 v input44/X (sky130_fd_sc_hd__clkbuf_4)
     8    0.07                           net44 (net)
                  0.25    0.01    4.38 v _3616_/A (Nand_gate)
                  0.06    0.08    4.46 ^ _3616_/Y (Nand_gate)
     1    0.00                           _0591_ (net)
                  0.06    0.00    4.46 ^ _3622_/A (Nand_gate)
                  0.03    0.04    4.50 v _3622_/Y (Nand_gate)
     1    0.00                           _0598_ (net)
                  0.03    0.00    4.50 v _3623_/B (Nor_gate)
                  0.07    0.06    4.56 ^ _3623_/Y (Nor_gate)
     1    0.00                           _0599_ (net)
                  0.07    0.00    4.56 ^ _3624_/B (Nand_gate)
                  0.07    0.07    4.63 v _3624_/Y (Nand_gate)
     1    0.01                           _0600_ (net)
                  0.07    0.00    4.63 v _3625_/B (Nor_gate)
                  0.07    0.07    4.69 ^ _3625_/Y (Nor_gate)
     1    0.00                           _0601_ (net)
                  0.07    0.00    4.70 ^ _3626_/B (Nand_gate)
                  0.03    0.04    4.74 v _3626_/Y (Nand_gate)
     1    0.00                           _0602_ (net)
                  0.03    0.00    4.74 v _3627_/A (sky130_fd_sc_hd__buf_1)
                  0.27    0.29    5.03 v _3627_/X (sky130_fd_sc_hd__buf_1)
     2    0.02                           net76 (net)
                  0.27    0.00    5.03 v output76/A (sky130_fd_sc_hd__clkbuf_4)
                  0.14    0.40    5.43 v output76/X (sky130_fd_sc_hd__clkbuf_4)
     1    0.03                           result[16] (net)
                  0.14    0.00    5.43 v result[16] (out)
                                  5.43   data arrival time

                  0.00    0.00    0.00   clock clk (rise edge)
                          0.00    0.00   clock network delay (ideal)
                          0.25    0.25   clock uncertainty
                          0.00    0.25   clock reconvergence pessimism
                         -4.00   -3.75   output external delay
                                 -3.75   data required time
-----------------------------------------------------------------------------
                                 -3.75   data required time
                                 -5.43   data arrival time
-----------------------------------------------------------------------------
                                  9.18   slack (MET)


Startpoint: a[24] (input port clocked by clk)
Endpoint: result[24] (output port clocked by clk)
Path Group: clk
Path Type: min
Corner: Slowest

Fanout     Cap    Slew   Delay    Time   Description
-----------------------------------------------------------------------------
                  0.00    0.00    0.00   clock clk (rise edge)
                          0.00    0.00   clock network delay (ideal)
                          4.00    4.00 v input external delay
                  0.02    0.01    4.01 v a[24] (in)
     1    0.00                           a[24] (net)
                  0.02    0.00    4.01 v input17/A (sky130_fd_sc_hd__buf_2)
                  0.20    0.33    4.33 v input17/X (sky130_fd_sc_hd__buf_2)
     9    0.04                           net17 (net)
                  0.20    0.00    4.33 v _3978_/A (Nor_gate)
                  0.09    0.12    4.45 ^ _3978_/Y (Nor_gate)
     1    0.00                           _0982_ (net)
                  0.09    0.00    4.45 ^ _3979_/B (Nor_gate)
                  0.07    0.07    4.53 v _3979_/Y (Nor_gate)
     4    0.02                           _0983_ (net)
                  0.07    0.00    4.53 v _3981_/B (Nor_gate)
                  0.07    0.06    4.59 ^ _3981_/Y (Nor_gate)
     1    0.00                           _0985_ (net)
                  0.07    0.00    4.59 ^ _3982_/B (Nor_gate)
                  0.02    0.03    4.62 v _3982_/Y (Nor_gate)
     1    0.00                           _0986_ (net)
                  0.02    0.00    4.62 v _3983_/B (Nand_gate)
                  0.03    0.03    4.66 ^ _3983_/Y (Nand_gate)
     1    0.00                           _0987_ (net)
                  0.03    0.00    4.66 ^ _4019_/A (Nand_gate)
                  0.03    0.03    4.69 v _4019_/Y (Nand_gate)
     1    0.00                           _1027_ (net)
                  0.03    0.00    4.69 v _4020_/A (sky130_fd_sc_hd__dlymetal6s2s_1)
                  0.28    0.41    5.10 v _4020_/X (sky130_fd_sc_hd__dlymetal6s2s_1)
     2    0.03                           net85 (net)
                  0.28    0.00    5.10 v output85/A (sky130_fd_sc_hd__clkbuf_4)
                  0.14    0.40    5.51 v output85/X (sky130_fd_sc_hd__clkbuf_4)
     1    0.04                           result[24] (net)
                  0.14    0.00    5.51 v result[24] (out)
                                  5.51   data arrival time

                  0.00    0.00    0.00   clock clk (rise edge)
                          0.00    0.00   clock network delay (ideal)
                          0.25    0.25   clock uncertainty
                          0.00    0.25   clock reconvergence pessimism
                         -4.00   -3.75   output external delay
                                 -3.75   data required time
-----------------------------------------------------------------------------
                                 -3.75   data required time
                                 -5.51   data arrival time
-----------------------------------------------------------------------------
                                  9.26   slack (MET)


Startpoint: a[16] (input port clocked by clk)
Endpoint: result[17] (output port clocked by clk)
Path Group: clk
Path Type: min
Corner: Slowest

Fanout     Cap    Slew   Delay    Time   Description
-----------------------------------------------------------------------------
                  0.00    0.00    0.00   clock clk (rise edge)
                          0.00    0.00   clock network delay (ideal)
                          4.00    4.00 v input external delay
                  0.02    0.01    4.01 v a[16] (in)
     1    0.00                           a[16] (net)
                  0.02    0.00    4.01 v input8/A (sky130_fd_sc_hd__clkbuf_2)
                  0.25    0.30    4.31 v input8/X (sky130_fd_sc_hd__clkbuf_2)
     3    0.03                           net8 (net)
                  0.25    0.00    4.31 v _2409_/A (inverter)
                  0.08    0.09    4.40 ^ _2409_/Y (inverter)
     2    0.01                           _1518_ (net)
                  0.08    0.00    4.40 ^ _3640_/A (Nor_gate)
                  0.03    0.05    4.45 v _3640_/Y (Nor_gate)
     2    0.01                           _0617_ (net)
                  0.03    0.00    4.45 v _3641_/B (Nor_gate)
                  0.07    0.06    4.51 ^ _3641_/Y (Nor_gate)
     1    0.00                           _0618_ (net)
                  0.07    0.00    4.51 ^ _3644_/A (Nor_gate)
                  0.02    0.04    4.55 v _3644_/Y (Nor_gate)
     1    0.00                           _0621_ (net)
                  0.02    0.00    4.55 v _3669_/A (Nor_gate)
                  0.07    0.07    4.62 ^ _3669_/Y (Nor_gate)
     1    0.00                           _0649_ (net)
                  0.07    0.00    4.62 ^ _3670_/B (Nand_gate)
                  0.02    0.04    4.66 v _3670_/Y (Nand_gate)
     1    0.00                           _0650_ (net)
                  0.02    0.00    4.66 v _3671_/A (sky130_fd_sc_hd__dlymetal6s2s_1)
                  0.31    0.44    5.10 v _3671_/X (sky130_fd_sc_hd__dlymetal6s2s_1)
     2    0.03                           net77 (net)
                  0.31    0.00    5.10 v output77/A (sky130_fd_sc_hd__clkbuf_4)
                  0.14    0.42    5.52 v output77/X (sky130_fd_sc_hd__clkbuf_4)
     1    0.03                           result[17] (net)
                  0.14    0.00    5.52 v result[17] (out)
                                  5.52   data arrival time

                  0.00    0.00    0.00   clock clk (rise edge)
                          0.00    0.00   clock network delay (ideal)
                          0.25    0.25   clock uncertainty
                          0.00    0.25   clock reconvergence pessimism
                         -4.00   -3.75   output external delay
                                 -3.75   data required time
-----------------------------------------------------------------------------
                                 -3.75   data required time
                                 -5.52   data arrival time
-----------------------------------------------------------------------------
                                  9.27   slack (MET)


Startpoint: a[30] (input port clocked by clk)
Endpoint: result[31] (output port clocked by clk)
Path Group: clk
Path Type: min
Corner: Slowest

Fanout     Cap    Slew   Delay    Time   Description
-----------------------------------------------------------------------------
                  0.00    0.00    0.00   clock clk (rise edge)
                          0.00    0.00   clock network delay (ideal)
                          4.00    4.00 ^ input external delay
                  0.03    0.02    4.02 ^ a[30] (in)
     1    0.00                           a[30] (net)
                  0.03    0.00    4.02 ^ input24/A (sky130_fd_sc_hd__clkbuf_4)
                  0.37    0.41    4.43 ^ input24/X (sky130_fd_sc_hd__clkbuf_4)
     9    0.08                           net24 (net)
                  0.37    0.02    4.45 ^ _4301_/A (Nand_gate)
                  0.04    0.08    4.53 v _4301_/Y (Nand_gate)
     1    0.00                           _1330_ (net)
                  0.04    0.00    4.53 v _4302_/A (Nand_gate)
                  0.06    0.06    4.59 ^ _4302_/Y (Nand_gate)
     2    0.01                           _1331_ (net)
                  0.06    0.00    4.59 ^ _4306_/A (Nand_gate)
                  0.04    0.05    4.65 v _4306_/Y (Nand_gate)
     1    0.00                           _1335_ (net)
                  0.04    0.00    4.65 v _4309_/A (Nand_gate)
                  0.04    0.05    4.69 ^ _4309_/Y (Nand_gate)
     1    0.00                           _1339_ (net)
                  0.04    0.00    4.69 ^ _4337_/A (Nand_gate)
                  0.03    0.03    4.73 v _4337_/Y (Nand_gate)
     1    0.00                           _1369_ (net)
                  0.03    0.00    4.73 v _4338_/A (sky130_fd_sc_hd__dlymetal6s2s_1)
                  0.31    0.43    5.16 v _4338_/X (sky130_fd_sc_hd__dlymetal6s2s_1)
     2    0.03                           net93 (net)
                  0.31    0.00    5.16 v output93/A (sky130_fd_sc_hd__clkbuf_4)
                  0.14    0.41    5.58 v output93/X (sky130_fd_sc_hd__clkbuf_4)
     1    0.03                           result[31] (net)
                  0.14    0.00    5.58 v result[31] (out)
                                  5.58   data arrival time

                  0.00    0.00    0.00   clock clk (rise edge)
                          0.00    0.00   clock network delay (ideal)
                          0.25    0.25   clock uncertainty
                          0.00    0.25   clock reconvergence pessimism
                         -4.00   -3.75   output external delay
                                 -3.75   data required time
-----------------------------------------------------------------------------
                                 -3.75   data required time
                                 -5.58   data arrival time
-----------------------------------------------------------------------------
                                  9.33   slack (MET)



======================= Typical Corner ===================================

Startpoint: a[26] (input port clocked by clk)
Endpoint: result[27] (output port clocked by clk)
Path Group: clk
Path Type: min
Corner: Typical

Fanout     Cap    Slew   Delay    Time   Description
-----------------------------------------------------------------------------
                  0.00    0.00    0.00   clock clk (rise edge)
                          0.00    0.00   clock network delay (ideal)
                          4.00    4.00 ^ input external delay
                  0.02    0.01    4.01 ^ a[26] (in)
     1    0.00                           a[26] (net)
                  0.02    0.00    4.01 ^ input19/A (sky130_fd_sc_hd__buf_2)
                  0.19    0.19    4.20 ^ input19/X (sky130_fd_sc_hd__buf_2)
     9    0.04                           net19 (net)
                  0.19    0.01    4.21 ^ _4090_/A (Nand_gate)
                  0.06    0.08    4.29 v _4090_/Y (Nand_gate)
     2    0.01                           _1103_ (net)
                  0.06    0.00    4.29 v _4130_/B (Nand_gate)
                  0.04    0.04    4.33 ^ _4130_/Y (Nand_gate)
     1    0.00                           _1146_ (net)
                  0.04    0.00    4.33 ^ _4136_/A (Nand_gate)
                  0.03    0.04    4.37 v _4136_/Y (Nand_gate)
     1    0.00                           _1152_ (net)
                  0.03    0.00    4.37 v _4159_/A (Nand_gate)
                  0.06    0.06    4.43 ^ _4159_/Y (Nand_gate)
     1    0.01                           _1178_ (net)
                  0.06    0.00    4.43 ^ _4160_/B (Nor_gate)
                  0.05    0.06    4.48 v _4160_/Y (Nor_gate)
     2    0.01                           _1179_ (net)
                  0.05    0.00    4.49 v _4161_/A (inverter)
                  0.04    0.04    4.52 ^ _4161_/Y (inverter)
     1    0.00                           net88 (net)
                  0.04    0.00    4.52 ^ output88/A (sky130_fd_sc_hd__buf_2)
                  0.17    0.18    4.71 ^ output88/X (sky130_fd_sc_hd__buf_2)
     1    0.03                           result[27] (net)
                  0.17    0.00    4.71 ^ result[27] (out)
                                  4.71   data arrival time

                  0.00    0.00    0.00   clock clk (rise edge)
                          0.00    0.00   clock network delay (ideal)
                          0.25    0.25   clock uncertainty
                          0.00    0.25   clock reconvergence pessimism
                         -4.00   -3.75   output external delay
                                 -3.75   data required time
-----------------------------------------------------------------------------
                                 -3.75   data required time
                                 -4.71   data arrival time
-----------------------------------------------------------------------------
                                  8.46   slack (MET)


Startpoint: a[24] (input port clocked by clk)
Endpoint: result[25] (output port clocked by clk)
Path Group: clk
Path Type: min
Corner: Typical

Fanout     Cap    Slew   Delay    Time   Description
-----------------------------------------------------------------------------
                  0.00    0.00    0.00   clock clk (rise edge)
                          0.00    0.00   clock network delay (ideal)
                          4.00    4.00 v input external delay
                  0.01    0.00    4.00 v a[24] (in)
     1    0.00                           a[24] (net)
                  0.01    0.00    4.00 v input17/A (sky130_fd_sc_hd__buf_2)
                  0.10    0.17    4.17 v input17/X (sky130_fd_sc_hd__buf_2)
     9    0.04                           net17 (net)
                  0.10    0.00    4.17 v _3976_/A (Nand_gate)
                  0.07    0.08    4.25 ^ _3976_/Y (Nand_gate)
     2    0.01                           _0979_ (net)
                  0.07    0.00    4.25 ^ _4028_/A (Nand_gate)
                  0.04    0.05    4.30 v _4028_/Y (Nand_gate)
     2    0.01                           _1036_ (net)
                  0.04    0.00    4.30 v _4030_/B (Nand_gate)
                  0.03    0.04    4.34 ^ _4030_/Y (Nand_gate)
     1    0.00                           _1038_ (net)
                  0.03    0.00    4.34 ^ _4031_/B (Nand_gate)
                  0.03    0.04    4.38 v _4031_/Y (Nand_gate)
     1    0.00                           _1039_ (net)
                  0.03    0.00    4.38 v _4032_/B (Nor_gate)
                  0.08    0.06    4.44 ^ _4032_/Y (Nor_gate)
     1    0.00                           _1040_ (net)
                  0.08    0.00    4.44 ^ _4066_/A (Nor_gate)
                  0.07    0.07    4.52 v _4066_/Y (Nor_gate)
     2    0.02                           _1077_ (net)
                  0.07    0.00    4.52 v _4067_/A (inverter)
                  0.03    0.03    4.55 ^ _4067_/Y (inverter)
     1    0.00                           net86 (net)
                  0.03    0.00    4.55 ^ output86/A (sky130_fd_sc_hd__buf_2)
                  0.17    0.18    4.73 ^ output86/X (sky130_fd_sc_hd__buf_2)
     1    0.03                           result[25] (net)
                  0.17    0.00    4.74 ^ result[25] (out)
                                  4.74   data arrival time

                  0.00    0.00    0.00   clock clk (rise edge)
                          0.00    0.00   clock network delay (ideal)
                          0.25    0.25   clock uncertainty
                          0.00    0.25   clock reconvergence pessimism
                         -4.00   -3.75   output external delay
                                 -3.75   data required time
-----------------------------------------------------------------------------
                                 -3.75   data required time
                                 -4.74   data arrival time
-----------------------------------------------------------------------------
                                  8.49   slack (MET)


Startpoint: b[22] (input port clocked by clk)
Endpoint: result[22] (output port clocked by clk)
Path Group: clk
Path Type: min
Corner: Typical

Fanout     Cap    Slew   Delay    Time   Description
-----------------------------------------------------------------------------
                  0.00    0.00    0.00   clock clk (rise edge)
                          0.00    0.00   clock network delay (ideal)
                          4.00    4.00 ^ input external delay
                  0.02    0.01    4.01 ^ b[22] (in)
     1    0.00                           b[22] (net)
                  0.02    0.00    4.01 ^ input51/A (sky130_fd_sc_hd__buf_2)
                  0.24    0.22    4.23 ^ input51/X (sky130_fd_sc_hd__buf_2)
     5    0.05                           net51 (net)
                  0.24    0.01    4.24 ^ _3911_/A (Nand_gate)
                  0.04    0.07    4.30 v _3911_/Y (Nand_gate)
     1    0.00                           _0910_ (net)
                  0.04    0.00    4.30 v _3916_/A (Nand_gate)
                  0.04    0.04    4.35 ^ _3916_/Y (Nand_gate)
     1    0.00                           _0915_ (net)
                  0.04    0.00    4.35 ^ _3917_/B (Nor_gate)
                  0.02    0.03    4.37 v _3917_/Y (Nor_gate)
     1    0.00                           _0916_ (net)
                  0.02    0.00    4.37 v _3918_/B (Nand_gate)
                  0.03    0.03    4.40 ^ _3918_/Y (Nand_gate)
     1    0.00                           _0918_ (net)
                  0.03    0.00    4.40 ^ _3919_/B (Nor_gate)
                  0.12    0.10    4.50 v _3919_/Y (Nor_gate)
     2    0.03                           _0919_ (net)
                  0.12    0.00    4.50 v _3920_/A (inverter)
                  0.05    0.06    4.56 ^ _3920_/Y (inverter)
     1    0.00                           net83 (net)
                  0.05    0.00    4.56 ^ output83/A (sky130_fd_sc_hd__clkbuf_4)
                  0.11    0.18    4.74 ^ output83/X (sky130_fd_sc_hd__clkbuf_4)
     1    0.04                           result[22] (net)
                  0.11    0.00    4.74 ^ result[22] (out)
                                  4.74   data arrival time

                  0.00    0.00    0.00   clock clk (rise edge)
                          0.00    0.00   clock network delay (ideal)
                          0.25    0.25   clock uncertainty
                          0.00    0.25   clock reconvergence pessimism
                         -4.00   -3.75   output external delay
                                 -3.75   data required time
-----------------------------------------------------------------------------
                                 -3.75   data required time
                                 -4.74   data arrival time
-----------------------------------------------------------------------------
                                  8.49   slack (MET)


Startpoint: b[8] (input port clocked by clk)
Endpoint: result[8] (output port clocked by clk)
Path Group: clk
Path Type: min
Corner: Typical

Fanout     Cap    Slew   Delay    Time   Description
-----------------------------------------------------------------------------
                  0.00    0.00    0.00   clock clk (rise edge)
                          0.00    0.00   clock network delay (ideal)
                          4.00    4.00 v input external delay
                  0.01    0.00    4.00 v b[8] (in)
     1    0.00                           b[8] (net)
                  0.01    0.00    4.00 v input67/A (sky130_fd_sc_hd__buf_2)
                  0.12    0.18    4.18 v input67/X (sky130_fd_sc_hd__buf_2)
     7    0.05                           net67 (net)
                  0.12    0.01    4.19 v _3140_/A (inverter)
                  0.04    0.05    4.24 ^ _3140_/Y (inverter)
     1    0.00                           _0076_ (net)
                  0.04    0.00    4.24 ^ _3141_/A (Nor_gate)
                  0.02    0.03    4.26 v _3141_/Y (Nor_gate)
     1    0.00                           _0077_ (net)
                  0.02    0.00    4.26 v _3147_/A (Nor_gate)
                  0.07    0.07    4.34 ^ _3147_/Y (Nor_gate)
     1    0.00                           _0083_ (net)
                  0.07    0.00    4.34 ^ _3148_/B (Nand_gate)
                  0.03    0.04    4.38 v _3148_/Y (Nand_gate)
     1    0.00                           _0085_ (net)
                  0.03    0.00    4.38 v _3149_/B (Nor_gate)
                  0.07    0.06    4.44 ^ _3149_/Y (Nor_gate)
     1    0.00                           _0086_ (net)
                  0.07    0.00    4.44 ^ _3150_/B (Nand_gate)
                  0.03    0.04    4.48 v _3150_/Y (Nand_gate)
     1    0.00                           _0087_ (net)
                  0.03    0.00    4.48 v _3151_/A (sky130_fd_sc_hd__buf_1)
                  0.05    0.10    4.58 v _3151_/X (sky130_fd_sc_hd__buf_1)
     2    0.01                           net99 (net)
                  0.05    0.00    4.58 v output99/A (sky130_fd_sc_hd__clkbuf_4)
                  0.08    0.18    4.75 v output99/X (sky130_fd_sc_hd__clkbuf_4)
     1    0.03                           result[8] (net)
                  0.08    0.00    4.76 v result[8] (out)
                                  4.76   data arrival time

                  0.00    0.00    0.00   clock clk (rise edge)
                          0.00    0.00   clock network delay (ideal)
                          0.25    0.25   clock uncertainty
                          0.00    0.25   clock reconvergence pessimism
                         -4.00   -3.75   output external delay
                                 -3.75   data required time
-----------------------------------------------------------------------------
                                 -3.75   data required time
                                 -4.76   data arrival time
-----------------------------------------------------------------------------
                                  8.51   slack (MET)


Startpoint: a[12] (input port clocked by clk)
Endpoint: result[13] (output port clocked by clk)
Path Group: clk
Path Type: min
Corner: Typical

Fanout     Cap    Slew   Delay    Time   Description
-----------------------------------------------------------------------------
                  0.00    0.00    0.00   clock clk (rise edge)
                          0.00    0.00   clock network delay (ideal)
                          4.00    4.00 v input external delay
                  0.01    0.00    4.00 v a[12] (in)
     1    0.00                           a[12] (net)
                  0.01    0.00    4.00 v input4/A (sky130_fd_sc_hd__buf_1)
                  0.07    0.10    4.10 v input4/X (sky130_fd_sc_hd__buf_1)
     2    0.01                           net4 (net)
                  0.07    0.00    4.11 v _2385_/A (inverter)
                  0.25    0.18    4.29 ^ _2385_/Y (inverter)
     3    0.03                           _1494_ (net)
                  0.25    0.00    4.29 ^ _3410_/A (Nor_gate)
                  0.03    0.08    4.37 v _3410_/Y (Nor_gate)
     2    0.01                           _0368_ (net)
                  0.03    0.00    4.37 v _3411_/B (Nand_gate)
                  0.07    0.06    4.42 ^ _3411_/Y (Nand_gate)
     2    0.01                           _0369_ (net)
                  0.07    0.00    4.43 ^ _3415_/A (Nand_gate)
                  0.03    0.04    4.47 v _3415_/Y (Nand_gate)
     1    0.00                           _0373_ (net)
                  0.03    0.00    4.47 v _3451_/A (Nand_gate)
                  0.03    0.04    4.50 ^ _3451_/Y (Nand_gate)
     1    0.00                           _0413_ (net)
                  0.03    0.00    4.51 ^ _3452_/B (Nor_gate)
                  0.05    0.05    4.55 v _3452_/Y (Nor_gate)
     2    0.01                           _0414_ (net)
                  0.05    0.00    4.55 v _3453_/A (inverter)
                  0.04    0.04    4.59 ^ _3453_/Y (inverter)
     1    0.00                           net73 (net)
                  0.04    0.00    4.59 ^ output73/A (sky130_fd_sc_hd__clkbuf_4)
                  0.11    0.17    4.76 ^ output73/X (sky130_fd_sc_hd__clkbuf_4)
     1    0.03                           result[13] (net)
                  0.11    0.00    4.77 ^ result[13] (out)
                                  4.77   data arrival time

                  0.00    0.00    0.00   clock clk (rise edge)
                          0.00    0.00   clock network delay (ideal)
                          0.25    0.25   clock uncertainty
                          0.00    0.25   clock reconvergence pessimism
                         -4.00   -3.75   output external delay
                                 -3.75   data required time
-----------------------------------------------------------------------------
                                 -3.75   data required time
                                 -4.77   data arrival time
-----------------------------------------------------------------------------
                                  8.52   slack (MET)


Startpoint: b[20] (input port clocked by clk)
Endpoint: result[20] (output port clocked by clk)
Path Group: clk
Path Type: min
Corner: Typical

Fanout     Cap    Slew   Delay    Time   Description
-----------------------------------------------------------------------------
                  0.00    0.00    0.00   clock clk (rise edge)
                          0.00    0.00   clock network delay (ideal)
                          4.00    4.00 ^ input external delay
                  0.02    0.01    4.01 ^ b[20] (in)
     1    0.00                           b[20] (net)
                  0.02    0.00    4.01 ^ input49/A (sky130_fd_sc_hd__buf_2)
                  0.22    0.21    4.22 ^ input49/X (sky130_fd_sc_hd__buf_2)
     7    0.04                           net49 (net)
                  0.22    0.01    4.22 ^ _3817_/A (Nand_gate)
                  0.04    0.06    4.29 v _3817_/Y (Nand_gate)
     1    0.00                           _0808_ (net)
                  0.04    0.00    4.29 v _3822_/A (Nand_gate)
                  0.04    0.04    4.33 ^ _3822_/Y (Nand_gate)
     1    0.00                           _0814_ (net)
                  0.04    0.00    4.33 ^ _3823_/B (Nor_gate)
                  0.03    0.03    4.36 v _3823_/Y (Nor_gate)
     1    0.01                           _0815_ (net)
                  0.03    0.00    4.36 v _3824_/B (Nand_gate)
                  0.04    0.04    4.40 ^ _3824_/Y (Nand_gate)
     1    0.00                           _0816_ (net)
                  0.04    0.00    4.40 ^ _3825_/B (Nor_gate)
                  0.12    0.09    4.49 v _3825_/Y (Nor_gate)
     2    0.03                           _0817_ (net)
                  0.12    0.00    4.50 v _3826_/A (inverter)
                  0.08    0.08    4.58 ^ _3826_/Y (inverter)
     1    0.01                           net81 (net)
                  0.08    0.00    4.58 ^ output81/A (sky130_fd_sc_hd__clkbuf_4)
                  0.11    0.19    4.77 ^ output81/X (sky130_fd_sc_hd__clkbuf_4)
     1    0.03                           result[20] (net)
                  0.11    0.00    4.77 ^ result[20] (out)
                                  4.77   data arrival time

                  0.00    0.00    0.00   clock clk (rise edge)
                          0.00    0.00   clock network delay (ideal)
                          0.25    0.25   clock uncertainty
                          0.00    0.25   clock reconvergence pessimism
                         -4.00   -3.75   output external delay
                                 -3.75   data required time
-----------------------------------------------------------------------------
                                 -3.75   data required time
                                 -4.77   data arrival time
-----------------------------------------------------------------------------
                                  8.52   slack (MET)


Startpoint: a[2] (input port clocked by clk)
Endpoint: result[2] (output port clocked by clk)
Path Group: clk
Path Type: min
Corner: Typical

Fanout     Cap    Slew   Delay    Time   Description
-----------------------------------------------------------------------------
                  0.00    0.00    0.00   clock clk (rise edge)
                          0.00    0.00   clock network delay (ideal)
                          4.00    4.00 v input external delay
                  0.01    0.00    4.00 v a[2] (in)
     1    0.00                           a[2] (net)
                  0.01    0.00    4.00 v input23/A (sky130_fd_sc_hd__clkbuf_2)
                  0.14    0.17    4.17 v input23/X (sky130_fd_sc_hd__clkbuf_2)
     4    0.04                           net23 (net)
                  0.14    0.00    4.18 v _2709_/A (Xnor)
                  0.21    0.18    4.35 ^ _2709_/Y (Xnor)
     4    0.01                           _1816_ (net)
                  0.21    0.00    4.36 ^ _2710_/B (Nor_gate)
                  0.05    0.06    4.42 v _2710_/Y (Nor_gate)
     2    0.01                           _1817_ (net)
                  0.05    0.00    4.42 v _2713_/A (Nor_gate)
                  0.08    0.08    4.50 ^ _2713_/Y (Nor_gate)
     1    0.00                           _1820_ (net)
                  0.08    0.00    4.50 ^ _2781_/A (Nor_gate)
                  0.08    0.08    4.58 v _2781_/Y (Nor_gate)
     2    0.02                           _1888_ (net)
                  0.08    0.00    4.58 v _2782_/A (inverter)
                  0.03    0.04    4.62 ^ _2782_/Y (inverter)
     1    0.00                           net91 (net)
                  0.03    0.00    4.62 ^ output91/A (sky130_fd_sc_hd__clkbuf_4)
                  0.11    0.17    4.79 ^ output91/X (sky130_fd_sc_hd__clkbuf_4)
     1    0.03                           result[2] (net)
                  0.11    0.00    4.79 ^ result[2] (out)
                                  4.79   data arrival time

                  0.00    0.00    0.00   clock clk (rise edge)
                          0.00    0.00   clock network delay (ideal)
                          0.25    0.25   clock uncertainty
                          0.00    0.25   clock reconvergence pessimism
                         -4.00   -3.75   output external delay
                                 -3.75   data required time
-----------------------------------------------------------------------------
                                 -3.75   data required time
                                 -4.79   data arrival time
-----------------------------------------------------------------------------
                                  8.54   slack (MET)


Startpoint: b[21] (input port clocked by clk)
Endpoint: result[21] (output port clocked by clk)
Path Group: clk
Path Type: min
Corner: Typical

Fanout     Cap    Slew   Delay    Time   Description
-----------------------------------------------------------------------------
                  0.00    0.00    0.00   clock clk (rise edge)
                          0.00    0.00   clock network delay (ideal)
                          4.00    4.00 ^ input external delay
                  0.02    0.01    4.01 ^ b[21] (in)
     1    0.00                           b[21] (net)
                  0.02    0.00    4.01 ^ input50/A (sky130_fd_sc_hd__dlymetal6s2s_1)
                  0.22    0.19    4.20 ^ input50/X (sky130_fd_sc_hd__dlymetal6s2s_1)
     5    0.02                           net50 (net)
                  0.22    0.00    4.21 ^ _2204_/B (Nor_gate)
                  0.04    0.07    4.27 v _2204_/Y (Nor_gate)
     2    0.01                           _0398_ (net)
                  0.04    0.00    4.27 v _3863_/A (Nor_gate)
                  0.07    0.07    4.34 ^ _3863_/Y (Nor_gate)
     1    0.00                           _0858_ (net)
                  0.07    0.00    4.34 ^ _3864_/B (Nor_gate)
                  0.02    0.03    4.37 v _3864_/Y (Nor_gate)
     1    0.00                           _0859_ (net)
                  0.02    0.00    4.37 v _3865_/B (Nand_gate)
                  0.04    0.03    4.41 ^ _3865_/Y (Nand_gate)
     1    0.00                           _0860_ (net)
                  0.04    0.00    4.41 ^ _3866_/B (Nor_gate)
                  0.02    0.03    4.43 v _3866_/Y (Nor_gate)
     1    0.00                           _0861_ (net)
                  0.02    0.00    4.43 v _3867_/A (inverter)
                  0.03    0.03    4.46 ^ _3867_/Y (inverter)
     1    0.00                           _0862_ (net)
                  0.03    0.00    4.46 ^ _3868_/B (Nor_gate)
                  0.12    0.10    4.55 v _3868_/Y (Nor_gate)
     2    0.03                           _0864_ (net)
                  0.12    0.00    4.56 v _3869_/A (inverter)
                  0.06    0.06    4.62 ^ _3869_/Y (inverter)
     1    0.01                           net82 (net)
                  0.06    0.00    4.62 ^ output82/A (sky130_fd_sc_hd__clkbuf_4)
                  0.11    0.18    4.80 ^ output82/X (sky130_fd_sc_hd__clkbuf_4)
     1    0.03                           result[21] (net)
                  0.11    0.00    4.80 ^ result[21] (out)
                                  4.80   data arrival time

                  0.00    0.00    0.00   clock clk (rise edge)
                          0.00    0.00   clock network delay (ideal)
                          0.25    0.25   clock uncertainty
                          0.00    0.25   clock reconvergence pessimism
                         -4.00   -3.75   output external delay
                                 -3.75   data required time
-----------------------------------------------------------------------------
                                 -3.75   data required time
                                 -4.80   data arrival time
-----------------------------------------------------------------------------
                                  8.55   slack (MET)


Startpoint: b[23] (input port clocked by clk)
Endpoint: result[23] (output port clocked by clk)
Path Group: clk
Path Type: min
Corner: Typical

Fanout     Cap    Slew   Delay    Time   Description
-----------------------------------------------------------------------------
                  0.00    0.00    0.00   clock clk (rise edge)
                          0.00    0.00   clock network delay (ideal)
                          4.00    4.00 ^ input external delay
                  0.02    0.01    4.01 ^ b[23] (in)
     1    0.00                           b[23] (net)
                  0.02    0.00    4.01 ^ input52/A (sky130_fd_sc_hd__buf_2)
                  0.25    0.22    4.23 ^ input52/X (sky130_fd_sc_hd__buf_2)
     5    0.05                           net52 (net)
                  0.25    0.01    4.24 ^ _3948_/A (Nand_gate)
                  0.04    0.07    4.32 v _3948_/Y (Nand_gate)
     1    0.00                           _0950_ (net)
                  0.04    0.00    4.32 v _3953_/A (Nand_gate)
                  0.03    0.04    4.36 ^ _3953_/Y (Nand_gate)
     1    0.00                           _0955_ (net)
                  0.03    0.00    4.36 ^ _3954_/B (Nor_gate)
                  0.02    0.02    4.38 v _3954_/Y (Nor_gate)
     1    0.00                           _0956_ (net)
                  0.02    0.00    4.38 v _3955_/B (Nand_gate)
                  0.07    0.06    4.44 ^ _3955_/Y (Nand_gate)
     1    0.01                           _0957_ (net)
                  0.07    0.00    4.44 ^ _3956_/B (Nor_gate)
                  0.07    0.07    4.51 v _3956_/Y (Nor_gate)
     2    0.01                           _0958_ (net)
                  0.07    0.00    4.51 v _3957_/A (inverter)
                  0.12    0.09    4.60 ^ _3957_/Y (inverter)
     1    0.01                           net84 (net)
                  0.12    0.00    4.60 ^ output84/A (sky130_fd_sc_hd__clkbuf_4)
                  0.11    0.20    4.80 ^ output84/X (sky130_fd_sc_hd__clkbuf_4)
     1    0.03                           result[23] (net)
                  0.11    0.00    4.80 ^ result[23] (out)
                                  4.80   data arrival time

                  0.00    0.00    0.00   clock clk (rise edge)
                          0.00    0.00   clock network delay (ideal)
                          0.25    0.25   clock uncertainty
                          0.00    0.25   clock reconvergence pessimism
                         -4.00   -3.75   output external delay
                                 -3.75   data required time
-----------------------------------------------------------------------------
                                 -3.75   data required time
                                 -4.80   data arrival time
-----------------------------------------------------------------------------
                                  8.55   slack (MET)


Startpoint: b[18] (input port clocked by clk)
Endpoint: result[18] (output port clocked by clk)
Path Group: clk
Path Type: min
Corner: Typical

Fanout     Cap    Slew   Delay    Time   Description
-----------------------------------------------------------------------------
                  0.00    0.00    0.00   clock clk (rise edge)
                          0.00    0.00   clock network delay (ideal)
                          4.00    4.00 ^ input external delay
                  0.02    0.01    4.01 ^ b[18] (in)
     1    0.00                           b[18] (net)
                  0.02    0.00    4.01 ^ input46/A (sky130_fd_sc_hd__buf_2)
                  0.26    0.23    4.24 ^ input46/X (sky130_fd_sc_hd__buf_2)
     7    0.05                           net46 (net)
                  0.26    0.01    4.25 ^ _3722_/A (Nand_gate)
                  0.04    0.07    4.32 v _3722_/Y (Nand_gate)
     1    0.00                           _0706_ (net)
                  0.04    0.00    4.32 v _3723_/B (Nand_gate)
                  0.03    0.03    4.35 ^ _3723_/Y (Nand_gate)
     1    0.00                           _0707_ (net)
                  0.03    0.00    4.35 ^ _3724_/B (Nor_gate)
                  0.02    0.02    4.38 v _3724_/Y (Nor_gate)
     1    0.00                           _0708_ (net)
                  0.02    0.00    4.38 v _3725_/B (Nand_gate)
                  0.03    0.03    4.41 ^ _3725_/Y (Nand_gate)
     1    0.00                           _0709_ (net)
                  0.03    0.00    4.41 ^ _3726_/B (Nor_gate)
                  0.04    0.04    4.45 v _3726_/Y (Nor_gate)
     1    0.01                           _0710_ (net)
                  0.04    0.00    4.45 v _3727_/B (Nand_gate)
                  0.03    0.03    4.48 ^ _3727_/Y (Nand_gate)
     1    0.00                           _0711_ (net)
                  0.03    0.00    4.48 ^ _3728_/B (Nor_gate)
                  0.14    0.11    4.58 v _3728_/Y (Nor_gate)
     2    0.03                           _0713_ (net)
                  0.14    0.01    4.59 v _3729_/A (inverter)
                  0.04    0.05    4.64 ^ _3729_/Y (inverter)
     1    0.00                           net78 (net)
                  0.04    0.00    4.64 ^ output78/A (sky130_fd_sc_hd__clkbuf_4)
                  0.11    0.17    4.81 ^ output78/X (sky130_fd_sc_hd__clkbuf_4)
     1    0.03                           result[18] (net)
                  0.11    0.00    4.81 ^ result[18] (out)
                                  4.81   data arrival time

                  0.00    0.00    0.00   clock clk (rise edge)
                          0.00    0.00   clock network delay (ideal)
                          0.25    0.25   clock uncertainty
                          0.00    0.25   clock reconvergence pessimism
                         -4.00   -3.75   output external delay
                                 -3.75   data required time
-----------------------------------------------------------------------------
                                 -3.75   data required time
                                 -4.81   data arrival time
-----------------------------------------------------------------------------
                                  8.56   slack (MET)


Startpoint: a[7] (input port clocked by clk)
Endpoint: result[7] (output port clocked by clk)
Path Group: clk
Path Type: min
Corner: Typical

Fanout     Cap    Slew   Delay    Time   Description
-----------------------------------------------------------------------------
                  0.00    0.00    0.00   clock clk (rise edge)
                          0.00    0.00   clock network delay (ideal)
                          4.00    4.00 v input external delay
                  0.01    0.00    4.00 v a[7] (in)
     1    0.00                           a[7] (net)
                  0.01    0.00    4.00 v input30/A (sky130_fd_sc_hd__dlymetal6s2s_1)
                  0.12    0.19    4.19 v input30/X (sky130_fd_sc_hd__dlymetal6s2s_1)
     3    0.02                           net30 (net)
                  0.12    0.00    4.19 v _3065_/A (Nand_gate)
                  0.08    0.09    4.28 ^ _3065_/Y (Nand_gate)
     3    0.01                           _2167_ (net)
                  0.08    0.00    4.28 ^ _3068_/A (Nand_gate)
                  0.04    0.05    4.33 v _3068_/Y (Nand_gate)
     1    0.00                           _0000_ (net)
                  0.04    0.00    4.33 v _3077_/A (Nand_gate)
                  0.03    0.04    4.37 ^ _3077_/Y (Nand_gate)
     1    0.00                           _0009_ (net)
                  0.03    0.00    4.37 ^ _3078_/B (Nor_gate)
                  0.02    0.02    4.39 v _3078_/Y (Nor_gate)
     1    0.00                           _0010_ (net)
                  0.02    0.00    4.39 v _3079_/A (inverter)
                  0.03    0.03    4.42 ^ _3079_/Y (inverter)
     1    0.00                           _0011_ (net)
                  0.03    0.00    4.42 ^ _3080_/B (Nor_gate)
                  0.05    0.05    4.47 v _3080_/Y (Nor_gate)
     2    0.01                           _0012_ (net)
                  0.05    0.00    4.47 v _3081_/A (inverter)
                  0.17    0.12    4.59 ^ _3081_/Y (inverter)
     1    0.02                           net98 (net)
                  0.17    0.00    4.60 ^ output98/A (sky130_fd_sc_hd__clkbuf_4)
                  0.11    0.22    4.81 ^ output98/X (sky130_fd_sc_hd__clkbuf_4)
     1    0.03                           result[7] (net)
                  0.11    0.00    4.81 ^ result[7] (out)
                                  4.81   data arrival time

                  0.00    0.00    0.00   clock clk (rise edge)
                          0.00    0.00   clock network delay (ideal)
                          0.25    0.25   clock uncertainty
                          0.00    0.25   clock reconvergence pessimism
                         -4.00   -3.75   output external delay
                                 -3.75   data required time
-----------------------------------------------------------------------------
                                 -3.75   data required time
                                 -4.81   data arrival time
-----------------------------------------------------------------------------
                                  8.56   slack (MET)


Startpoint: b[30] (input port clocked by clk)
Endpoint: result[30] (output port clocked by clk)
Path Group: clk
Path Type: min
Corner: Typical

Fanout     Cap    Slew   Delay    Time   Description
-----------------------------------------------------------------------------
                  0.00    0.00    0.00   clock clk (rise edge)
                          0.00    0.00   clock network delay (ideal)
                          4.00    4.00 ^ input external delay
                  0.02    0.01    4.01 ^ b[30] (in)
     1    0.00                           b[30] (net)
                  0.02    0.00    4.01 ^ input60/A (sky130_fd_sc_hd__clkbuf_2)
                  0.16    0.17    4.18 ^ input60/X (sky130_fd_sc_hd__clkbuf_2)
     4    0.03                           net60 (net)
                  0.16    0.00    4.18 ^ _4292_/A (Nand_gate)
                  0.04    0.06    4.24 v _4292_/Y (Nand_gate)
     1    0.00                           _1321_ (net)
                  0.04    0.00    4.24 v _4293_/B (Nand_gate)
                  0.03    0.03    4.28 ^ _4293_/Y (Nand_gate)
     1    0.00                           _1322_ (net)
                  0.03    0.00    4.28 ^ _4294_/B (Nor_gate)
                  0.02    0.02    4.30 v _4294_/Y (Nor_gate)
     1    0.00                           _1323_ (net)
                  0.02    0.00    4.30 v _4295_/A (inverter)
                  0.03    0.03    4.33 ^ _4295_/Y (inverter)
     1    0.00                           _1324_ (net)
                  0.03    0.00    4.33 ^ _4296_/B (Nor_gate)
                  0.02    0.02    4.35 v _4296_/Y (Nor_gate)
     1    0.00                           _1325_ (net)
                  0.02    0.00    4.35 v _4297_/B (Nand_gate)
                  0.05    0.04    4.40 ^ _4297_/Y (Nand_gate)
     1    0.01                           _1326_ (net)
                  0.05    0.00    4.40 ^ _4298_/B (Nor_gate)
                  0.04    0.04    4.44 v _4298_/Y (Nor_gate)
     1    0.01                           _1328_ (net)
                  0.04    0.00    4.44 v _4299_/B (Nand_gate)
                  0.03    0.04    4.48 ^ _4299_/Y (Nand_gate)
     1    0.00                           _1329_ (net)
                  0.03    0.00    4.48 ^ _4300_/A (sky130_fd_sc_hd__buf_1)
                  0.13    0.13    4.61 ^ _4300_/X (sky130_fd_sc_hd__buf_1)
     2    0.01                           net92 (net)
                  0.13    0.00    4.61 ^ output92/A (sky130_fd_sc_hd__clkbuf_4)
                  0.11    0.21    4.81 ^ output92/X (sky130_fd_sc_hd__clkbuf_4)
     1    0.03                           result[30] (net)
                  0.11    0.00    4.82 ^ result[30] (out)
                                  4.82   data arrival time

                  0.00    0.00    0.00   clock clk (rise edge)
                          0.00    0.00   clock network delay (ideal)
                          0.25    0.25   clock uncertainty
                          0.00    0.25   clock reconvergence pessimism
                         -4.00   -3.75   output external delay
                                 -3.75   data required time
-----------------------------------------------------------------------------
                                 -3.75   data required time
                                 -4.82   data arrival time
-----------------------------------------------------------------------------
                                  8.57   slack (MET)


Startpoint: alu_control[2] (input port clocked by clk)
Endpoint: result[0] (output port clocked by clk)
Path Group: clk
Path Type: min
Corner: Typical

Fanout     Cap    Slew   Delay    Time   Description
-----------------------------------------------------------------------------
                  0.00    0.00    0.00   clock clk (rise edge)
                          0.00    0.00   clock network delay (ideal)
                          4.00    4.00 v input external delay
                  0.01    0.00    4.00 v alu_control[2] (in)
     1    0.00                           alu_control[2] (net)
                  0.01    0.00    4.00 v input35/A (sky130_fd_sc_hd__clkbuf_2)
                  0.15    0.17    4.17 v input35/X (sky130_fd_sc_hd__clkbuf_2)
     5    0.04                           net35 (net)
                  0.15    0.01    4.18 v _2491_/A (Nand_gate)
                  0.06    0.08    4.26 ^ _2491_/Y (Nand_gate)
     2    0.01                           _1600_ (net)
                  0.06    0.00    4.26 ^ _2492_/B (Nor_gate)
                  0.02    0.03    4.29 v _2492_/Y (Nor_gate)
     1    0.00                           _1601_ (net)
                  0.02    0.00    4.29 v _2493_/B (Nand_gate)
                  0.03    0.03    4.32 ^ _2493_/Y (Nand_gate)
     1    0.00                           _1602_ (net)
                  0.03    0.00    4.32 ^ _2494_/B (Nor_gate)
                  0.02    0.02    4.35 v _2494_/Y (Nor_gate)
     1    0.00                           _1603_ (net)
                  0.02    0.00    4.35 v _2495_/B (Nand_gate)
                  0.04    0.03    4.38 ^ _2495_/Y (Nand_gate)
     1    0.00                           _1604_ (net)
                  0.04    0.00    4.38 ^ _2602_/A (Nand_gate)
                  0.04    0.04    4.42 v _2602_/Y (Nand_gate)
     1    0.00                           _1711_ (net)
                  0.04    0.00    4.42 v _2603_/A (sky130_fd_sc_hd__clkbuf_2)
                  0.14    0.18    4.60 v _2603_/X (sky130_fd_sc_hd__clkbuf_2)
     2    0.04                           net69 (net)
                  0.14    0.00    4.61 v output69/A (sky130_fd_sc_hd__clkbuf_4)
                  0.08    0.21    4.82 v output69/X (sky130_fd_sc_hd__clkbuf_4)
     1    0.03                           result[0] (net)
                  0.08    0.00    4.82 v result[0] (out)
                                  4.82   data arrival time

                  0.00    0.00    0.00   clock clk (rise edge)
                          0.00    0.00   clock network delay (ideal)
                          0.25    0.25   clock uncertainty
                          0.00    0.25   clock reconvergence pessimism
                         -4.00   -3.75   output external delay
                                 -3.75   data required time
-----------------------------------------------------------------------------
                                 -3.75   data required time
                                 -4.82   data arrival time
-----------------------------------------------------------------------------
                                  8.57   slack (MET)


Startpoint: a[11] (input port clocked by clk)
Endpoint: result[11] (output port clocked by clk)
Path Group: clk
Path Type: min
Corner: Typical

Fanout     Cap    Slew   Delay    Time   Description
-----------------------------------------------------------------------------
                  0.00    0.00    0.00   clock clk (rise edge)
                          0.00    0.00   clock network delay (ideal)
                          4.00    4.00 v input external delay
                  0.01    0.01    4.01 v a[11] (in)
     1    0.00                           a[11] (net)
                  0.01    0.00    4.01 v input3/A (sky130_fd_sc_hd__buf_2)
                  0.10    0.17    4.17 v input3/X (sky130_fd_sc_hd__buf_2)
     5    0.04                           net3 (net)
                  0.10    0.01    4.18 v _3273_/A (Xnor)
                  0.17    0.15    4.33 ^ _3273_/Y (Xnor)
     3    0.01                           _0219_ (net)
                  0.17    0.00    4.33 ^ _3276_/A (Nor_gate)
                  0.03    0.05    4.38 v _3276_/Y (Nor_gate)
     1    0.00                           _0222_ (net)
                  0.03    0.00    4.38 v _3279_/A (Nor_gate)
                  0.09    0.08    4.46 ^ _3279_/Y (Nor_gate)
     1    0.00                           _0226_ (net)
                  0.09    0.00    4.46 ^ _3326_/A (Nor_gate)
                  0.15    0.13    4.60 v _3326_/Y (Nor_gate)
     2    0.04                           _0277_ (net)
                  0.15    0.00    4.60 v _3327_/A (inverter)
                  0.04    0.05    4.65 ^ _3327_/Y (inverter)
     1    0.00                           net71 (net)
                  0.04    0.00    4.65 ^ output71/A (sky130_fd_sc_hd__clkbuf_4)
                  0.11    0.18    4.82 ^ output71/X (sky130_fd_sc_hd__clkbuf_4)
     1    0.03                           result[11] (net)
                  0.11    0.00    4.83 ^ result[11] (out)
                                  4.83   data arrival time

                  0.00    0.00    0.00   clock clk (rise edge)
                          0.00    0.00   clock network delay (ideal)
                          0.25    0.25   clock uncertainty
                          0.00    0.25   clock reconvergence pessimism
                         -4.00   -3.75   output external delay
                                 -3.75   data required time
-----------------------------------------------------------------------------
                                 -3.75   data required time
                                 -4.83   data arrival time
-----------------------------------------------------------------------------
                                  8.58   slack (MET)


Startpoint: a[4] (input port clocked by clk)
Endpoint: result[5] (output port clocked by clk)
Path Group: clk
Path Type: min
Corner: Typical

Fanout     Cap    Slew   Delay    Time   Description
-----------------------------------------------------------------------------
                  0.00    0.00    0.00   clock clk (rise edge)
                          0.00    0.00   clock network delay (ideal)
                          4.00    4.00 ^ input external delay
                  0.02    0.01    4.01 ^ a[4] (in)
     1    0.00                           a[4] (net)
                  0.02    0.00    4.01 ^ input27/A (sky130_fd_sc_hd__clkbuf_4)
                  0.16    0.20    4.21 ^ input27/X (sky130_fd_sc_hd__clkbuf_4)
     9    0.05                           net27 (net)
                  0.16    0.01    4.22 ^ _2864_/A (Nand_gate)
                  0.08    0.10    4.31 v _2864_/Y (Nand_gate)
     3    0.01                           _1969_ (net)
                  0.08    0.00    4.31 v _2923_/A (Nand_gate)
                  0.05    0.06    4.38 ^ _2923_/Y (Nand_gate)
     2    0.01                           _2027_ (net)
                  0.05    0.00    4.38 ^ _2924_/B (Nand_gate)
                  0.03    0.04    4.42 v _2924_/Y (Nand_gate)
     1    0.00                           _2028_ (net)
                  0.03    0.00    4.42 v _2927_/A (Nand_gate)
                  0.03    0.04    4.46 ^ _2927_/Y (Nand_gate)
     1    0.00                           _2031_ (net)
                  0.03    0.00    4.46 ^ _2964_/A (Nand_gate)
                  0.03    0.04    4.50 v _2964_/Y (Nand_gate)
     1    0.00                           _2068_ (net)
                  0.03    0.00    4.50 v _2965_/A (sky130_fd_sc_hd__buf_1)
                  0.10    0.13    4.63 v _2965_/X (sky130_fd_sc_hd__buf_1)
     2    0.02                           net96 (net)
                  0.10    0.00    4.63 v output96/A (sky130_fd_sc_hd__buf_2)
                  0.09    0.19    4.83 v output96/X (sky130_fd_sc_hd__buf_2)
     1    0.03                           result[5] (net)
                  0.09    0.00    4.83 v result[5] (out)
                                  4.83   data arrival time

                  0.00    0.00    0.00   clock clk (rise edge)
                          0.00    0.00   clock network delay (ideal)
                          0.25    0.25   clock uncertainty
                          0.00    0.25   clock reconvergence pessimism
                         -4.00   -3.75   output external delay
                                 -3.75   data required time
-----------------------------------------------------------------------------
                                 -3.75   data required time
                                 -4.83   data arrival time
-----------------------------------------------------------------------------
                                  8.58   slack (MET)


Startpoint: a[1] (input port clocked by clk)
Endpoint: result[1] (output port clocked by clk)
Path Group: clk
Path Type: min
Corner: Typical

Fanout     Cap    Slew   Delay    Time   Description
-----------------------------------------------------------------------------
                  0.00    0.00    0.00   clock clk (rise edge)
                          0.00    0.00   clock network delay (ideal)
                          4.00    4.00 ^ input external delay
                  0.02    0.01    4.01 ^ a[1] (in)
     1    0.00                           a[1] (net)
                  0.02    0.00    4.01 ^ input12/A (sky130_fd_sc_hd__clkbuf_4)
                  0.24    0.24    4.25 ^ input12/X (sky130_fd_sc_hd__clkbuf_4)
     9    0.08                           net12 (net)
                  0.24    0.02    4.27 ^ _2321_/A (inverter)
                  0.07    0.08    4.34 v _2321_/Y (inverter)
     2    0.01                           _1430_ (net)
                  0.07    0.00    4.35 v _2684_/A (Nor_gate)
                  0.07    0.08    4.42 ^ _2684_/Y (Nor_gate)
     1    0.00                           _1792_ (net)
                  0.07    0.00    4.42 ^ _2685_/B (Nor_gate)
                  0.02    0.03    4.46 v _2685_/Y (Nor_gate)
     1    0.00                           _1793_ (net)
                  0.02    0.00    4.46 v _2698_/A (Nand_gate)
                  0.03    0.04    4.49 ^ _2698_/Y (Nand_gate)
     1    0.00                           _1806_ (net)
                  0.03    0.00    4.49 ^ _2699_/B (Nor_gate)
                  0.02    0.02    4.52 v _2699_/Y (Nor_gate)
     1    0.00                           _1807_ (net)
                  0.02    0.00    4.52 v _2700_/B (Nand_gate)
                  0.03    0.03    4.55 ^ _2700_/Y (Nand_gate)
     1    0.00                           _1808_ (net)
                  0.03    0.00    4.55 ^ _2701_/B (Nor_gate)
                  0.08    0.07    4.62 v _2701_/Y (Nor_gate)
     2    0.02                           _1809_ (net)
                  0.08    0.00    4.62 v _2702_/A (inverter)
                  0.04    0.04    4.66 ^ _2702_/Y (inverter)
     1    0.00                           net80 (net)
                  0.04    0.00    4.66 ^ output80/A (sky130_fd_sc_hd__clkbuf_4)
                  0.11    0.17    4.83 ^ output80/X (sky130_fd_sc_hd__clkbuf_4)
     1    0.03                           result[1] (net)
                  0.11    0.00    4.83 ^ result[1] (out)
                                  4.83   data arrival time

                  0.00    0.00    0.00   clock clk (rise edge)
                          0.00    0.00   clock network delay (ideal)
                          0.25    0.25   clock uncertainty
                          0.00    0.25   clock reconvergence pessimism
                         -4.00   -3.75   output external delay
                                 -3.75   data required time
-----------------------------------------------------------------------------
                                 -3.75   data required time
                                 -4.83   data arrival time
-----------------------------------------------------------------------------
                                  8.58   slack (MET)


Startpoint: a[28] (input port clocked by clk)
Endpoint: result[28] (output port clocked by clk)
Path Group: clk
Path Type: min
Corner: Typical

Fanout     Cap    Slew   Delay    Time   Description
-----------------------------------------------------------------------------
                  0.00    0.00    0.00   clock clk (rise edge)
                          0.00    0.00   clock network delay (ideal)
                          4.00    4.00 v input external delay
                  0.01    0.00    4.00 v a[28] (in)
     1    0.00                           a[28] (net)
                  0.01    0.00    4.00 v input21/A (sky130_fd_sc_hd__buf_2)
                  0.10    0.17    4.17 v input21/X (sky130_fd_sc_hd__buf_2)
     7    0.04                           net21 (net)
                  0.10    0.00    4.17 v _4180_/A (Xnor)
                  0.05    0.11    4.28 v _4180_/Y (Xnor)
     1    0.00                           _1200_ (net)
                  0.05    0.00    4.28 v _4181_/A (inverter)
                  0.05    0.05    4.33 ^ _4181_/Y (inverter)
     2    0.01                           _1201_ (net)
                  0.05    0.00    4.33 ^ _4182_/B (Nand_gate)
                  0.03    0.04    4.37 v _4182_/Y (Nand_gate)
     1    0.00                           _1202_ (net)
                  0.03    0.00    4.37 v _4185_/A (Nand_gate)
                  0.04    0.04    4.41 ^ _4185_/Y (Nand_gate)
     1    0.00                           _1205_ (net)
                  0.04    0.00    4.41 ^ _4216_/A (Nand_gate)
                  0.03    0.04    4.45 v _4216_/Y (Nand_gate)
     1    0.00                           _1239_ (net)
                  0.03    0.00    4.45 v _4217_/A (sky130_fd_sc_hd__clkbuf_2)
                  0.13    0.17    4.62 v _4217_/X (sky130_fd_sc_hd__clkbuf_2)
     2    0.03                           net89 (net)
                  0.13    0.01    4.62 v output89/A (sky130_fd_sc_hd__clkbuf_4)
                  0.08    0.21    4.84 v output89/X (sky130_fd_sc_hd__clkbuf_4)
     1    0.03                           result[28] (net)
                  0.08    0.00    4.84 v result[28] (out)
                                  4.84   data arrival time

                  0.00    0.00    0.00   clock clk (rise edge)
                          0.00    0.00   clock network delay (ideal)
                          0.25    0.25   clock uncertainty
                          0.00    0.25   clock reconvergence pessimism
                         -4.00   -3.75   output external delay
                                 -3.75   data required time
-----------------------------------------------------------------------------
                                 -3.75   data required time
                                 -4.84   data arrival time
-----------------------------------------------------------------------------
                                  8.59   slack (MET)


Startpoint: a[26] (input port clocked by clk)
Endpoint: zero (output port clocked by clk)
Path Group: clk
Path Type: min
Corner: Typical

Fanout     Cap    Slew   Delay    Time   Description
-----------------------------------------------------------------------------
                  0.00    0.00    0.00   clock clk (rise edge)
                          0.00    0.00   clock network delay (ideal)
                          4.00    4.00 v input external delay
                  0.01    0.00    4.00 v a[26] (in)
     1    0.00                           a[26] (net)
                  0.01    0.00    4.00 v input19/A (sky130_fd_sc_hd__buf_2)
                  0.10    0.16    4.17 v input19/X (sky130_fd_sc_hd__buf_2)
     9    0.04                           net19 (net)
                  0.10    0.01    4.17 v _4090_/A (Nand_gate)
                  0.06    0.07    4.25 ^ _4090_/Y (Nand_gate)
     2    0.01                           _1103_ (net)
                  0.06    0.00    4.25 ^ _4093_/A (Nand_gate)
                  0.04    0.05    4.29 v _4093_/Y (Nand_gate)
     1    0.00                           _1106_ (net)
                  0.04    0.00    4.29 v _4117_/A (Nand_gate)
                  0.06    0.06    4.35 ^ _4117_/Y (Nand_gate)
     1    0.01                           _1132_ (net)
                  0.06    0.00    4.35 ^ _4118_/B (Nor_gate)
                  0.07    0.06    4.41 v _4118_/Y (Nor_gate)
     2    0.01                           _1134_ (net)
                  0.07    0.00    4.42 v _4366_/B (Nand_gate)
                  0.03    0.04    4.46 ^ _4366_/Y (Nand_gate)
     1    0.00                           _1400_ (net)
                  0.03    0.00    4.46 ^ _4367_/B (Nor_gate)
                  0.02    0.02    4.48 v _4367_/Y (Nor_gate)
     1    0.00                           _1401_ (net)
                  0.02    0.00    4.48 v _4368_/B (Nand_gate)
                  0.03    0.03    4.51 ^ _4368_/Y (Nand_gate)
     1    0.00                           _1403_ (net)
                  0.03    0.00    4.51 ^ _4369_/B (Nor_gate)
                  0.03    0.03    4.55 v _4369_/Y (Nor_gate)
     1    0.01                           _1404_ (net)
                  0.03    0.00    4.55 v _4370_/B (Nand_gate)
                  0.03    0.03    4.58 ^ _4370_/Y (Nand_gate)
     1    0.00                           _1405_ (net)
                  0.03    0.00    4.58 ^ _4371_/B (Nor_gate)
                  0.02    0.02    4.60 v _4371_/Y (Nor_gate)
     1    0.00                           _1406_ (net)
                  0.02    0.00    4.60 v _4372_/A (sky130_fd_sc_hd__clkbuf_1)
                  0.03    0.07    4.67 v _4372_/X (sky130_fd_sc_hd__clkbuf_1)
     1    0.00                           net101 (net)
                  0.03    0.00    4.67 v output101/A (sky130_fd_sc_hd__buf_2)
                  0.09    0.16    4.84 v output101/X (sky130_fd_sc_hd__buf_2)
     1    0.03                           zero (net)
                  0.09    0.00    4.84 v zero (out)
                                  4.84   data arrival time

                  0.00    0.00    0.00   clock clk (rise edge)
                          0.00    0.00   clock network delay (ideal)
                          0.25    0.25   clock uncertainty
                          0.00    0.25   clock reconvergence pessimism
                         -4.00   -3.75   output external delay
                                 -3.75   data required time
-----------------------------------------------------------------------------
                                 -3.75   data required time
                                 -4.84   data arrival time
-----------------------------------------------------------------------------
                                  8.59   slack (MET)


Startpoint: b[9] (input port clocked by clk)
Endpoint: result[9] (output port clocked by clk)
Path Group: clk
Path Type: min
Corner: Typical

Fanout     Cap    Slew   Delay    Time   Description
-----------------------------------------------------------------------------
                  0.00    0.00    0.00   clock clk (rise edge)
                          0.00    0.00   clock network delay (ideal)
                          4.00    4.00 ^ input external delay
                  0.02    0.01    4.01 ^ b[9] (in)
     1    0.00                           b[9] (net)
                  0.02    0.00    4.01 ^ input68/A (sky130_fd_sc_hd__clkbuf_2)
                  0.17    0.17    4.18 ^ input68/X (sky130_fd_sc_hd__clkbuf_2)
     6    0.03                           net68 (net)
                  0.17    0.00    4.18 ^ _3186_/A (Nand_gate)
                  0.04    0.06    4.25 v _3186_/Y (Nand_gate)
     1    0.00                           _0125_ (net)
                  0.04    0.00    4.25 v _3193_/A (Nand_gate)
                  0.03    0.04    4.29 ^ _3193_/Y (Nand_gate)
     1    0.00                           _0133_ (net)
                  0.03    0.00    4.29 ^ _3194_/B (Nor_gate)
                  0.05    0.05    4.33 v _3194_/Y (Nor_gate)
     1    0.01                           _0134_ (net)
                  0.05    0.00    4.33 v _3204_/A (Nand_gate)
                  0.04    0.04    4.37 ^ _3204_/Y (Nand_gate)
     1    0.00                           _0145_ (net)
                  0.04    0.00    4.37 ^ _3205_/B (Nor_gate)
                  0.02    0.02    4.40 v _3205_/Y (Nor_gate)
     1    0.00                           _0146_ (net)
                  0.02    0.00    4.40 v _3206_/B (Nand_gate)
                  0.13    0.09    4.49 ^ _3206_/Y (Nand_gate)
     1    0.02                           _0147_ (net)
                  0.13    0.00    4.49 ^ _3207_/B (Nor_gate)
                  0.11    0.11    4.60 v _3207_/Y (Nor_gate)
     2    0.03                           _0148_ (net)
                  0.11    0.00    4.60 v _3208_/A (inverter)
                  0.05    0.06    4.66 ^ _3208_/Y (inverter)
     1    0.01                           net100 (net)
                  0.05    0.00    4.66 ^ output100/A (sky130_fd_sc_hd__clkbuf_4)
                  0.11    0.18    4.84 ^ output100/X (sky130_fd_sc_hd__clkbuf_4)
     1    0.03                           result[9] (net)
                  0.11    0.00    4.84 ^ result[9] (out)
                                  4.84   data arrival time

                  0.00    0.00    0.00   clock clk (rise edge)
                          0.00    0.00   clock network delay (ideal)
                          0.25    0.25   clock uncertainty
                          0.00    0.25   clock reconvergence pessimism
                         -4.00   -3.75   output external delay
                                 -3.75   data required time
-----------------------------------------------------------------------------
                                 -3.75   data required time
                                 -4.84   data arrival time
-----------------------------------------------------------------------------
                                  8.59   slack (MET)


Startpoint: b[6] (input port clocked by clk)
Endpoint: result[6] (output port clocked by clk)
Path Group: clk
Path Type: min
Corner: Typical

Fanout     Cap    Slew   Delay    Time   Description
-----------------------------------------------------------------------------
                  0.00    0.00    0.00   clock clk (rise edge)
                          0.00    0.00   clock network delay (ideal)
                          4.00    4.00 ^ input external delay
                  0.02    0.01    4.01 ^ b[6] (in)
     1    0.00                           b[6] (net)
                  0.02    0.00    4.01 ^ input65/A (sky130_fd_sc_hd__clkbuf_2)
                  0.16    0.17    4.18 ^ input65/X (sky130_fd_sc_hd__clkbuf_2)
     6    0.03                           net65 (net)
                  0.16    0.00    4.18 ^ _3025_/A (Nand_gate)
                  0.04    0.06    4.24 v _3025_/Y (Nand_gate)
     1    0.00                           _2128_ (net)
                  0.04    0.00    4.24 v _3026_/B (Nand_gate)
                  0.03    0.04    4.27 ^ _3026_/Y (Nand_gate)
     1    0.00                           _2129_ (net)
                  0.03    0.00    4.27 ^ _3027_/B (Nor_gate)
                  0.04    0.04    4.31 v _3027_/Y (Nor_gate)
     1    0.01                           _2130_ (net)
                  0.04    0.00    4.31 v _3028_/B (Nand_gate)
                  0.03    0.03    4.35 ^ _3028_/Y (Nand_gate)
     1    0.00                           _2131_ (net)
                  0.03    0.00    4.35 ^ _3029_/B (Nor_gate)
                  0.04    0.04    4.38 v _3029_/Y (Nor_gate)
     1    0.01                           _2132_ (net)
                  0.04    0.00    4.39 v _3030_/B (Nand_gate)
                  0.03    0.03    4.42 ^ _3030_/Y (Nand_gate)
     1    0.00                           _2133_ (net)
                  0.03    0.00    4.42 ^ _3031_/A (sky130_fd_sc_hd__buf_1)
                  0.22    0.19    4.61 ^ _3031_/X (sky130_fd_sc_hd__buf_1)
     2    0.02                           net97 (net)
                  0.22    0.00    4.61 ^ output97/A (sky130_fd_sc_hd__clkbuf_4)
                  0.11    0.23    4.84 ^ output97/X (sky130_fd_sc_hd__clkbuf_4)
     1    0.03                           result[6] (net)
                  0.11    0.00    4.85 ^ result[6] (out)
                                  4.85   data arrival time

                  0.00    0.00    0.00   clock clk (rise edge)
                          0.00    0.00   clock network delay (ideal)
                          0.25    0.25   clock uncertainty
                          0.00    0.25   clock reconvergence pessimism
                         -4.00   -3.75   output external delay
                                 -3.75   data required time
-----------------------------------------------------------------------------
                                 -3.75   data required time
                                 -4.85   data arrival time
-----------------------------------------------------------------------------
                                  8.60   slack (MET)


Startpoint: b[15] (input port clocked by clk)
Endpoint: result[15] (output port clocked by clk)
Path Group: clk
Path Type: min
Corner: Typical

Fanout     Cap    Slew   Delay    Time   Description
-----------------------------------------------------------------------------
                  0.00    0.00    0.00   clock clk (rise edge)
                          0.00    0.00   clock network delay (ideal)
                          4.00    4.00 ^ input external delay
                  0.02    0.01    4.01 ^ b[15] (in)
     1    0.00                           b[15] (net)
                  0.02    0.00    4.01 ^ input43/A (sky130_fd_sc_hd__buf_2)
                  0.21    0.21    4.22 ^ input43/X (sky130_fd_sc_hd__buf_2)
     6    0.04                           net43 (net)
                  0.21    0.00    4.22 ^ _3548_/A (Nand_gate)
                  0.04    0.06    4.28 v _3548_/Y (Nand_gate)
     1    0.00                           _0518_ (net)
                  0.04    0.00    4.28 v _3553_/A (Nand_gate)
                  0.04    0.04    4.32 ^ _3553_/Y (Nand_gate)
     1    0.00                           _0523_ (net)
                  0.04    0.00    4.32 ^ _3554_/B (Nor_gate)
                  0.02    0.02    4.35 v _3554_/Y (Nor_gate)
     1    0.00                           _0524_ (net)
                  0.02    0.00    4.35 v _3555_/B (Nand_gate)
                  0.05    0.05    4.40 ^ _3555_/Y (Nand_gate)
     1    0.01                           _0525_ (net)
                  0.06    0.00    4.40 ^ _3556_/B (Nor_gate)
                  0.04    0.04    4.44 v _3556_/Y (Nor_gate)
     1    0.01                           _0526_ (net)
                  0.04    0.00    4.44 v _3557_/B (Nand_gate)
                  0.03    0.04    4.47 ^ _3557_/Y (Nand_gate)
     1    0.00                           _0527_ (net)
                  0.03    0.00    4.47 ^ _3558_/A (sky130_fd_sc_hd__buf_1)
                  0.17    0.15    4.63 ^ _3558_/X (sky130_fd_sc_hd__buf_1)
     2    0.01                           net75 (net)
                  0.17    0.00    4.63 ^ output75/A (sky130_fd_sc_hd__clkbuf_4)
                  0.11    0.22    4.84 ^ output75/X (sky130_fd_sc_hd__clkbuf_4)
     1    0.03                           result[15] (net)
                  0.11    0.00    4.85 ^ result[15] (out)
                                  4.85   data arrival time

                  0.00    0.00    0.00   clock clk (rise edge)
                          0.00    0.00   clock network delay (ideal)
                          0.25    0.25   clock uncertainty
                          0.00    0.25   clock reconvergence pessimism
                         -4.00   -3.75   output external delay
                                 -3.75   data required time
-----------------------------------------------------------------------------
                                 -3.75   data required time
                                 -4.85   data arrival time
-----------------------------------------------------------------------------
                                  8.60   slack (MET)


Startpoint: a[2] (input port clocked by clk)
Endpoint: result[3] (output port clocked by clk)
Path Group: clk
Path Type: min
Corner: Typical

Fanout     Cap    Slew   Delay    Time   Description
-----------------------------------------------------------------------------
                  0.00    0.00    0.00   clock clk (rise edge)
                          0.00    0.00   clock network delay (ideal)
                          4.00    4.00 v input external delay
                  0.01    0.00    4.00 v a[2] (in)
     1    0.00                           a[2] (net)
                  0.01    0.00    4.00 v input23/A (sky130_fd_sc_hd__clkbuf_2)
                  0.14    0.17    4.17 v input23/X (sky130_fd_sc_hd__clkbuf_2)
     4    0.04                           net23 (net)
                  0.14    0.00    4.18 v _2788_/A (Nand_gate)
                  0.04    0.07    4.24 ^ _2788_/Y (Nand_gate)
     1    0.00                           _1894_ (net)
                  0.04    0.00    4.24 ^ _2789_/A (inverter)
                  0.03    0.03    4.28 v _2789_/Y (inverter)
     2    0.01                           _1895_ (net)
                  0.03    0.00    4.28 v _2790_/A (Nor_gate)
                  0.12    0.11    4.39 ^ _2790_/Y (Nor_gate)
     2    0.01                           _1896_ (net)
                  0.12    0.00    4.39 ^ _2791_/B (Nand_gate)
                  0.04    0.05    4.44 v _2791_/Y (Nand_gate)
     1    0.00                           _1897_ (net)
                  0.04    0.00    4.44 v _2795_/A (Nand_gate)
                  0.04    0.05    4.48 ^ _2795_/Y (Nand_gate)
     1    0.00                           _1901_ (net)
                  0.04    0.00    4.48 ^ _2849_/A (Nand_gate)
                  0.03    0.04    4.52 v _2849_/Y (Nand_gate)
     1    0.00                           _1955_ (net)
                  0.03    0.00    4.52 v _2850_/A (sky130_fd_sc_hd__buf_1)
                  0.11    0.14    4.66 v _2850_/X (sky130_fd_sc_hd__buf_1)
     2    0.02                           net94 (net)
                  0.11    0.00    4.66 v output94/A (sky130_fd_sc_hd__clkbuf_4)
                  0.08    0.20    4.86 v output94/X (sky130_fd_sc_hd__clkbuf_4)
     1    0.03                           result[3] (net)
                  0.08    0.00    4.87 v result[3] (out)
                                  4.87   data arrival time

                  0.00    0.00    0.00   clock clk (rise edge)
                          0.00    0.00   clock network delay (ideal)
                          0.25    0.25   clock uncertainty
                          0.00    0.25   clock reconvergence pessimism
                         -4.00   -3.75   output external delay
                                 -3.75   data required time
-----------------------------------------------------------------------------
                                 -3.75   data required time
                                 -4.87   data arrival time
-----------------------------------------------------------------------------
                                  8.62   slack (MET)


Startpoint: a[26] (input port clocked by clk)
Endpoint: result[26] (output port clocked by clk)
Path Group: clk
Path Type: min
Corner: Typical

Fanout     Cap    Slew   Delay    Time   Description
-----------------------------------------------------------------------------
                  0.00    0.00    0.00   clock clk (rise edge)
                          0.00    0.00   clock network delay (ideal)
                          4.00    4.00 v input external delay
                  0.01    0.00    4.00 v a[26] (in)
     1    0.00                           a[26] (net)
                  0.01    0.00    4.00 v input19/A (sky130_fd_sc_hd__buf_2)
                  0.10    0.16    4.17 v input19/X (sky130_fd_sc_hd__buf_2)
     9    0.04                           net19 (net)
                  0.10    0.01    4.17 v _4090_/A (Nand_gate)
                  0.06    0.07    4.25 ^ _4090_/Y (Nand_gate)
     2    0.01                           _1103_ (net)
                  0.06    0.00    4.25 ^ _4093_/A (Nand_gate)
                  0.04    0.05    4.29 v _4093_/Y (Nand_gate)
     1    0.00                           _1106_ (net)
                  0.04    0.00    4.29 v _4117_/A (Nand_gate)
                  0.06    0.06    4.35 ^ _4117_/Y (Nand_gate)
     1    0.01                           _1132_ (net)
                  0.06    0.00    4.35 ^ _4118_/B (Nor_gate)
                  0.07    0.06    4.41 v _4118_/Y (Nor_gate)
     2    0.01                           _1134_ (net)
                  0.07    0.00    4.41 v _4119_/A (inverter)
                  0.30    0.21    4.63 ^ _4119_/Y (inverter)
     1    0.04                           net87 (net)
                  0.30    0.01    4.63 ^ output87/A (sky130_fd_sc_hd__clkbuf_4)
                  0.12    0.26    4.89 ^ output87/X (sky130_fd_sc_hd__clkbuf_4)
     1    0.04                           result[26] (net)
                  0.12    0.00    4.89 ^ result[26] (out)
                                  4.89   data arrival time

                  0.00    0.00    0.00   clock clk (rise edge)
                          0.00    0.00   clock network delay (ideal)
                          0.25    0.25   clock uncertainty
                          0.00    0.25   clock reconvergence pessimism
                         -4.00   -3.75   output external delay
                                 -3.75   data required time
-----------------------------------------------------------------------------
                                 -3.75   data required time
                                 -4.89   data arrival time
-----------------------------------------------------------------------------
                                  8.64   slack (MET)


Startpoint: b[12] (input port clocked by clk)
Endpoint: result[12] (output port clocked by clk)
Path Group: clk
Path Type: min
Corner: Typical

Fanout     Cap    Slew   Delay    Time   Description
-----------------------------------------------------------------------------
                  0.00    0.00    0.00   clock clk (rise edge)
                          0.00    0.00   clock network delay (ideal)
                          4.00    4.00 v input external delay
                  0.01    0.00    4.00 v b[12] (in)
     1    0.00                           b[12] (net)
                  0.01    0.00    4.00 v input40/A (sky130_fd_sc_hd__buf_2)
                  0.11    0.17    4.18 v input40/X (sky130_fd_sc_hd__buf_2)
     7    0.05                           net40 (net)
                  0.11    0.01    4.18 v _3367_/A (Nand_gate)
                  0.05    0.07    4.25 ^ _3367_/Y (Nand_gate)
     1    0.00                           _0321_ (net)
                  0.05    0.00    4.25 ^ _3372_/A (Nand_gate)
                  0.03    0.04    4.29 v _3372_/Y (Nand_gate)
     1    0.00                           _0327_ (net)
                  0.03    0.00    4.29 v _3380_/A (Nor_gate)
                  0.08    0.07    4.36 ^ _3380_/Y (Nor_gate)
     1    0.00                           _0336_ (net)
                  0.08    0.00    4.36 ^ _3381_/B (Nand_gate)
                  0.03    0.04    4.41 v _3381_/Y (Nand_gate)
     1    0.00                           _0337_ (net)
                  0.03    0.00    4.41 v _3395_/A (Nor_gate)
                  0.09    0.08    4.49 ^ _3395_/Y (Nor_gate)
     1    0.00                           _0352_ (net)
                  0.09    0.00    4.49 ^ _3396_/B (Nand_gate)
                  0.03    0.05    4.54 v _3396_/Y (Nand_gate)
     1    0.00                           _0353_ (net)
                  0.03    0.00    4.54 v _3397_/A (sky130_fd_sc_hd__buf_1)
                  0.13    0.15    4.69 v _3397_/X (sky130_fd_sc_hd__buf_1)
     2    0.02                           net72 (net)
                  0.13    0.00    4.70 v output72/A (sky130_fd_sc_hd__clkbuf_4)
                  0.08    0.21    4.90 v output72/X (sky130_fd_sc_hd__clkbuf_4)
     1    0.03                           result[12] (net)
                  0.08    0.00    4.91 v result[12] (out)
                                  4.91   data arrival time

                  0.00    0.00    0.00   clock clk (rise edge)
                          0.00    0.00   clock network delay (ideal)
                          0.25    0.25   clock uncertainty
                          0.00    0.25   clock reconvergence pessimism
                         -4.00   -3.75   output external delay
                                 -3.75   data required time
-----------------------------------------------------------------------------
                                 -3.75   data required time
                                 -4.91   data arrival time
-----------------------------------------------------------------------------
                                  8.66   slack (MET)


Startpoint: b[10] (input port clocked by clk)
Endpoint: result[10] (output port clocked by clk)
Path Group: clk
Path Type: min
Corner: Typical

Fanout     Cap    Slew   Delay    Time   Description
-----------------------------------------------------------------------------
                  0.00    0.00    0.00   clock clk (rise edge)
                          0.00    0.00   clock network delay (ideal)
                          4.00    4.00 ^ input external delay
                  0.02    0.01    4.01 ^ b[10] (in)
     1    0.00                           b[10] (net)
                  0.02    0.00    4.01 ^ input38/A (sky130_fd_sc_hd__clkbuf_2)
                  0.15    0.16    4.17 ^ input38/X (sky130_fd_sc_hd__clkbuf_2)
     6    0.03                           net38 (net)
                  0.15    0.00    4.17 ^ _2277_/B (Nor_gate)
                  0.04    0.06    4.23 v _2277_/Y (Nor_gate)
     2    0.01                           _1186_ (net)
                  0.04    0.00    4.23 v _3261_/A (Nor_gate)
                  0.07    0.07    4.31 ^ _3261_/Y (Nor_gate)
     1    0.00                           _0207_ (net)
                  0.07    0.00    4.31 ^ _3262_/B (Nor_gate)
                  0.03    0.04    4.34 v _3262_/Y (Nor_gate)
     1    0.00                           _0208_ (net)
                  0.03    0.00    4.34 v _3263_/B (Nand_gate)
                  0.03    0.03    4.37 ^ _3263_/Y (Nand_gate)
     1    0.00                           _0209_ (net)
                  0.03    0.00    4.37 ^ _3264_/B (Nor_gate)
                  0.02    0.02    4.40 v _3264_/Y (Nor_gate)
     1    0.00                           _0210_ (net)
                  0.02    0.00    4.40 v _3265_/B (Nand_gate)
                  0.03    0.03    4.43 ^ _3265_/Y (Nand_gate)
     1    0.00                           _0211_ (net)
                  0.03    0.00    4.43 ^ _3266_/B (Nor_gate)
                  0.02    0.03    4.45 v _3266_/Y (Nor_gate)
     1    0.00                           _0212_ (net)
                  0.02    0.00    4.45 v _3267_/B (Nand_gate)
                  0.03    0.03    4.48 ^ _3267_/Y (Nand_gate)
     1    0.00                           _0213_ (net)
                  0.03    0.00    4.48 ^ _3268_/A (sky130_fd_sc_hd__clkbuf_2)
                  0.21    0.21    4.69 ^ _3268_/X (sky130_fd_sc_hd__clkbuf_2)
     3    0.04                           net70 (net)
                  0.21    0.00    4.69 ^ output70/A (sky130_fd_sc_hd__clkbuf_4)
                  0.11    0.23    4.92 ^ output70/X (sky130_fd_sc_hd__clkbuf_4)
     1    0.03                           result[10] (net)
                  0.11    0.00    4.93 ^ result[10] (out)
                                  4.93   data arrival time

                  0.00    0.00    0.00   clock clk (rise edge)
                          0.00    0.00   clock network delay (ideal)
                          0.25    0.25   clock uncertainty
                          0.00    0.25   clock reconvergence pessimism
                         -4.00   -3.75   output external delay
                                 -3.75   data required time
-----------------------------------------------------------------------------
                                 -3.75   data required time
                                 -4.93   data arrival time
-----------------------------------------------------------------------------
                                  8.68   slack (MET)


Startpoint: b[16] (input port clocked by clk)
Endpoint: result[16] (output port clocked by clk)
Path Group: clk
Path Type: min
Corner: Typical

Fanout     Cap    Slew   Delay    Time   Description
-----------------------------------------------------------------------------
                  0.00    0.00    0.00   clock clk (rise edge)
                          0.00    0.00   clock network delay (ideal)
                          4.00    4.00 v input external delay
                  0.01    0.00    4.00 v b[16] (in)
     1    0.00                           b[16] (net)
                  0.01    0.00    4.00 v input44/A (sky130_fd_sc_hd__clkbuf_4)
                  0.14    0.20    4.20 v input44/X (sky130_fd_sc_hd__clkbuf_4)
     8    0.07                           net44 (net)
                  0.14    0.01    4.21 v _3616_/A (Nand_gate)
                  0.04    0.06    4.27 ^ _3616_/Y (Nand_gate)
     1    0.00                           _0591_ (net)
                  0.04    0.00    4.27 ^ _3622_/A (Nand_gate)
                  0.03    0.04    4.31 v _3622_/Y (Nand_gate)
     1    0.00                           _0598_ (net)
                  0.03    0.00    4.31 v _3623_/B (Nor_gate)
                  0.07    0.06    4.37 ^ _3623_/Y (Nor_gate)
     1    0.00                           _0599_ (net)
                  0.07    0.00    4.37 ^ _3624_/B (Nand_gate)
                  0.07    0.07    4.44 v _3624_/Y (Nand_gate)
     1    0.01                           _0600_ (net)
                  0.07    0.00    4.44 v _3625_/B (Nor_gate)
                  0.07    0.07    4.51 ^ _3625_/Y (Nor_gate)
     1    0.00                           _0601_ (net)
                  0.07    0.00    4.51 ^ _3626_/B (Nand_gate)
                  0.03    0.04    4.55 v _3626_/Y (Nand_gate)
     1    0.00                           _0602_ (net)
                  0.03    0.00    4.55 v _3627_/A (sky130_fd_sc_hd__buf_1)
                  0.14    0.16    4.71 v _3627_/X (sky130_fd_sc_hd__buf_1)
     2    0.02                           net76 (net)
                  0.14    0.00    4.71 v output76/A (sky130_fd_sc_hd__clkbuf_4)
                  0.08    0.21    4.93 v output76/X (sky130_fd_sc_hd__clkbuf_4)
     1    0.03                           result[16] (net)
                  0.08    0.00    4.93 v result[16] (out)
                                  4.93   data arrival time

                  0.00    0.00    0.00   clock clk (rise edge)
                          0.00    0.00   clock network delay (ideal)
                          0.25    0.25   clock uncertainty
                          0.00    0.25   clock reconvergence pessimism
                         -4.00   -3.75   output external delay
                                 -3.75   data required time
-----------------------------------------------------------------------------
                                 -3.75   data required time
                                 -4.93   data arrival time
-----------------------------------------------------------------------------
                                  8.68   slack (MET)


Startpoint: b[14] (input port clocked by clk)
Endpoint: result[14] (output port clocked by clk)
Path Group: clk
Path Type: min
Corner: Typical

Fanout     Cap    Slew   Delay    Time   Description
-----------------------------------------------------------------------------
                  0.00    0.00    0.00   clock clk (rise edge)
                          0.00    0.00   clock network delay (ideal)
                          4.00    4.00 v input external delay
                  0.01    0.00    4.00 v b[14] (in)
     1    0.00                           b[14] (net)
                  0.01    0.00    4.00 v input42/A (sky130_fd_sc_hd__clkbuf_2)
                  0.16    0.18    4.19 v input42/X (sky130_fd_sc_hd__clkbuf_2)
     5    0.04                           net42 (net)
                  0.16    0.01    4.19 v _2380_/A (inverter)
                  0.10    0.10    4.29 ^ _2380_/Y (inverter)
     3    0.01                           _1489_ (net)
                  0.10    0.00    4.29 ^ _3479_/A (Nor_gate)
                  0.03    0.04    4.34 v _3479_/Y (Nor_gate)
     1    0.00                           _0443_ (net)
                  0.03    0.00    4.34 v _3483_/A (Nor_gate)
                  0.07    0.07    4.41 ^ _3483_/Y (Nor_gate)
     1    0.00                           _0447_ (net)
                  0.07    0.00    4.41 ^ _3508_/A (Nand_gate)
                  0.05    0.06    4.47 v _3508_/Y (Nand_gate)
     1    0.01                           _0475_ (net)
                  0.05    0.00    4.47 v _3509_/B (Nor_gate)
                  0.08    0.07    4.53 ^ _3509_/Y (Nor_gate)
     1    0.00                           _0476_ (net)
                  0.08    0.00    4.53 ^ _3510_/B (Nand_gate)
                  0.03    0.04    4.57 v _3510_/Y (Nand_gate)
     1    0.00                           _0477_ (net)
                  0.03    0.00    4.57 v _3511_/A (sky130_fd_sc_hd__buf_1)
                  0.12    0.15    4.72 v _3511_/X (sky130_fd_sc_hd__buf_1)
     2    0.02                           net74 (net)
                  0.12    0.00    4.72 v output74/A (sky130_fd_sc_hd__clkbuf_4)
                  0.08    0.21    4.93 v output74/X (sky130_fd_sc_hd__clkbuf_4)
     1    0.04                           result[14] (net)
                  0.08    0.00    4.93 v result[14] (out)
                                  4.93   data arrival time

                  0.00    0.00    0.00   clock clk (rise edge)
                          0.00    0.00   clock network delay (ideal)
                          0.25    0.25   clock uncertainty
                          0.00    0.25   clock reconvergence pessimism
                         -4.00   -3.75   output external delay
                                 -3.75   data required time
-----------------------------------------------------------------------------
                                 -3.75   data required time
                                 -4.93   data arrival time
-----------------------------------------------------------------------------
                                  8.68   slack (MET)


Startpoint: a[4] (input port clocked by clk)
Endpoint: result[4] (output port clocked by clk)
Path Group: clk
Path Type: min
Corner: Typical

Fanout     Cap    Slew   Delay    Time   Description
-----------------------------------------------------------------------------
                  0.00    0.00    0.00   clock clk (rise edge)
                          0.00    0.00   clock network delay (ideal)
                          4.00    4.00 v input external delay
                  0.01    0.01    4.01 v a[4] (in)
     1    0.00                           a[4] (net)
                  0.01    0.00    4.01 v input27/A (sky130_fd_sc_hd__clkbuf_4)
                  0.11    0.18    4.18 v input27/X (sky130_fd_sc_hd__clkbuf_4)
     9    0.05                           net27 (net)
                  0.11    0.01    4.19 v _2878_/B (Nor_gate)
                  0.08    0.08    4.27 ^ _2878_/Y (Nor_gate)
     1    0.00                           _1983_ (net)
                  0.08    0.00    4.27 ^ _2884_/A (Nor_gate)
                  0.02    0.04    4.31 v _2884_/Y (Nor_gate)
     1    0.00                           _1989_ (net)
                  0.02    0.00    4.31 v _2885_/B (Nor_gate)
                  0.08    0.07    4.37 ^ _2885_/Y (Nor_gate)
     1    0.00                           _1990_ (net)
                  0.08    0.00    4.37 ^ _2916_/A (Nand_gate)
                  0.05    0.06    4.43 v _2916_/Y (Nand_gate)
     1    0.01                           _2021_ (net)
                  0.05    0.00    4.43 v _2917_/B (Nor_gate)
                  0.11    0.09    4.52 ^ _2917_/Y (Nor_gate)
     2    0.01                           _2022_ (net)
                  0.11    0.00    4.52 ^ _2918_/A (inverter)
                  0.19    0.16    4.69 v _2918_/Y (inverter)
     2    0.04                           net95 (net)
                  0.19    0.00    4.69 v output95/A (sky130_fd_sc_hd__clkbuf_4)
                  0.08    0.24    4.93 v output95/X (sky130_fd_sc_hd__clkbuf_4)
     1    0.03                           result[4] (net)
                  0.08    0.00    4.93 v result[4] (out)
                                  4.93   data arrival time

                  0.00    0.00    0.00   clock clk (rise edge)
                          0.00    0.00   clock network delay (ideal)
                          0.25    0.25   clock uncertainty
                          0.00    0.25   clock reconvergence pessimism
                         -4.00   -3.75   output external delay
                                 -3.75   data required time
-----------------------------------------------------------------------------
                                 -3.75   data required time
                                 -4.93   data arrival time
-----------------------------------------------------------------------------
                                  8.68   slack (MET)


Startpoint: a[24] (input port clocked by clk)
Endpoint: result[24] (output port clocked by clk)
Path Group: clk
Path Type: min
Corner: Typical

Fanout     Cap    Slew   Delay    Time   Description
-----------------------------------------------------------------------------
                  0.00    0.00    0.00   clock clk (rise edge)
                          0.00    0.00   clock network delay (ideal)
                          4.00    4.00 v input external delay
                  0.01    0.00    4.00 v a[24] (in)
     1    0.00                           a[24] (net)
                  0.01    0.00    4.00 v input17/A (sky130_fd_sc_hd__buf_2)
                  0.10    0.17    4.17 v input17/X (sky130_fd_sc_hd__buf_2)
     9    0.04                           net17 (net)
                  0.10    0.00    4.17 v _3978_/A (Nor_gate)
                  0.09    0.10    4.27 ^ _3978_/Y (Nor_gate)
     1    0.00                           _0982_ (net)
                  0.09    0.00    4.27 ^ _3979_/B (Nor_gate)
                  0.07    0.07    4.35 v _3979_/Y (Nor_gate)
     4    0.02                           _0983_ (net)
                  0.07    0.00    4.35 v _3981_/B (Nor_gate)
                  0.07    0.06    4.41 ^ _3981_/Y (Nor_gate)
     1    0.00                           _0985_ (net)
                  0.07    0.00    4.41 ^ _3982_/B (Nor_gate)
                  0.02    0.03    4.44 v _3982_/Y (Nor_gate)
     1    0.00                           _0986_ (net)
                  0.02    0.00    4.44 v _3983_/B (Nand_gate)
                  0.03    0.03    4.48 ^ _3983_/Y (Nand_gate)
     1    0.00                           _0987_ (net)
                  0.03    0.00    4.48 ^ _4019_/A (Nand_gate)
                  0.03    0.03    4.51 v _4019_/Y (Nand_gate)
     1    0.00                           _1027_ (net)
                  0.03    0.00    4.51 v _4020_/A (sky130_fd_sc_hd__dlymetal6s2s_1)
                  0.14    0.21    4.72 v _4020_/X (sky130_fd_sc_hd__dlymetal6s2s_1)
     2    0.03                           net85 (net)
                  0.14    0.00    4.72 v output85/A (sky130_fd_sc_hd__clkbuf_4)
                  0.08    0.22    4.94 v output85/X (sky130_fd_sc_hd__clkbuf_4)
     1    0.04                           result[24] (net)
                  0.08    0.00    4.94 v result[24] (out)
                                  4.94   data arrival time

                  0.00    0.00    0.00   clock clk (rise edge)
                          0.00    0.00   clock network delay (ideal)
                          0.25    0.25   clock uncertainty
                          0.00    0.25   clock reconvergence pessimism
                         -4.00   -3.75   output external delay
                                 -3.75   data required time
-----------------------------------------------------------------------------
                                 -3.75   data required time
                                 -4.94   data arrival time
-----------------------------------------------------------------------------
                                  8.69   slack (MET)


Startpoint: a[16] (input port clocked by clk)
Endpoint: result[17] (output port clocked by clk)
Path Group: clk
Path Type: min
Corner: Typical

Fanout     Cap    Slew   Delay    Time   Description
-----------------------------------------------------------------------------
                  0.00    0.00    0.00   clock clk (rise edge)
                          0.00    0.00   clock network delay (ideal)
                          4.00    4.00 v input external delay
                  0.01    0.00    4.00 v a[16] (in)
     1    0.00                           a[16] (net)
                  0.01    0.00    4.00 v input8/A (sky130_fd_sc_hd__clkbuf_2)
                  0.14    0.16    4.17 v input8/X (sky130_fd_sc_hd__clkbuf_2)
     3    0.03                           net8 (net)
                  0.14    0.00    4.17 v _2409_/A (inverter)
                  0.06    0.07    4.24 ^ _2409_/Y (inverter)
     2    0.01                           _1518_ (net)
                  0.06    0.00    4.24 ^ _3640_/A (Nor_gate)
                  0.03    0.04    4.29 v _3640_/Y (Nor_gate)
     2    0.01                           _0617_ (net)
                  0.03    0.00    4.29 v _3641_/B (Nor_gate)
                  0.07    0.06    4.35 ^ _3641_/Y (Nor_gate)
     1    0.00                           _0618_ (net)
                  0.07    0.00    4.35 ^ _3644_/A (Nor_gate)
                  0.02    0.04    4.39 v _3644_/Y (Nor_gate)
     1    0.00                           _0621_ (net)
                  0.02    0.00    4.39 v _3669_/A (Nor_gate)
                  0.07    0.07    4.46 ^ _3669_/Y (Nor_gate)
     1    0.00                           _0649_ (net)
                  0.07    0.00    4.46 ^ _3670_/B (Nand_gate)
                  0.02    0.04    4.50 v _3670_/Y (Nand_gate)
     1    0.00                           _0650_ (net)
                  0.02    0.00    4.50 v _3671_/A (sky130_fd_sc_hd__dlymetal6s2s_1)
                  0.16    0.22    4.71 v _3671_/X (sky130_fd_sc_hd__dlymetal6s2s_1)
     2    0.03                           net77 (net)
                  0.16    0.00    4.72 v output77/A (sky130_fd_sc_hd__clkbuf_4)
                  0.08    0.22    4.94 v output77/X (sky130_fd_sc_hd__clkbuf_4)
     1    0.03                           result[17] (net)
                  0.08    0.00    4.94 v result[17] (out)
                                  4.94   data arrival time

                  0.00    0.00    0.00   clock clk (rise edge)
                          0.00    0.00   clock network delay (ideal)
                          0.25    0.25   clock uncertainty
                          0.00    0.25   clock reconvergence pessimism
                         -4.00   -3.75   output external delay
                                 -3.75   data required time
-----------------------------------------------------------------------------
                                 -3.75   data required time
                                 -4.94   data arrival time
-----------------------------------------------------------------------------
                                  8.69   slack (MET)


Startpoint: a[19] (input port clocked by clk)
Endpoint: result[19] (output port clocked by clk)
Path Group: clk
Path Type: min
Corner: Typical

Fanout     Cap    Slew   Delay    Time   Description
-----------------------------------------------------------------------------
                  0.00    0.00    0.00   clock clk (rise edge)
                          0.00    0.00   clock network delay (ideal)
                          4.00    4.00 ^ input external delay
                  0.02    0.01    4.01 ^ a[19] (in)
     1    0.00                           a[19] (net)
                  0.02    0.00    4.01 ^ input11/A (sky130_fd_sc_hd__clkbuf_2)
                  0.22    0.21    4.22 ^ input11/X (sky130_fd_sc_hd__clkbuf_2)
     3    0.04                           net11 (net)
                  0.22    0.01    4.22 ^ _2223_/A (inverter)
                  0.07    0.08    4.30 v _2223_/Y (inverter)
     3    0.01                           _0603_ (net)
                  0.07    0.00    4.30 v _3740_/A (Nand_gate)
                  0.03    0.05    4.35 ^ _3740_/Y (Nand_gate)
     1    0.00                           _0725_ (net)
                  0.03    0.00    4.35 ^ _3744_/A (Nand_gate)
                  0.03    0.04    4.39 v _3744_/Y (Nand_gate)
     1    0.00                           _0729_ (net)
                  0.03    0.00    4.39 v _3767_/A (Nand_gate)
                  0.03    0.04    4.43 ^ _3767_/Y (Nand_gate)
     1    0.00                           _0754_ (net)
                  0.03    0.00    4.43 ^ _3768_/B (Nor_gate)
                  0.07    0.06    4.48 v _3768_/Y (Nor_gate)
     2    0.01                           _0756_ (net)
                  0.07    0.00    4.49 v _3769_/A (inverter)
                  0.32    0.22    4.71 ^ _3769_/Y (inverter)
     1    0.04                           net79 (net)
                  0.32    0.00    4.71 ^ output79/A (sky130_fd_sc_hd__clkbuf_4)
                  0.12    0.26    4.97 ^ output79/X (sky130_fd_sc_hd__clkbuf_4)
     1    0.03                           result[19] (net)
                  0.12    0.00    4.98 ^ result[19] (out)
                                  4.98   data arrival time

                  0.00    0.00    0.00   clock clk (rise edge)
                          0.00    0.00   clock network delay (ideal)
                          0.25    0.25   clock uncertainty
                          0.00    0.25   clock reconvergence pessimism
                         -4.00   -3.75   output external delay
                                 -3.75   data required time
-----------------------------------------------------------------------------
                                 -3.75   data required time
                                 -4.98   data arrival time
-----------------------------------------------------------------------------
                                  8.73   slack (MET)


Startpoint: a[30] (input port clocked by clk)
Endpoint: result[31] (output port clocked by clk)
Path Group: clk
Path Type: min
Corner: Typical

Fanout     Cap    Slew   Delay    Time   Description
-----------------------------------------------------------------------------
                  0.00    0.00    0.00   clock clk (rise edge)
                          0.00    0.00   clock network delay (ideal)
                          4.00    4.00 ^ input external delay
                  0.02    0.01    4.01 ^ a[30] (in)
     1    0.00                           a[30] (net)
                  0.02    0.00    4.01 ^ input24/A (sky130_fd_sc_hd__clkbuf_4)
                  0.23    0.24    4.25 ^ input24/X (sky130_fd_sc_hd__clkbuf_4)
     9    0.08                           net24 (net)
                  0.24    0.02    4.27 ^ _4301_/A (Nand_gate)
                  0.04    0.07    4.34 v _4301_/Y (Nand_gate)
     1    0.00                           _1330_ (net)
                  0.04    0.00    4.34 v _4302_/A (Nand_gate)
                  0.06    0.06    4.40 ^ _4302_/Y (Nand_gate)
     2    0.01                           _1331_ (net)
                  0.06    0.00    4.40 ^ _4306_/A (Nand_gate)
                  0.04    0.05    4.45 v _4306_/Y (Nand_gate)
     1    0.00                           _1335_ (net)
                  0.04    0.00    4.45 v _4309_/A (Nand_gate)
                  0.04    0.05    4.50 ^ _4309_/Y (Nand_gate)
     1    0.00                           _1339_ (net)
                  0.04    0.00    4.50 ^ _4337_/A (Nand_gate)
                  0.03    0.03    4.53 v _4337_/Y (Nand_gate)
     1    0.00                           _1369_ (net)
                  0.03    0.00    4.53 v _4338_/A (sky130_fd_sc_hd__dlymetal6s2s_1)
                  0.16    0.22    4.75 v _4338_/X (sky130_fd_sc_hd__dlymetal6s2s_1)
     2    0.03                           net93 (net)
                  0.16    0.00    4.75 v output93/A (sky130_fd_sc_hd__clkbuf_4)
                  0.08    0.22    4.98 v output93/X (sky130_fd_sc_hd__clkbuf_4)
     1    0.03                           result[31] (net)
                  0.08    0.00    4.98 v result[31] (out)
                                  4.98   data arrival time

                  0.00    0.00    0.00   clock clk (rise edge)
                          0.00    0.00   clock network delay (ideal)
                          0.25    0.25   clock uncertainty
                          0.00    0.25   clock reconvergence pessimism
                         -4.00   -3.75   output external delay
                                 -3.75   data required time
-----------------------------------------------------------------------------
                                 -3.75   data required time
                                 -4.98   data arrival time
-----------------------------------------------------------------------------
                                  8.73   slack (MET)


Startpoint: a[26] (input port clocked by clk)
Endpoint: result[29] (output port clocked by clk)
Path Group: clk
Path Type: min
Corner: Typical

Fanout     Cap    Slew   Delay    Time   Description
-----------------------------------------------------------------------------
                  0.00    0.00    0.00   clock clk (rise edge)
                          0.00    0.00   clock network delay (ideal)
                          4.00    4.00 v input external delay
                  0.01    0.00    4.00 v a[26] (in)
     1    0.00                           a[26] (net)
                  0.01    0.00    4.00 v input19/A (sky130_fd_sc_hd__buf_2)
                  0.10    0.16    4.17 v input19/X (sky130_fd_sc_hd__buf_2)
     9    0.04                           net19 (net)
                  0.10    0.01    4.17 v _4133_/A (Nand_gate)
                  0.07    0.07    4.24 ^ _4133_/Y (Nand_gate)
     2    0.01                           _1149_ (net)
                  0.07    0.00    4.25 ^ _4186_/A (inverter)
                  0.02    0.03    4.27 v _4186_/Y (inverter)
     1    0.00                           _1206_ (net)
                  0.02    0.00    4.27 v _4187_/B (Nand_gate)
                  0.06    0.05    4.33 ^ _4187_/Y (Nand_gate)
     2    0.01                           _1207_ (net)
                  0.06    0.00    4.33 ^ _4188_/B (Nor_gate)
                  0.04    0.05    4.37 v _4188_/Y (Nor_gate)
     3    0.01                           _1209_ (net)
                  0.04    0.00    4.37 v _4232_/B (Nor_gate)
                  0.07    0.06    4.43 ^ _4232_/Y (Nor_gate)
     1    0.00                           _1256_ (net)
                  0.07    0.00    4.43 ^ _4233_/B (Nor_gate)
                  0.02    0.03    4.46 v _4233_/Y (Nor_gate)
     1    0.00                           _1257_ (net)
                  0.02    0.00    4.46 v _4234_/B (Nand_gate)
                  0.03    0.03    4.49 ^ _4234_/Y (Nand_gate)
     1    0.00                           _1258_ (net)
                  0.03    0.00    4.49 ^ _4256_/A (Nand_gate)
                  0.04    0.05    4.54 v _4256_/Y (Nand_gate)
     1    0.01                           _1282_ (net)
                  0.04    0.00    4.54 v _4257_/B (Nor_gate)
                  0.11    0.09    4.63 ^ _4257_/Y (Nor_gate)
     2    0.01                           _1283_ (net)
                  0.11    0.00    4.63 ^ _4258_/A (inverter)
                  0.17    0.14    4.77 v _4258_/Y (inverter)
     1    0.03                           net90 (net)
                  0.17    0.01    4.78 v output90/A (sky130_fd_sc_hd__clkbuf_4)
                  0.08    0.23    5.01 v output90/X (sky130_fd_sc_hd__clkbuf_4)
     1    0.03                           result[29] (net)
                  0.08    0.00    5.01 v result[29] (out)
                                  5.01   data arrival time

                  0.00    0.00    0.00   clock clk (rise edge)
                          0.00    0.00   clock network delay (ideal)
                          0.25    0.25   clock uncertainty
                          0.00    0.25   clock reconvergence pessimism
                         -4.00   -3.75   output external delay
                                 -3.75   data required time
-----------------------------------------------------------------------------
                                 -3.75   data required time
                                 -5.01   data arrival time
-----------------------------------------------------------------------------
                                  8.76   slack (MET)



min_report_end
max_report

===========================================================================
report_checks -path_delay max (Setup)
============================================================================
======================= Fastest Corner ===================================

Startpoint: b[0] (input port clocked by clk)
Endpoint: zero (output port clocked by clk)
Path Group: clk
Path Type: max
Corner: Fastest

Fanout     Cap    Slew   Delay    Time   Description
-----------------------------------------------------------------------------
                  0.00    0.00    0.00   clock clk (rise edge)
                          0.00    0.00   clock network delay (ideal)
                          4.00    4.00 v input external delay
                  0.01    0.00    4.00 v b[0] (in)
     1    0.00                           b[0] (net)
                  0.01    0.00    4.00 v input37/A (sky130_fd_sc_hd__clkbuf_4)
                  0.08    0.13    4.14 v input37/X (sky130_fd_sc_hd__clkbuf_4)
    10    0.05                           net37 (net)
                  0.08    0.01    4.14 v _2331_/A (Nor_gate)
                  0.72    0.57    4.72 ^ _2331_/Y (Nor_gate)
     5    0.05                           _1440_ (net)
                  0.72    0.00    4.72 ^ _2590_/A (Nand_gate)
                  0.19    0.26    4.98 v _2590_/Y (Nand_gate)
     4    0.02                           _1699_ (net)
                  0.19    0.00    4.98 v _3101_/A (Nor_gate)
                  0.29    0.28    5.25 ^ _3101_/Y (Nor_gate)
     3    0.02                           _0033_ (net)
                  0.29    0.00    5.26 ^ _3331_/A (Nand_gate)
                  0.13    0.17    5.42 v _3331_/Y (Nand_gate)
     4    0.02                           _0282_ (net)
                  0.13    0.00    5.42 v _3583_/A (Nor_gate)
                  0.23    0.22    5.64 ^ _3583_/Y (Nor_gate)
     3    0.01                           _0555_ (net)
                  0.23    0.00    5.64 ^ _3773_/A (Nand_gate)
                  0.09    0.12    5.77 v _3773_/Y (Nand_gate)
     2    0.01                           _0760_ (net)
                  0.09    0.00    5.77 v _3872_/A (Nor_gate)
                  0.07    0.09    5.85 ^ _3872_/Y (Nor_gate)
     1    0.00                           _0867_ (net)
                  0.07    0.00    5.85 ^ _3873_/B (Nor_gate)
                  0.05    0.05    5.91 v _3873_/Y (Nor_gate)
     2    0.01                           _0868_ (net)
                  0.05    0.00    5.91 v _3922_/A (Nor_gate)
                  0.14    0.14    6.04 ^ _3922_/Y (Nor_gate)
     2    0.01                           _0921_ (net)
                  0.14    0.00    6.04 ^ _3923_/B (Xnor)
                  0.34    0.32    6.37 ^ _3923_/Y (Xnor)
     3    0.01                           _0922_ (net)
                  0.34    0.00    6.37 ^ _3924_/B (Xnor)
                  0.28    0.30    6.67 ^ _3924_/Y (Xnor)
     3    0.01                           _0923_ (net)
                  0.28    0.00    6.67 ^ _3959_/B (Nor_gate)
                  0.08    0.11    6.78 v _3959_/Y (Nor_gate)
     3    0.01                           _0961_ (net)
                  0.08    0.00    6.78 v _3964_/B (Nand_gate)
                  0.04    0.05    6.83 ^ _3964_/Y (Nand_gate)
     1    0.00                           _0966_ (net)
                  0.04    0.00    6.83 ^ _3970_/A (Nand_gate)
                  0.04    0.06    6.89 v _3970_/Y (Nand_gate)
     2    0.01                           _0973_ (net)
                  0.04    0.00    6.89 v _4080_/A (inverter)
                  0.03    0.04    6.92 ^ _4080_/Y (inverter)
     1    0.00                           _1092_ (net)
                  0.03    0.00    6.92 ^ _4081_/B (Nand_gate)
                  0.03    0.04    6.96 v _4081_/Y (Nand_gate)
     1    0.00                           _1093_ (net)
                  0.03    0.00    6.96 v _4082_/B (Nor_gate)
                  0.34    0.27    7.23 ^ _4082_/Y (Nor_gate)
     2    0.02                           _1094_ (net)
                  0.34    0.00    7.23 ^ _4167_/A (Nor_gate)
                  0.05    0.08    7.31 v _4167_/Y (Nor_gate)
     1    0.00                           _1185_ (net)
                  0.05    0.00    7.31 v _4176_/A (Nor_gate)
                  0.13    0.13    7.44 ^ _4176_/Y (Nor_gate)
     2    0.01                           _1195_ (net)
                  0.13    0.00    7.44 ^ _4183_/A (Nor_gate)
                  0.05    0.07    7.52 v _4183_/Y (Nor_gate)
     3    0.01                           _1203_ (net)
                  0.05    0.00    7.52 v _4265_/A (Nor_gate)
                  0.07    0.08    7.60 ^ _4265_/Y (Nor_gate)
     1    0.00                           _1291_ (net)
                  0.07    0.00    7.60 ^ _4266_/B (Nor_gate)
                  0.04    0.04    7.64 v _4266_/Y (Nor_gate)
     2    0.01                           _1292_ (net)
                  0.04    0.00    7.64 v _4267_/B (Nand_gate)
                  0.07    0.06    7.70 ^ _4267_/Y (Nand_gate)
     2    0.01                           _1293_ (net)
                  0.07    0.00    7.70 ^ _4302_/B (Nand_gate)
                  0.06    0.07    7.77 v _4302_/Y (Nand_gate)
     2    0.01                           _1331_ (net)
                  0.06    0.00    7.77 v _4307_/A (Nor_gate)
                  0.09    0.10    7.86 ^ _4307_/Y (Nor_gate)
     1    0.00                           _1336_ (net)
                  0.09    0.00    7.86 ^ _4308_/B (Nor_gate)
                  0.04    0.04    7.91 v _4308_/Y (Nor_gate)
     1    0.00                           _1338_ (net)
                  0.04    0.00    7.91 v _4309_/B (Nand_gate)
                  0.04    0.04    7.95 ^ _4309_/Y (Nand_gate)
     1    0.00                           _1339_ (net)
                  0.04    0.00    7.95 ^ _4337_/A (Nand_gate)
                  0.03    0.04    7.99 v _4337_/Y (Nand_gate)
     1    0.00                           _1369_ (net)
                  0.03    0.00    7.99 v _4338_/A (sky130_fd_sc_hd__dlymetal6s2s_1)
                  0.11    0.16    8.16 v _4338_/X (sky130_fd_sc_hd__dlymetal6s2s_1)
     2    0.03                           net93 (net)
                  0.11    0.00    8.16 v _4371_/A (Nor_gate)
                  0.07    0.10    8.25 ^ _4371_/Y (Nor_gate)
     1    0.00                           _1406_ (net)
                  0.07    0.00    8.25 ^ _4372_/A (sky130_fd_sc_hd__clkbuf_1)
                  0.03    0.06    8.31 ^ _4372_/X (sky130_fd_sc_hd__clkbuf_1)
     1    0.00                           net101 (net)
                  0.03    0.00    8.31 ^ output101/A (sky130_fd_sc_hd__buf_2)
                  0.13    0.14    8.46 ^ output101/X (sky130_fd_sc_hd__buf_2)
     1    0.03                           zero (net)
                  0.13    0.00    8.46 ^ zero (out)
                                  8.46   data arrival time

                  0.00   20.00   20.00   clock clk (rise edge)
                          0.00   20.00   clock network delay (ideal)
                         -0.25   19.75   clock uncertainty
                          0.00   19.75   clock reconvergence pessimism
                         -4.00   15.75   output external delay
                                 15.75   data required time
-----------------------------------------------------------------------------
                                 15.75   data required time
                                 -8.46   data arrival time
-----------------------------------------------------------------------------
                                  7.29   slack (MET)


Startpoint: b[0] (input port clocked by clk)
Endpoint: result[31] (output port clocked by clk)
Path Group: clk
Path Type: max
Corner: Fastest

Fanout     Cap    Slew   Delay    Time   Description
-----------------------------------------------------------------------------
                  0.00    0.00    0.00   clock clk (rise edge)
                          0.00    0.00   clock network delay (ideal)
                          4.00    4.00 v input external delay
                  0.01    0.00    4.00 v b[0] (in)
     1    0.00                           b[0] (net)
                  0.01    0.00    4.00 v input37/A (sky130_fd_sc_hd__clkbuf_4)
                  0.08    0.13    4.14 v input37/X (sky130_fd_sc_hd__clkbuf_4)
    10    0.05                           net37 (net)
                  0.08    0.01    4.14 v _2331_/A (Nor_gate)
                  0.72    0.57    4.72 ^ _2331_/Y (Nor_gate)
     5    0.05                           _1440_ (net)
                  0.72    0.00    4.72 ^ _2590_/A (Nand_gate)
                  0.19    0.26    4.98 v _2590_/Y (Nand_gate)
     4    0.02                           _1699_ (net)
                  0.19    0.00    4.98 v _3101_/A (Nor_gate)
                  0.29    0.28    5.25 ^ _3101_/Y (Nor_gate)
     3    0.02                           _0033_ (net)
                  0.29    0.00    5.26 ^ _3331_/A (Nand_gate)
                  0.13    0.17    5.42 v _3331_/Y (Nand_gate)
     4    0.02                           _0282_ (net)
                  0.13    0.00    5.42 v _3583_/A (Nor_gate)
                  0.23    0.22    5.64 ^ _3583_/Y (Nor_gate)
     3    0.01                           _0555_ (net)
                  0.23    0.00    5.64 ^ _3773_/A (Nand_gate)
                  0.09    0.12    5.77 v _3773_/Y (Nand_gate)
     2    0.01                           _0760_ (net)
                  0.09    0.00    5.77 v _3872_/A (Nor_gate)
                  0.07    0.09    5.85 ^ _3872_/Y (Nor_gate)
     1    0.00                           _0867_ (net)
                  0.07    0.00    5.85 ^ _3873_/B (Nor_gate)
                  0.05    0.05    5.91 v _3873_/Y (Nor_gate)
     2    0.01                           _0868_ (net)
                  0.05    0.00    5.91 v _3922_/A (Nor_gate)
                  0.14    0.14    6.04 ^ _3922_/Y (Nor_gate)
     2    0.01                           _0921_ (net)
                  0.14    0.00    6.04 ^ _3923_/B (Xnor)
                  0.34    0.32    6.37 ^ _3923_/Y (Xnor)
     3    0.01                           _0922_ (net)
                  0.34    0.00    6.37 ^ _3924_/B (Xnor)
                  0.28    0.30    6.67 ^ _3924_/Y (Xnor)
     3    0.01                           _0923_ (net)
                  0.28    0.00    6.67 ^ _3959_/B (Nor_gate)
                  0.08    0.11    6.78 v _3959_/Y (Nor_gate)
     3    0.01                           _0961_ (net)
                  0.08    0.00    6.78 v _3964_/B (Nand_gate)
                  0.04    0.05    6.83 ^ _3964_/Y (Nand_gate)
     1    0.00                           _0966_ (net)
                  0.04    0.00    6.83 ^ _3970_/A (Nand_gate)
                  0.04    0.06    6.89 v _3970_/Y (Nand_gate)
     2    0.01                           _0973_ (net)
                  0.04    0.00    6.89 v _4080_/A (inverter)
                  0.03    0.04    6.92 ^ _4080_/Y (inverter)
     1    0.00                           _1092_ (net)
                  0.03    0.00    6.92 ^ _4081_/B (Nand_gate)
                  0.03    0.04    6.96 v _4081_/Y (Nand_gate)
     1    0.00                           _1093_ (net)
                  0.03    0.00    6.96 v _4082_/B (Nor_gate)
                  0.34    0.27    7.23 ^ _4082_/Y (Nor_gate)
     2    0.02                           _1094_ (net)
                  0.34    0.00    7.23 ^ _4167_/A (Nor_gate)
                  0.05    0.08    7.31 v _4167_/Y (Nor_gate)
     1    0.00                           _1185_ (net)
                  0.05    0.00    7.31 v _4176_/A (Nor_gate)
                  0.13    0.13    7.44 ^ _4176_/Y (Nor_gate)
     2    0.01                           _1195_ (net)
                  0.13    0.00    7.44 ^ _4183_/A (Nor_gate)
                  0.05    0.07    7.52 v _4183_/Y (Nor_gate)
     3    0.01                           _1203_ (net)
                  0.05    0.00    7.52 v _4265_/A (Nor_gate)
                  0.07    0.08    7.60 ^ _4265_/Y (Nor_gate)
     1    0.00                           _1291_ (net)
                  0.07    0.00    7.60 ^ _4266_/B (Nor_gate)
                  0.04    0.04    7.64 v _4266_/Y (Nor_gate)
     2    0.01                           _1292_ (net)
                  0.04    0.00    7.64 v _4267_/B (Nand_gate)
                  0.07    0.06    7.70 ^ _4267_/Y (Nand_gate)
     2    0.01                           _1293_ (net)
                  0.07    0.00    7.70 ^ _4302_/B (Nand_gate)
                  0.06    0.07    7.77 v _4302_/Y (Nand_gate)
     2    0.01                           _1331_ (net)
                  0.06    0.00    7.77 v _4306_/A (Nand_gate)
                  0.05    0.06    7.83 ^ _4306_/Y (Nand_gate)
     1    0.00                           _1335_ (net)
                  0.05    0.00    7.83 ^ _4309_/A (Nand_gate)
                  0.04    0.05    7.88 v _4309_/Y (Nand_gate)
     1    0.00                           _1339_ (net)
                  0.04    0.00    7.88 v _4337_/A (Nand_gate)
                  0.04    0.04    7.92 ^ _4337_/Y (Nand_gate)
     1    0.00                           _1369_ (net)
                  0.04    0.00    7.92 ^ _4338_/A (sky130_fd_sc_hd__dlymetal6s2s_1)
                  0.25    0.22    8.14 ^ _4338_/X (sky130_fd_sc_hd__dlymetal6s2s_1)
     2    0.03                           net93 (net)
                  0.25    0.00    8.14 ^ output93/A (sky130_fd_sc_hd__clkbuf_4)
                  0.09    0.18    8.33 ^ output93/X (sky130_fd_sc_hd__clkbuf_4)
     1    0.03                           result[31] (net)
                  0.09    0.00    8.33 ^ result[31] (out)
                                  8.33   data arrival time

                  0.00   20.00   20.00   clock clk (rise edge)
                          0.00   20.00   clock network delay (ideal)
                         -0.25   19.75   clock uncertainty
                          0.00   19.75   clock reconvergence pessimism
                         -4.00   15.75   output external delay
                                 15.75   data required time
-----------------------------------------------------------------------------
                                 15.75   data required time
                                 -8.33   data arrival time
-----------------------------------------------------------------------------
                                  7.42   slack (MET)


Startpoint: b[0] (input port clocked by clk)
Endpoint: result[29] (output port clocked by clk)
Path Group: clk
Path Type: max
Corner: Fastest

Fanout     Cap    Slew   Delay    Time   Description
-----------------------------------------------------------------------------
                  0.00    0.00    0.00   clock clk (rise edge)
                          0.00    0.00   clock network delay (ideal)
                          4.00    4.00 v input external delay
                  0.01    0.00    4.00 v b[0] (in)
     1    0.00                           b[0] (net)
                  0.01    0.00    4.00 v input37/A (sky130_fd_sc_hd__clkbuf_4)
                  0.08    0.13    4.14 v input37/X (sky130_fd_sc_hd__clkbuf_4)
    10    0.05                           net37 (net)
                  0.08    0.01    4.14 v _2331_/A (Nor_gate)
                  0.72    0.57    4.72 ^ _2331_/Y (Nor_gate)
     5    0.05                           _1440_ (net)
                  0.72    0.00    4.72 ^ _2590_/A (Nand_gate)
                  0.19    0.26    4.98 v _2590_/Y (Nand_gate)
     4    0.02                           _1699_ (net)
                  0.19    0.00    4.98 v _3101_/A (Nor_gate)
                  0.29    0.28    5.25 ^ _3101_/Y (Nor_gate)
     3    0.02                           _0033_ (net)
                  0.29    0.00    5.26 ^ _3331_/A (Nand_gate)
                  0.13    0.17    5.42 v _3331_/Y (Nand_gate)
     4    0.02                           _0282_ (net)
                  0.13    0.00    5.42 v _3583_/A (Nor_gate)
                  0.23    0.22    5.64 ^ _3583_/Y (Nor_gate)
     3    0.01                           _0555_ (net)
                  0.23    0.00    5.64 ^ _3773_/A (Nand_gate)
                  0.09    0.12    5.77 v _3773_/Y (Nand_gate)
     2    0.01                           _0760_ (net)
                  0.09    0.00    5.77 v _3872_/A (Nor_gate)
                  0.07    0.09    5.85 ^ _3872_/Y (Nor_gate)
     1    0.00                           _0867_ (net)
                  0.07    0.00    5.85 ^ _3873_/B (Nor_gate)
                  0.05    0.05    5.91 v _3873_/Y (Nor_gate)
     2    0.01                           _0868_ (net)
                  0.05    0.00    5.91 v _3922_/A (Nor_gate)
                  0.14    0.14    6.04 ^ _3922_/Y (Nor_gate)
     2    0.01                           _0921_ (net)
                  0.14    0.00    6.04 ^ _3923_/B (Xnor)
                  0.34    0.32    6.37 ^ _3923_/Y (Xnor)
     3    0.01                           _0922_ (net)
                  0.34    0.00    6.37 ^ _3924_/B (Xnor)
                  0.28    0.30    6.67 ^ _3924_/Y (Xnor)
     3    0.01                           _0923_ (net)
                  0.28    0.00    6.67 ^ _3959_/B (Nor_gate)
                  0.08    0.11    6.78 v _3959_/Y (Nor_gate)
     3    0.01                           _0961_ (net)
                  0.08    0.00    6.78 v _3964_/B (Nand_gate)
                  0.04    0.05    6.83 ^ _3964_/Y (Nand_gate)
     1    0.00                           _0966_ (net)
                  0.04    0.00    6.83 ^ _3970_/A (Nand_gate)
                  0.04    0.06    6.89 v _3970_/Y (Nand_gate)
     2    0.01                           _0973_ (net)
                  0.04    0.00    6.89 v _4080_/A (inverter)
                  0.03    0.04    6.92 ^ _4080_/Y (inverter)
     1    0.00                           _1092_ (net)
                  0.03    0.00    6.92 ^ _4081_/B (Nand_gate)
                  0.03    0.04    6.96 v _4081_/Y (Nand_gate)
     1    0.00                           _1093_ (net)
                  0.03    0.00    6.96 v _4082_/B (Nor_gate)
                  0.34    0.27    7.23 ^ _4082_/Y (Nor_gate)
     2    0.02                           _1094_ (net)
                  0.34    0.00    7.23 ^ _4167_/A (Nor_gate)
                  0.05    0.08    7.31 v _4167_/Y (Nor_gate)
     1    0.00                           _1185_ (net)
                  0.05    0.00    7.31 v _4176_/A (Nor_gate)
                  0.13    0.13    7.44 ^ _4176_/Y (Nor_gate)
     2    0.01                           _1195_ (net)
                  0.13    0.00    7.44 ^ _4183_/A (Nor_gate)
                  0.05    0.07    7.52 v _4183_/Y (Nor_gate)
     3    0.01                           _1203_ (net)
                  0.05    0.00    7.52 v _4226_/B (Nor_gate)
                  0.11    0.10    7.62 ^ _4226_/Y (Nor_gate)
     2    0.01                           _1249_ (net)
                  0.11    0.00    7.62 ^ _4227_/B (Nor_gate)
                  0.03    0.04    7.66 v _4227_/Y (Nor_gate)
     1    0.00                           _1250_ (net)
                  0.03    0.00    7.66 v _4230_/A (Nor_gate)
                  0.09    0.09    7.75 ^ _4230_/Y (Nor_gate)
     1    0.00                           _1254_ (net)
                  0.09    0.00    7.75 ^ _4257_/A (Nor_gate)
                  0.04    0.05    7.81 v _4257_/Y (Nor_gate)
     2    0.01                           _1283_ (net)
                  0.04    0.00    7.81 v _4258_/A (inverter)
                  0.29    0.22    8.02 ^ _4258_/Y (inverter)
     1    0.04                           net90 (net)
                  0.29    0.01    8.03 ^ output90/A (sky130_fd_sc_hd__clkbuf_4)
                  0.09    0.19    8.22 ^ output90/X (sky130_fd_sc_hd__clkbuf_4)
     1    0.03                           result[29] (net)
                  0.09    0.00    8.22 ^ result[29] (out)
                                  8.22   data arrival time

                  0.00   20.00   20.00   clock clk (rise edge)
                          0.00   20.00   clock network delay (ideal)
                         -0.25   19.75   clock uncertainty
                          0.00   19.75   clock reconvergence pessimism
                         -4.00   15.75   output external delay
                                 15.75   data required time
-----------------------------------------------------------------------------
                                 15.75   data required time
                                 -8.22   data arrival time
-----------------------------------------------------------------------------
                                  7.53   slack (MET)


Startpoint: b[0] (input port clocked by clk)
Endpoint: result[26] (output port clocked by clk)
Path Group: clk
Path Type: max
Corner: Fastest

Fanout     Cap    Slew   Delay    Time   Description
-----------------------------------------------------------------------------
                  0.00    0.00    0.00   clock clk (rise edge)
                          0.00    0.00   clock network delay (ideal)
                          4.00    4.00 v input external delay
                  0.01    0.00    4.00 v b[0] (in)
     1    0.00                           b[0] (net)
                  0.01    0.00    4.00 v input37/A (sky130_fd_sc_hd__clkbuf_4)
                  0.08    0.13    4.14 v input37/X (sky130_fd_sc_hd__clkbuf_4)
    10    0.05                           net37 (net)
                  0.08    0.01    4.14 v _2331_/A (Nor_gate)
                  0.72    0.57    4.72 ^ _2331_/Y (Nor_gate)
     5    0.05                           _1440_ (net)
                  0.72    0.00    4.72 ^ _2590_/A (Nand_gate)
                  0.19    0.26    4.98 v _2590_/Y (Nand_gate)
     4    0.02                           _1699_ (net)
                  0.19    0.00    4.98 v _3101_/A (Nor_gate)
                  0.29    0.28    5.25 ^ _3101_/Y (Nor_gate)
     3    0.02                           _0033_ (net)
                  0.29    0.00    5.26 ^ _3331_/A (Nand_gate)
                  0.13    0.17    5.42 v _3331_/Y (Nand_gate)
     4    0.02                           _0282_ (net)
                  0.13    0.00    5.42 v _3583_/A (Nor_gate)
                  0.23    0.22    5.64 ^ _3583_/Y (Nor_gate)
     3    0.01                           _0555_ (net)
                  0.23    0.00    5.64 ^ _3773_/A (Nand_gate)
                  0.09    0.12    5.77 v _3773_/Y (Nand_gate)
     2    0.01                           _0760_ (net)
                  0.09    0.00    5.77 v _3872_/A (Nor_gate)
                  0.07    0.09    5.85 ^ _3872_/Y (Nor_gate)
     1    0.00                           _0867_ (net)
                  0.07    0.00    5.85 ^ _3873_/B (Nor_gate)
                  0.05    0.05    5.91 v _3873_/Y (Nor_gate)
     2    0.01                           _0868_ (net)
                  0.05    0.00    5.91 v _3922_/A (Nor_gate)
                  0.14    0.14    6.04 ^ _3922_/Y (Nor_gate)
     2    0.01                           _0921_ (net)
                  0.14    0.00    6.04 ^ _3923_/B (Xnor)
                  0.34    0.32    6.37 ^ _3923_/Y (Xnor)
     3    0.01                           _0922_ (net)
                  0.34    0.00    6.37 ^ _3924_/B (Xnor)
                  0.28    0.30    6.67 ^ _3924_/Y (Xnor)
     3    0.01                           _0923_ (net)
                  0.28    0.00    6.67 ^ _3959_/B (Nor_gate)
                  0.08    0.11    6.78 v _3959_/Y (Nor_gate)
     3    0.01                           _0961_ (net)
                  0.08    0.00    6.78 v _3964_/B (Nand_gate)
                  0.04    0.05    6.83 ^ _3964_/Y (Nand_gate)
     1    0.00                           _0966_ (net)
                  0.04    0.00    6.83 ^ _3970_/A (Nand_gate)
                  0.04    0.06    6.89 v _3970_/Y (Nand_gate)
     2    0.01                           _0973_ (net)
                  0.04    0.00    6.89 v _4080_/A (inverter)
                  0.03    0.04    6.92 ^ _4080_/Y (inverter)
     1    0.00                           _1092_ (net)
                  0.03    0.00    6.92 ^ _4081_/B (Nand_gate)
                  0.03    0.04    6.96 v _4081_/Y (Nand_gate)
     1    0.00                           _1093_ (net)
                  0.03    0.00    6.96 v _4082_/B (Nor_gate)
                  0.34    0.27    7.23 ^ _4082_/Y (Nor_gate)
     2    0.02                           _1094_ (net)
                  0.34    0.00    7.23 ^ _4084_/A (Nor_gate)
                  0.05    0.07    7.31 v _4084_/Y (Nor_gate)
     1    0.00                           _1096_ (net)
                  0.05    0.00    7.31 v _4085_/B (Nor_gate)
                  0.14    0.12    7.43 ^ _4085_/Y (Nor_gate)
     2    0.01                           _1097_ (net)
                  0.14    0.00    7.43 ^ _4087_/B (Nand_gate)
                  0.05    0.06    7.49 v _4087_/Y (Nand_gate)
     1    0.00                           _1099_ (net)
                  0.05    0.00    7.49 v _4088_/B (Nand_gate)
                  0.04    0.04    7.53 ^ _4088_/Y (Nand_gate)
     1    0.00                           _1101_ (net)
                  0.04    0.00    7.53 ^ _4089_/B (Nor_gate)
                  0.03    0.03    7.56 v _4089_/Y (Nor_gate)
     1    0.00                           _1102_ (net)
                  0.03    0.00    7.56 v _4118_/A (Nor_gate)
                  0.25    0.21    7.77 ^ _4118_/Y (Nor_gate)
     2    0.01                           _1134_ (net)
                  0.25    0.00    7.77 ^ _4119_/A (inverter)
                  0.17    0.19    7.96 v _4119_/Y (inverter)
     1    0.04                           net87 (net)
                  0.17    0.01    7.97 v output87/A (sky130_fd_sc_hd__clkbuf_4)
                  0.06    0.19    8.16 v output87/X (sky130_fd_sc_hd__clkbuf_4)
     1    0.04                           result[26] (net)
                  0.06    0.00    8.16 v result[26] (out)
                                  8.16   data arrival time

                  0.00   20.00   20.00   clock clk (rise edge)
                          0.00   20.00   clock network delay (ideal)
                         -0.25   19.75   clock uncertainty
                          0.00   19.75   clock reconvergence pessimism
                         -4.00   15.75   output external delay
                                 15.75   data required time
-----------------------------------------------------------------------------
                                 15.75   data required time
                                 -8.16   data arrival time
-----------------------------------------------------------------------------
                                  7.59   slack (MET)


Startpoint: b[0] (input port clocked by clk)
Endpoint: result[27] (output port clocked by clk)
Path Group: clk
Path Type: max
Corner: Fastest

Fanout     Cap    Slew   Delay    Time   Description
-----------------------------------------------------------------------------
                  0.00    0.00    0.00   clock clk (rise edge)
                          0.00    0.00   clock network delay (ideal)
                          4.00    4.00 v input external delay
                  0.01    0.00    4.00 v b[0] (in)
     1    0.00                           b[0] (net)
                  0.01    0.00    4.00 v input37/A (sky130_fd_sc_hd__clkbuf_4)
                  0.08    0.13    4.14 v input37/X (sky130_fd_sc_hd__clkbuf_4)
    10    0.05                           net37 (net)
                  0.08    0.01    4.14 v _2331_/A (Nor_gate)
                  0.72    0.57    4.72 ^ _2331_/Y (Nor_gate)
     5    0.05                           _1440_ (net)
                  0.72    0.00    4.72 ^ _2590_/A (Nand_gate)
                  0.19    0.26    4.98 v _2590_/Y (Nand_gate)
     4    0.02                           _1699_ (net)
                  0.19    0.00    4.98 v _3101_/A (Nor_gate)
                  0.29    0.28    5.25 ^ _3101_/Y (Nor_gate)
     3    0.02                           _0033_ (net)
                  0.29    0.00    5.26 ^ _3331_/A (Nand_gate)
                  0.13    0.17    5.42 v _3331_/Y (Nand_gate)
     4    0.02                           _0282_ (net)
                  0.13    0.00    5.42 v _3583_/A (Nor_gate)
                  0.23    0.22    5.64 ^ _3583_/Y (Nor_gate)
     3    0.01                           _0555_ (net)
                  0.23    0.00    5.64 ^ _3773_/A (Nand_gate)
                  0.09    0.12    5.77 v _3773_/Y (Nand_gate)
     2    0.01                           _0760_ (net)
                  0.09    0.00    5.77 v _3872_/A (Nor_gate)
                  0.07    0.09    5.85 ^ _3872_/Y (Nor_gate)
     1    0.00                           _0867_ (net)
                  0.07    0.00    5.85 ^ _3873_/B (Nor_gate)
                  0.05    0.05    5.91 v _3873_/Y (Nor_gate)
     2    0.01                           _0868_ (net)
                  0.05    0.00    5.91 v _3922_/A (Nor_gate)
                  0.14    0.14    6.04 ^ _3922_/Y (Nor_gate)
     2    0.01                           _0921_ (net)
                  0.14    0.00    6.04 ^ _3923_/B (Xnor)
                  0.34    0.32    6.37 ^ _3923_/Y (Xnor)
     3    0.01                           _0922_ (net)
                  0.34    0.00    6.37 ^ _3924_/B (Xnor)
                  0.28    0.30    6.67 ^ _3924_/Y (Xnor)
     3    0.01                           _0923_ (net)
                  0.28    0.00    6.67 ^ _3959_/B (Nor_gate)
                  0.08    0.11    6.78 v _3959_/Y (Nor_gate)
     3    0.01                           _0961_ (net)
                  0.08    0.00    6.78 v _3964_/B (Nand_gate)
                  0.04    0.05    6.83 ^ _3964_/Y (Nand_gate)
     1    0.00                           _0966_ (net)
                  0.04    0.00    6.83 ^ _3970_/A (Nand_gate)
                  0.04    0.06    6.89 v _3970_/Y (Nand_gate)
     2    0.01                           _0973_ (net)
                  0.04    0.00    6.89 v _4080_/A (inverter)
                  0.03    0.04    6.92 ^ _4080_/Y (inverter)
     1    0.00                           _1092_ (net)
                  0.03    0.00    6.92 ^ _4081_/B (Nand_gate)
                  0.03    0.04    6.96 v _4081_/Y (Nand_gate)
     1    0.00                           _1093_ (net)
                  0.03    0.00    6.96 v _4082_/B (Nor_gate)
                  0.34    0.27    7.23 ^ _4082_/Y (Nor_gate)
     2    0.02                           _1094_ (net)
                  0.34    0.00    7.23 ^ _4084_/A (Nor_gate)
                  0.05    0.07    7.31 v _4084_/Y (Nor_gate)
     1    0.00                           _1096_ (net)
                  0.05    0.00    7.31 v _4085_/B (Nor_gate)
                  0.14    0.12    7.43 ^ _4085_/Y (Nor_gate)
     2    0.01                           _1097_ (net)
                  0.14    0.00    7.43 ^ _4086_/B (Nor_gate)
                  0.06    0.06    7.49 v _4086_/Y (Nor_gate)
     2    0.01                           _1098_ (net)
                  0.06    0.00    7.49 v _4125_/B (Nor_gate)
                  0.10    0.10    7.59 ^ _4125_/Y (Nor_gate)
     2    0.01                           _1140_ (net)
                  0.10    0.00    7.59 ^ _4127_/B (Nand_gate)
                  0.05    0.05    7.64 v _4127_/Y (Nand_gate)
     1    0.00                           _1142_ (net)
                  0.05    0.00    7.64 v _4128_/B (Nand_gate)
                  0.05    0.04    7.69 ^ _4128_/Y (Nand_gate)
     1    0.00                           _1144_ (net)
                  0.05    0.00    7.69 ^ _4129_/B (Nor_gate)
                  0.03    0.03    7.72 v _4129_/Y (Nor_gate)
     1    0.00                           _1145_ (net)
                  0.03    0.00    7.72 v _4160_/A (Nor_gate)
                  0.20    0.18    7.90 ^ _4160_/Y (Nor_gate)
     2    0.01                           _1179_ (net)
                  0.20    0.00    7.90 ^ _4161_/A (inverter)
                  0.04    0.05    7.94 v _4161_/Y (inverter)
     1    0.00                           net88 (net)
                  0.04    0.00    7.94 v output88/A (sky130_fd_sc_hd__buf_2)
                  0.06    0.13    8.07 v output88/X (sky130_fd_sc_hd__buf_2)
     1    0.03                           result[27] (net)
                  0.06    0.00    8.07 v result[27] (out)
                                  8.07   data arrival time

                  0.00   20.00   20.00   clock clk (rise edge)
                          0.00   20.00   clock network delay (ideal)
                         -0.25   19.75   clock uncertainty
                          0.00   19.75   clock reconvergence pessimism
                         -4.00   15.75   output external delay
                                 15.75   data required time
-----------------------------------------------------------------------------
                                 15.75   data required time
                                 -8.07   data arrival time
-----------------------------------------------------------------------------
                                  7.68   slack (MET)


Startpoint: b[0] (input port clocked by clk)
Endpoint: result[30] (output port clocked by clk)
Path Group: clk
Path Type: max
Corner: Fastest

Fanout     Cap    Slew   Delay    Time   Description
-----------------------------------------------------------------------------
                  0.00    0.00    0.00   clock clk (rise edge)
                          0.00    0.00   clock network delay (ideal)
                          4.00    4.00 v input external delay
                  0.01    0.00    4.00 v b[0] (in)
     1    0.00                           b[0] (net)
                  0.01    0.00    4.00 v input37/A (sky130_fd_sc_hd__clkbuf_4)
                  0.08    0.13    4.14 v input37/X (sky130_fd_sc_hd__clkbuf_4)
    10    0.05                           net37 (net)
                  0.08    0.01    4.14 v _2331_/A (Nor_gate)
                  0.72    0.57    4.72 ^ _2331_/Y (Nor_gate)
     5    0.05                           _1440_ (net)
                  0.72    0.00    4.72 ^ _2590_/A (Nand_gate)
                  0.19    0.26    4.98 v _2590_/Y (Nand_gate)
     4    0.02                           _1699_ (net)
                  0.19    0.00    4.98 v _3101_/A (Nor_gate)
                  0.29    0.28    5.25 ^ _3101_/Y (Nor_gate)
     3    0.02                           _0033_ (net)
                  0.29    0.00    5.26 ^ _3331_/A (Nand_gate)
                  0.13    0.17    5.42 v _3331_/Y (Nand_gate)
     4    0.02                           _0282_ (net)
                  0.13    0.00    5.42 v _3583_/A (Nor_gate)
                  0.23    0.22    5.64 ^ _3583_/Y (Nor_gate)
     3    0.01                           _0555_ (net)
                  0.23    0.00    5.64 ^ _3773_/A (Nand_gate)
                  0.09    0.12    5.77 v _3773_/Y (Nand_gate)
     2    0.01                           _0760_ (net)
                  0.09    0.00    5.77 v _3872_/A (Nor_gate)
                  0.07    0.09    5.85 ^ _3872_/Y (Nor_gate)
     1    0.00                           _0867_ (net)
                  0.07    0.00    5.85 ^ _3873_/B (Nor_gate)
                  0.05    0.05    5.91 v _3873_/Y (Nor_gate)
     2    0.01                           _0868_ (net)
                  0.05    0.00    5.91 v _3922_/A (Nor_gate)
                  0.14    0.14    6.04 ^ _3922_/Y (Nor_gate)
     2    0.01                           _0921_ (net)
                  0.14    0.00    6.04 ^ _3923_/B (Xnor)
                  0.34    0.32    6.37 ^ _3923_/Y (Xnor)
     3    0.01                           _0922_ (net)
                  0.34    0.00    6.37 ^ _3924_/B (Xnor)
                  0.28    0.30    6.67 ^ _3924_/Y (Xnor)
     3    0.01                           _0923_ (net)
                  0.28    0.00    6.67 ^ _3959_/B (Nor_gate)
                  0.08    0.11    6.78 v _3959_/Y (Nor_gate)
     3    0.01                           _0961_ (net)
                  0.08    0.00    6.78 v _3964_/B (Nand_gate)
                  0.04    0.05    6.83 ^ _3964_/Y (Nand_gate)
     1    0.00                           _0966_ (net)
                  0.04    0.00    6.83 ^ _3970_/A (Nand_gate)
                  0.04    0.06    6.89 v _3970_/Y (Nand_gate)
     2    0.01                           _0973_ (net)
                  0.04    0.00    6.89 v _4080_/A (inverter)
                  0.03    0.04    6.92 ^ _4080_/Y (inverter)
     1    0.00                           _1092_ (net)
                  0.03    0.00    6.92 ^ _4081_/B (Nand_gate)
                  0.03    0.04    6.96 v _4081_/Y (Nand_gate)
     1    0.00                           _1093_ (net)
                  0.03    0.00    6.96 v _4082_/B (Nor_gate)
                  0.34    0.27    7.23 ^ _4082_/Y (Nor_gate)
     2    0.02                           _1094_ (net)
                  0.34    0.00    7.23 ^ _4167_/A (Nor_gate)
                  0.05    0.08    7.31 v _4167_/Y (Nor_gate)
     1    0.00                           _1185_ (net)
                  0.05    0.00    7.31 v _4176_/A (Nor_gate)
                  0.13    0.13    7.44 ^ _4176_/Y (Nor_gate)
     2    0.01                           _1195_ (net)
                  0.13    0.00    7.44 ^ _4183_/A (Nor_gate)
                  0.05    0.07    7.52 v _4183_/Y (Nor_gate)
     3    0.01                           _1203_ (net)
                  0.05    0.00    7.52 v _4265_/A (Nor_gate)
                  0.07    0.08    7.60 ^ _4265_/Y (Nor_gate)
     1    0.00                           _1291_ (net)
                  0.07    0.00    7.60 ^ _4266_/B (Nor_gate)
                  0.04    0.04    7.64 v _4266_/Y (Nor_gate)
     2    0.01                           _1292_ (net)
                  0.04    0.00    7.64 v _4268_/B (Nor_gate)
                  0.08    0.07    7.72 ^ _4268_/Y (Nor_gate)
     1    0.00                           _1295_ (net)
                  0.08    0.00    7.72 ^ _4269_/B (Nor_gate)
                  0.04    0.04    7.75 v _4269_/Y (Nor_gate)
     1    0.00                           _1296_ (net)
                  0.04    0.00    7.75 v _4270_/B (Nand_gate)
                  0.04    0.04    7.80 ^ _4270_/Y (Nand_gate)
     1    0.00                           _1297_ (net)
                  0.04    0.00    7.80 ^ _4299_/A (Nand_gate)
                  0.04    0.04    7.84 v _4299_/Y (Nand_gate)
     1    0.00                           _1329_ (net)
                  0.04    0.00    7.84 v _4300_/A (sky130_fd_sc_hd__buf_1)
                  0.05    0.09    7.93 v _4300_/X (sky130_fd_sc_hd__buf_1)
     2    0.01                           net92 (net)
                  0.05    0.00    7.93 v output92/A (sky130_fd_sc_hd__clkbuf_4)
                  0.06    0.13    8.06 v output92/X (sky130_fd_sc_hd__clkbuf_4)
     1    0.03                           result[30] (net)
                  0.06    0.00    8.06 v result[30] (out)
                                  8.06   data arrival time

                  0.00   20.00   20.00   clock clk (rise edge)
                          0.00   20.00   clock network delay (ideal)
                         -0.25   19.75   clock uncertainty
                          0.00   19.75   clock reconvergence pessimism
                         -4.00   15.75   output external delay
                                 15.75   data required time
-----------------------------------------------------------------------------
                                 15.75   data required time
                                 -8.06   data arrival time
-----------------------------------------------------------------------------
                                  7.69   slack (MET)


Startpoint: b[0] (input port clocked by clk)
Endpoint: result[28] (output port clocked by clk)
Path Group: clk
Path Type: max
Corner: Fastest

Fanout     Cap    Slew   Delay    Time   Description
-----------------------------------------------------------------------------
                  0.00    0.00    0.00   clock clk (rise edge)
                          0.00    0.00   clock network delay (ideal)
                          4.00    4.00 v input external delay
                  0.01    0.00    4.00 v b[0] (in)
     1    0.00                           b[0] (net)
                  0.01    0.00    4.00 v input37/A (sky130_fd_sc_hd__clkbuf_4)
                  0.08    0.13    4.14 v input37/X (sky130_fd_sc_hd__clkbuf_4)
    10    0.05                           net37 (net)
                  0.08    0.01    4.14 v _2331_/A (Nor_gate)
                  0.72    0.57    4.72 ^ _2331_/Y (Nor_gate)
     5    0.05                           _1440_ (net)
                  0.72    0.00    4.72 ^ _2590_/A (Nand_gate)
                  0.19    0.26    4.98 v _2590_/Y (Nand_gate)
     4    0.02                           _1699_ (net)
                  0.19    0.00    4.98 v _3101_/A (Nor_gate)
                  0.29    0.28    5.25 ^ _3101_/Y (Nor_gate)
     3    0.02                           _0033_ (net)
                  0.29    0.00    5.26 ^ _3331_/A (Nand_gate)
                  0.13    0.17    5.42 v _3331_/Y (Nand_gate)
     4    0.02                           _0282_ (net)
                  0.13    0.00    5.42 v _3583_/A (Nor_gate)
                  0.23    0.22    5.64 ^ _3583_/Y (Nor_gate)
     3    0.01                           _0555_ (net)
                  0.23    0.00    5.64 ^ _3773_/A (Nand_gate)
                  0.09    0.12    5.77 v _3773_/Y (Nand_gate)
     2    0.01                           _0760_ (net)
                  0.09    0.00    5.77 v _3872_/A (Nor_gate)
                  0.07    0.09    5.85 ^ _3872_/Y (Nor_gate)
     1    0.00                           _0867_ (net)
                  0.07    0.00    5.85 ^ _3873_/B (Nor_gate)
                  0.05    0.05    5.91 v _3873_/Y (Nor_gate)
     2    0.01                           _0868_ (net)
                  0.05    0.00    5.91 v _3922_/A (Nor_gate)
                  0.14    0.14    6.04 ^ _3922_/Y (Nor_gate)
     2    0.01                           _0921_ (net)
                  0.14    0.00    6.04 ^ _3923_/B (Xnor)
                  0.34    0.32    6.37 ^ _3923_/Y (Xnor)
     3    0.01                           _0922_ (net)
                  0.34    0.00    6.37 ^ _3924_/B (Xnor)
                  0.28    0.30    6.67 ^ _3924_/Y (Xnor)
     3    0.01                           _0923_ (net)
                  0.28    0.00    6.67 ^ _3959_/B (Nor_gate)
                  0.08    0.11    6.78 v _3959_/Y (Nor_gate)
     3    0.01                           _0961_ (net)
                  0.08    0.00    6.78 v _3964_/B (Nand_gate)
                  0.04    0.05    6.83 ^ _3964_/Y (Nand_gate)
     1    0.00                           _0966_ (net)
                  0.04    0.00    6.83 ^ _3970_/A (Nand_gate)
                  0.04    0.06    6.89 v _3970_/Y (Nand_gate)
     2    0.01                           _0973_ (net)
                  0.04    0.00    6.89 v _4080_/A (inverter)
                  0.03    0.04    6.92 ^ _4080_/Y (inverter)
     1    0.00                           _1092_ (net)
                  0.03    0.00    6.92 ^ _4081_/B (Nand_gate)
                  0.03    0.04    6.96 v _4081_/Y (Nand_gate)
     1    0.00                           _1093_ (net)
                  0.03    0.00    6.96 v _4082_/B (Nor_gate)
                  0.34    0.27    7.23 ^ _4082_/Y (Nor_gate)
     2    0.02                           _1094_ (net)
                  0.34    0.00    7.23 ^ _4167_/A (Nor_gate)
                  0.05    0.08    7.31 v _4167_/Y (Nor_gate)
     1    0.00                           _1185_ (net)
                  0.05    0.00    7.31 v _4176_/A (Nor_gate)
                  0.13    0.13    7.44 ^ _4176_/Y (Nor_gate)
     2    0.01                           _1195_ (net)
                  0.13    0.00    7.44 ^ _4183_/A (Nor_gate)
                  0.05    0.07    7.52 v _4183_/Y (Nor_gate)
     3    0.01                           _1203_ (net)
                  0.05    0.00    7.52 v _4184_/B (Nor_gate)
                  0.07    0.07    7.59 ^ _4184_/Y (Nor_gate)
     1    0.00                           _1204_ (net)
                  0.07    0.00    7.59 ^ _4185_/B (Nand_gate)
                  0.03    0.05    7.63 v _4185_/Y (Nand_gate)
     1    0.00                           _1205_ (net)
                  0.03    0.00    7.63 v _4216_/A (Nand_gate)
                  0.04    0.04    7.68 ^ _4216_/Y (Nand_gate)
     1    0.00                           _1239_ (net)
                  0.04    0.00    7.68 ^ _4217_/A (sky130_fd_sc_hd__clkbuf_2)
                  0.15    0.15    7.83 ^ _4217_/X (sky130_fd_sc_hd__clkbuf_2)
     2    0.03                           net89 (net)
                  0.15    0.01    7.84 ^ output89/A (sky130_fd_sc_hd__clkbuf_4)
                  0.09    0.16    8.00 ^ output89/X (sky130_fd_sc_hd__clkbuf_4)
     1    0.03                           result[28] (net)
                  0.09    0.00    8.00 ^ result[28] (out)
                                  8.00   data arrival time

                  0.00   20.00   20.00   clock clk (rise edge)
                          0.00   20.00   clock network delay (ideal)
                         -0.25   19.75   clock uncertainty
                          0.00   19.75   clock reconvergence pessimism
                         -4.00   15.75   output external delay
                                 15.75   data required time
-----------------------------------------------------------------------------
                                 15.75   data required time
                                 -8.00   data arrival time
-----------------------------------------------------------------------------
                                  7.75   slack (MET)


Startpoint: b[0] (input port clocked by clk)
Endpoint: result[22] (output port clocked by clk)
Path Group: clk
Path Type: max
Corner: Fastest

Fanout     Cap    Slew   Delay    Time   Description
-----------------------------------------------------------------------------
                  0.00    0.00    0.00   clock clk (rise edge)
                          0.00    0.00   clock network delay (ideal)
                          4.00    4.00 v input external delay
                  0.01    0.00    4.00 v b[0] (in)
     1    0.00                           b[0] (net)
                  0.01    0.00    4.00 v input37/A (sky130_fd_sc_hd__clkbuf_4)
                  0.08    0.13    4.14 v input37/X (sky130_fd_sc_hd__clkbuf_4)
    10    0.05                           net37 (net)
                  0.08    0.01    4.14 v _2331_/A (Nor_gate)
                  0.72    0.57    4.72 ^ _2331_/Y (Nor_gate)
     5    0.05                           _1440_ (net)
                  0.72    0.00    4.72 ^ _2590_/A (Nand_gate)
                  0.19    0.26    4.98 v _2590_/Y (Nand_gate)
     4    0.02                           _1699_ (net)
                  0.19    0.00    4.98 v _3101_/A (Nor_gate)
                  0.29    0.28    5.25 ^ _3101_/Y (Nor_gate)
     3    0.02                           _0033_ (net)
                  0.29    0.00    5.26 ^ _3331_/A (Nand_gate)
                  0.13    0.17    5.42 v _3331_/Y (Nand_gate)
     4    0.02                           _0282_ (net)
                  0.13    0.00    5.42 v _3456_/A (Nor_gate)
                  0.07    0.09    5.52 ^ _3456_/Y (Nor_gate)
     1    0.00                           _0417_ (net)
                  0.07    0.00    5.52 ^ _3457_/B (Nor_gate)
                  0.05    0.05    5.57 v _3457_/Y (Nor_gate)
     2    0.01                           _0418_ (net)
                  0.05    0.00    5.57 v _3513_/A (Nor_gate)
                  0.10    0.10    5.67 ^ _3513_/Y (Nor_gate)
     1    0.00                           _0479_ (net)
                  0.10    0.00    5.67 ^ _3514_/B (Xnor)
                  0.32    0.30    5.98 ^ _3514_/Y (Xnor)
     3    0.01                           _0480_ (net)
                  0.32    0.00    5.98 ^ _3515_/B (Xnor)
                  0.39    0.38    6.36 ^ _3515_/Y (Xnor)
     4    0.01                           _0481_ (net)
                  0.39    0.00    6.36 ^ _3567_/A (inverter)
                  0.07    0.06    6.42 v _3567_/Y (inverter)
     1    0.00                           _0537_ (net)
                  0.07    0.00    6.42 v _3568_/B (Nor_gate)
                  0.15    0.13    6.55 ^ _3568_/Y (Nor_gate)
     2    0.01                           _0539_ (net)
                  0.15    0.00    6.55 ^ _3569_/B (Nand_gate)
                  0.06    0.08    6.63 v _3569_/Y (Nand_gate)
     2    0.01                           _0540_ (net)
                  0.06    0.00    6.63 v _3679_/B (Nor_gate)
                  0.10    0.10    6.73 ^ _3679_/Y (Nor_gate)
     1    0.01                           _0659_ (net)
                  0.10    0.00    6.73 ^ _3690_/A (Nor_gate)
                  0.11    0.11    6.84 v _3690_/Y (Nor_gate)
     3    0.02                           _0671_ (net)
                  0.11    0.00    6.84 v _3883_/A (Nor_gate)
                  0.07    0.09    6.94 ^ _3883_/Y (Nor_gate)
     1    0.00                           _0879_ (net)
                  0.07    0.00    6.94 ^ _3884_/B (Nor_gate)
                  0.03    0.04    6.97 v _3884_/Y (Nor_gate)
     1    0.00                           _0880_ (net)
                  0.03    0.00    6.97 v _3886_/A (Nor_gate)
                  0.08    0.08    7.05 ^ _3886_/Y (Nor_gate)
     1    0.00                           _0882_ (net)
                  0.08    0.00    7.06 ^ _3887_/B (Nor_gate)
                  0.04    0.05    7.10 v _3887_/Y (Nor_gate)
     2    0.01                           _0883_ (net)
                  0.04    0.00    7.10 v _3888_/B (Nor_gate)
                  0.13    0.12    7.22 ^ _3888_/Y (Nor_gate)
     2    0.01                           _0885_ (net)
                  0.13    0.00    7.22 ^ _3891_/A (Nor_gate)
                  0.05    0.07    7.29 v _3891_/Y (Nor_gate)
     1    0.01                           _0888_ (net)
                  0.05    0.00    7.29 v _3919_/A (Nor_gate)
                  0.45    0.37    7.66 ^ _3919_/Y (Nor_gate)
     2    0.03                           _0919_ (net)
                  0.45    0.00    7.66 ^ _3920_/A (inverter)
                  0.08    0.08    7.74 v _3920_/Y (inverter)
     1    0.00                           net83 (net)
                  0.08    0.00    7.74 v output83/A (sky130_fd_sc_hd__clkbuf_4)
                  0.06    0.15    7.89 v output83/X (sky130_fd_sc_hd__clkbuf_4)
     1    0.04                           result[22] (net)
                  0.06    0.00    7.89 v result[22] (out)
                                  7.89   data arrival time

                  0.00   20.00   20.00   clock clk (rise edge)
                          0.00   20.00   clock network delay (ideal)
                         -0.25   19.75   clock uncertainty
                          0.00   19.75   clock reconvergence pessimism
                         -4.00   15.75   output external delay
                                 15.75   data required time
-----------------------------------------------------------------------------
                                 15.75   data required time
                                 -7.89   data arrival time
-----------------------------------------------------------------------------
                                  7.86   slack (MET)


Startpoint: b[0] (input port clocked by clk)
Endpoint: result[19] (output port clocked by clk)
Path Group: clk
Path Type: max
Corner: Fastest

Fanout     Cap    Slew   Delay    Time   Description
-----------------------------------------------------------------------------
                  0.00    0.00    0.00   clock clk (rise edge)
                          0.00    0.00   clock network delay (ideal)
                          4.00    4.00 v input external delay
                  0.01    0.00    4.00 v b[0] (in)
     1    0.00                           b[0] (net)
                  0.01    0.00    4.00 v input37/A (sky130_fd_sc_hd__clkbuf_4)
                  0.08    0.13    4.14 v input37/X (sky130_fd_sc_hd__clkbuf_4)
    10    0.05                           net37 (net)
                  0.08    0.01    4.14 v _2331_/A (Nor_gate)
                  0.72    0.57    4.72 ^ _2331_/Y (Nor_gate)
     5    0.05                           _1440_ (net)
                  0.72    0.00    4.72 ^ _2590_/A (Nand_gate)
                  0.19    0.26    4.98 v _2590_/Y (Nand_gate)
     4    0.02                           _1699_ (net)
                  0.19    0.00    4.98 v _3101_/A (Nor_gate)
                  0.29    0.28    5.25 ^ _3101_/Y (Nor_gate)
     3    0.02                           _0033_ (net)
                  0.29    0.00    5.26 ^ _3331_/A (Nand_gate)
                  0.13    0.17    5.42 v _3331_/Y (Nand_gate)
     4    0.02                           _0282_ (net)
                  0.13    0.00    5.42 v _3456_/A (Nor_gate)
                  0.07    0.09    5.52 ^ _3456_/Y (Nor_gate)
     1    0.00                           _0417_ (net)
                  0.07    0.00    5.52 ^ _3457_/B (Nor_gate)
                  0.05    0.05    5.57 v _3457_/Y (Nor_gate)
     2    0.01                           _0418_ (net)
                  0.05    0.00    5.57 v _3513_/A (Nor_gate)
                  0.10    0.10    5.67 ^ _3513_/Y (Nor_gate)
     1    0.00                           _0479_ (net)
                  0.10    0.00    5.67 ^ _3514_/B (Xnor)
                  0.32    0.30    5.98 ^ _3514_/Y (Xnor)
     3    0.01                           _0480_ (net)
                  0.32    0.00    5.98 ^ _3515_/B (Xnor)
                  0.39    0.38    6.36 ^ _3515_/Y (Xnor)
     4    0.01                           _0481_ (net)
                  0.39    0.00    6.36 ^ _3567_/A (inverter)
                  0.07    0.06    6.42 v _3567_/Y (inverter)
     1    0.00                           _0537_ (net)
                  0.07    0.00    6.42 v _3568_/B (Nor_gate)
                  0.15    0.13    6.55 ^ _3568_/Y (Nor_gate)
     2    0.01                           _0539_ (net)
                  0.15    0.00    6.55 ^ _3569_/B (Nand_gate)
                  0.06    0.08    6.63 v _3569_/Y (Nand_gate)
     2    0.01                           _0540_ (net)
                  0.06    0.00    6.63 v _3679_/B (Nor_gate)
                  0.10    0.10    6.73 ^ _3679_/Y (Nor_gate)
     1    0.01                           _0659_ (net)
                  0.10    0.00    6.73 ^ _3690_/A (Nor_gate)
                  0.11    0.11    6.84 v _3690_/Y (Nor_gate)
     3    0.02                           _0671_ (net)
                  0.11    0.00    6.84 v _3692_/A (Nor_gate)
                  0.07    0.09    6.93 ^ _3692_/Y (Nor_gate)
     1    0.00                           _0673_ (net)
                  0.07    0.00    6.93 ^ _3693_/B (Nor_gate)
                  0.04    0.05    6.98 v _3693_/Y (Nor_gate)
     2    0.01                           _0674_ (net)
                  0.04    0.00    6.98 v _3694_/B (Nor_gate)
                  0.12    0.10    7.08 ^ _3694_/Y (Nor_gate)
     2    0.01                           _0675_ (net)
                  0.12    0.00    7.08 ^ _3735_/B (Nor_gate)
                  0.04    0.06    7.14 v _3735_/Y (Nor_gate)
     2    0.01                           _0719_ (net)
                  0.04    0.00    7.14 v _3736_/B (Nor_gate)
                  0.09    0.08    7.22 ^ _3736_/Y (Nor_gate)
     1    0.00                           _0720_ (net)
                  0.09    0.00    7.22 ^ _3739_/A (Nor_gate)
                  0.04    0.06    7.28 v _3739_/Y (Nor_gate)
     1    0.01                           _0724_ (net)
                  0.04    0.00    7.28 v _3768_/A (Nor_gate)
                  0.24    0.21    7.49 ^ _3768_/Y (Nor_gate)
     2    0.01                           _0756_ (net)
                  0.24    0.00    7.49 ^ _3769_/A (inverter)
                  0.18    0.20    7.69 v _3769_/Y (inverter)
     1    0.04                           net79 (net)
                  0.18    0.00    7.70 v output79/A (sky130_fd_sc_hd__clkbuf_4)
                  0.06    0.19    7.89 v output79/X (sky130_fd_sc_hd__clkbuf_4)
     1    0.03                           result[19] (net)
                  0.06    0.00    7.89 v result[19] (out)
                                  7.89   data arrival time

                  0.00   20.00   20.00   clock clk (rise edge)
                          0.00   20.00   clock network delay (ideal)
                         -0.25   19.75   clock uncertainty
                          0.00   19.75   clock reconvergence pessimism
                         -4.00   15.75   output external delay
                                 15.75   data required time
-----------------------------------------------------------------------------
                                 15.75   data required time
                                 -7.89   data arrival time
-----------------------------------------------------------------------------
                                  7.86   slack (MET)


Startpoint: b[0] (input port clocked by clk)
Endpoint: result[23] (output port clocked by clk)
Path Group: clk
Path Type: max
Corner: Fastest

Fanout     Cap    Slew   Delay    Time   Description
-----------------------------------------------------------------------------
                  0.00    0.00    0.00   clock clk (rise edge)
                          0.00    0.00   clock network delay (ideal)
                          4.00    4.00 v input external delay
                  0.01    0.00    4.00 v b[0] (in)
     1    0.00                           b[0] (net)
                  0.01    0.00    4.00 v input37/A (sky130_fd_sc_hd__clkbuf_4)
                  0.08    0.13    4.14 v input37/X (sky130_fd_sc_hd__clkbuf_4)
    10    0.05                           net37 (net)
                  0.08    0.01    4.14 v _2331_/A (Nor_gate)
                  0.72    0.57    4.72 ^ _2331_/Y (Nor_gate)
     5    0.05                           _1440_ (net)
                  0.72    0.00    4.72 ^ _2590_/A (Nand_gate)
                  0.19    0.26    4.98 v _2590_/Y (Nand_gate)
     4    0.02                           _1699_ (net)
                  0.19    0.00    4.98 v _3101_/A (Nor_gate)
                  0.29    0.28    5.25 ^ _3101_/Y (Nor_gate)
     3    0.02                           _0033_ (net)
                  0.29    0.00    5.26 ^ _3331_/A (Nand_gate)
                  0.13    0.17    5.42 v _3331_/Y (Nand_gate)
     4    0.02                           _0282_ (net)
                  0.13    0.00    5.42 v _3456_/A (Nor_gate)
                  0.07    0.09    5.52 ^ _3456_/Y (Nor_gate)
     1    0.00                           _0417_ (net)
                  0.07    0.00    5.52 ^ _3457_/B (Nor_gate)
                  0.05    0.05    5.57 v _3457_/Y (Nor_gate)
     2    0.01                           _0418_ (net)
                  0.05    0.00    5.57 v _3513_/A (Nor_gate)
                  0.10    0.10    5.67 ^ _3513_/Y (Nor_gate)
     1    0.00                           _0479_ (net)
                  0.10    0.00    5.67 ^ _3514_/B (Xnor)
                  0.32    0.30    5.98 ^ _3514_/Y (Xnor)
     3    0.01                           _0480_ (net)
                  0.32    0.00    5.98 ^ _3515_/B (Xnor)
                  0.39    0.38    6.36 ^ _3515_/Y (Xnor)
     4    0.01                           _0481_ (net)
                  0.39    0.00    6.36 ^ _3567_/A (inverter)
                  0.07    0.06    6.42 v _3567_/Y (inverter)
     1    0.00                           _0537_ (net)
                  0.07    0.00    6.42 v _3568_/B (Nor_gate)
                  0.15    0.13    6.55 ^ _3568_/Y (Nor_gate)
     2    0.01                           _0539_ (net)
                  0.15    0.00    6.55 ^ _3569_/B (Nand_gate)
                  0.06    0.08    6.63 v _3569_/Y (Nand_gate)
     2    0.01                           _0540_ (net)
                  0.06    0.00    6.63 v _3679_/B (Nor_gate)
                  0.10    0.10    6.73 ^ _3679_/Y (Nor_gate)
     1    0.01                           _0659_ (net)
                  0.10    0.00    6.73 ^ _3690_/A (Nor_gate)
                  0.11    0.11    6.84 v _3690_/Y (Nor_gate)
     3    0.02                           _0671_ (net)
                  0.11    0.00    6.84 v _3883_/A (Nor_gate)
                  0.07    0.09    6.94 ^ _3883_/Y (Nor_gate)
     1    0.00                           _0879_ (net)
                  0.07    0.00    6.94 ^ _3884_/B (Nor_gate)
                  0.03    0.04    6.97 v _3884_/Y (Nor_gate)
     1    0.00                           _0880_ (net)
                  0.03    0.00    6.97 v _3886_/A (Nor_gate)
                  0.08    0.08    7.05 ^ _3886_/Y (Nor_gate)
     1    0.00                           _0882_ (net)
                  0.08    0.00    7.06 ^ _3887_/B (Nor_gate)
                  0.04    0.05    7.10 v _3887_/Y (Nor_gate)
     2    0.01                           _0883_ (net)
                  0.04    0.00    7.10 v _3888_/B (Nor_gate)
                  0.13    0.12    7.22 ^ _3888_/Y (Nor_gate)
     2    0.01                           _0885_ (net)
                  0.13    0.00    7.22 ^ _3927_/B (Nor_gate)
                  0.04    0.06    7.28 v _3927_/Y (Nor_gate)
     2    0.01                           _0926_ (net)
                  0.04    0.00    7.28 v _3928_/B (Nor_gate)
                  0.09    0.08    7.35 ^ _3928_/Y (Nor_gate)
     1    0.00                           _0928_ (net)
                  0.09    0.00    7.36 ^ _3931_/A (Nor_gate)
                  0.03    0.04    7.40 v _3931_/Y (Nor_gate)
     1    0.00                           _0931_ (net)
                  0.03    0.00    7.40 v _3956_/A (Nor_gate)
                  0.25    0.21    7.61 ^ _3956_/Y (Nor_gate)
     2    0.01                           _0958_ (net)
                  0.25    0.00    7.61 ^ _3957_/A (inverter)
                  0.08    0.11    7.72 v _3957_/Y (inverter)
     1    0.01                           net84 (net)
                  0.08    0.00    7.72 v output84/A (sky130_fd_sc_hd__clkbuf_4)
                  0.06    0.15    7.87 v output84/X (sky130_fd_sc_hd__clkbuf_4)
     1    0.03                           result[23] (net)
                  0.06    0.00    7.87 v result[23] (out)
                                  7.87   data arrival time

                  0.00   20.00   20.00   clock clk (rise edge)
                          0.00   20.00   clock network delay (ideal)
                         -0.25   19.75   clock uncertainty
                          0.00   19.75   clock reconvergence pessimism
                         -4.00   15.75   output external delay
                                 15.75   data required time
-----------------------------------------------------------------------------
                                 15.75   data required time
                                 -7.87   data arrival time
-----------------------------------------------------------------------------
                                  7.88   slack (MET)


Startpoint: b[0] (input port clocked by clk)
Endpoint: result[21] (output port clocked by clk)
Path Group: clk
Path Type: max
Corner: Fastest

Fanout     Cap    Slew   Delay    Time   Description
-----------------------------------------------------------------------------
                  0.00    0.00    0.00   clock clk (rise edge)
                          0.00    0.00   clock network delay (ideal)
                          4.00    4.00 v input external delay
                  0.01    0.00    4.00 v b[0] (in)
     1    0.00                           b[0] (net)
                  0.01    0.00    4.00 v input37/A (sky130_fd_sc_hd__clkbuf_4)
                  0.08    0.13    4.14 v input37/X (sky130_fd_sc_hd__clkbuf_4)
    10    0.05                           net37 (net)
                  0.08    0.01    4.14 v _2331_/A (Nor_gate)
                  0.72    0.57    4.72 ^ _2331_/Y (Nor_gate)
     5    0.05                           _1440_ (net)
                  0.72    0.00    4.72 ^ _2590_/A (Nand_gate)
                  0.19    0.26    4.98 v _2590_/Y (Nand_gate)
     4    0.02                           _1699_ (net)
                  0.19    0.00    4.98 v _3101_/A (Nor_gate)
                  0.29    0.28    5.25 ^ _3101_/Y (Nor_gate)
     3    0.02                           _0033_ (net)
                  0.29    0.00    5.26 ^ _3331_/A (Nand_gate)
                  0.13    0.17    5.42 v _3331_/Y (Nand_gate)
     4    0.02                           _0282_ (net)
                  0.13    0.00    5.42 v _3456_/A (Nor_gate)
                  0.07    0.09    5.52 ^ _3456_/Y (Nor_gate)
     1    0.00                           _0417_ (net)
                  0.07    0.00    5.52 ^ _3457_/B (Nor_gate)
                  0.05    0.05    5.57 v _3457_/Y (Nor_gate)
     2    0.01                           _0418_ (net)
                  0.05    0.00    5.57 v _3513_/A (Nor_gate)
                  0.10    0.10    5.67 ^ _3513_/Y (Nor_gate)
     1    0.00                           _0479_ (net)
                  0.10    0.00    5.67 ^ _3514_/B (Xnor)
                  0.32    0.30    5.98 ^ _3514_/Y (Xnor)
     3    0.01                           _0480_ (net)
                  0.32    0.00    5.98 ^ _3515_/B (Xnor)
                  0.39    0.38    6.36 ^ _3515_/Y (Xnor)
     4    0.01                           _0481_ (net)
                  0.39    0.00    6.36 ^ _3567_/A (inverter)
                  0.07    0.06    6.42 v _3567_/Y (inverter)
     1    0.00                           _0537_ (net)
                  0.07    0.00    6.42 v _3568_/B (Nor_gate)
                  0.15    0.13    6.55 ^ _3568_/Y (Nor_gate)
     2    0.01                           _0539_ (net)
                  0.15    0.00    6.55 ^ _3569_/B (Nand_gate)
                  0.06    0.08    6.63 v _3569_/Y (Nand_gate)
     2    0.01                           _0540_ (net)
                  0.06    0.00    6.63 v _3570_/B (Nor_gate)
                  0.07    0.07    6.70 ^ _3570_/Y (Nor_gate)
     1    0.00                           _0541_ (net)
                  0.07    0.00    6.70 ^ _3579_/A (Nor_gate)
                  0.02    0.04    6.74 v _3579_/Y (Nor_gate)
     1    0.00                           _0551_ (net)
                  0.02    0.00    6.74 v _3580_/B (Nand_gate)
                  0.19    0.15    6.89 ^ _3580_/Y (Nand_gate)
     4    0.02                           _0552_ (net)
                  0.19    0.00    6.89 ^ _3794_/A (Nand_gate)
                  0.04    0.07    6.95 v _3794_/Y (Nand_gate)
     1    0.00                           _0783_ (net)
                  0.04    0.00    6.95 v _3795_/B (Nand_gate)
                  0.06    0.05    7.01 ^ _3795_/Y (Nand_gate)
     2    0.01                           _0784_ (net)
                  0.06    0.00    7.01 ^ _3797_/B (Nand_gate)
                  0.05    0.06    7.06 v _3797_/Y (Nand_gate)
     2    0.01                           _0786_ (net)
                  0.05    0.00    7.07 v _3835_/B (Nand_gate)
                  0.06    0.06    7.13 ^ _3835_/Y (Nand_gate)
     2    0.01                           _0827_ (net)
                  0.06    0.00    7.13 ^ _3837_/B (Nand_gate)
                  0.04    0.04    7.17 v _3837_/Y (Nand_gate)
     1    0.00                           _0829_ (net)
                  0.04    0.00    7.17 v _3838_/B (Nand_gate)
                  0.04    0.04    7.21 ^ _3838_/Y (Nand_gate)
     1    0.00                           _0831_ (net)
                  0.04    0.00    7.21 ^ _3839_/B (Nor_gate)
                  0.03    0.03    7.24 v _3839_/Y (Nor_gate)
     1    0.00                           _0832_ (net)
                  0.03    0.00    7.24 v _3868_/A (Nor_gate)
                  0.45    0.36    7.60 ^ _3868_/Y (Nor_gate)
     2    0.03                           _0864_ (net)
                  0.45    0.00    7.61 ^ _3869_/A (inverter)
                  0.09    0.09    7.70 v _3869_/Y (inverter)
     1    0.01                           net82 (net)
                  0.09    0.00    7.70 v output82/A (sky130_fd_sc_hd__clkbuf_4)
                  0.06    0.15    7.85 v output82/X (sky130_fd_sc_hd__clkbuf_4)
     1    0.03                           result[21] (net)
                  0.06    0.00    7.85 v result[21] (out)
                                  7.85   data arrival time

                  0.00   20.00   20.00   clock clk (rise edge)
                          0.00   20.00   clock network delay (ideal)
                         -0.25   19.75   clock uncertainty
                          0.00   19.75   clock reconvergence pessimism
                         -4.00   15.75   output external delay
                                 15.75   data required time
-----------------------------------------------------------------------------
                                 15.75   data required time
                                 -7.85   data arrival time
-----------------------------------------------------------------------------
                                  7.90   slack (MET)


Startpoint: b[0] (input port clocked by clk)
Endpoint: result[25] (output port clocked by clk)
Path Group: clk
Path Type: max
Corner: Fastest

Fanout     Cap    Slew   Delay    Time   Description
-----------------------------------------------------------------------------
                  0.00    0.00    0.00   clock clk (rise edge)
                          0.00    0.00   clock network delay (ideal)
                          4.00    4.00 v input external delay
                  0.01    0.00    4.00 v b[0] (in)
     1    0.00                           b[0] (net)
                  0.01    0.00    4.00 v input37/A (sky130_fd_sc_hd__clkbuf_4)
                  0.08    0.13    4.14 v input37/X (sky130_fd_sc_hd__clkbuf_4)
    10    0.05                           net37 (net)
                  0.08    0.01    4.14 v _2331_/A (Nor_gate)
                  0.72    0.57    4.72 ^ _2331_/Y (Nor_gate)
     5    0.05                           _1440_ (net)
                  0.72    0.00    4.72 ^ _2590_/A (Nand_gate)
                  0.19    0.26    4.98 v _2590_/Y (Nand_gate)
     4    0.02                           _1699_ (net)
                  0.19    0.00    4.98 v _3101_/A (Nor_gate)
                  0.29    0.28    5.25 ^ _3101_/Y (Nor_gate)
     3    0.02                           _0033_ (net)
                  0.29    0.00    5.26 ^ _3331_/A (Nand_gate)
                  0.13    0.17    5.42 v _3331_/Y (Nand_gate)
     4    0.02                           _0282_ (net)
                  0.13    0.00    5.42 v _3456_/A (Nor_gate)
                  0.07    0.09    5.52 ^ _3456_/Y (Nor_gate)
     1    0.00                           _0417_ (net)
                  0.07    0.00    5.52 ^ _3457_/B (Nor_gate)
                  0.05    0.05    5.57 v _3457_/Y (Nor_gate)
     2    0.01                           _0418_ (net)
                  0.05    0.00    5.57 v _3513_/A (Nor_gate)
                  0.10    0.10    5.67 ^ _3513_/Y (Nor_gate)
     1    0.00                           _0479_ (net)
                  0.10    0.00    5.67 ^ _3514_/B (Xnor)
                  0.32    0.30    5.98 ^ _3514_/Y (Xnor)
     3    0.01                           _0480_ (net)
                  0.32    0.00    5.98 ^ _3515_/B (Xnor)
                  0.39    0.38    6.36 ^ _3515_/Y (Xnor)
     4    0.01                           _0481_ (net)
                  0.39    0.00    6.36 ^ _3567_/A (inverter)
                  0.07    0.06    6.42 v _3567_/Y (inverter)
     1    0.00                           _0537_ (net)
                  0.07    0.00    6.42 v _3568_/B (Nor_gate)
                  0.15    0.13    6.55 ^ _3568_/Y (Nor_gate)
     2    0.01                           _0539_ (net)
                  0.15    0.00    6.55 ^ _3569_/B (Nand_gate)
                  0.06    0.08    6.63 v _3569_/Y (Nand_gate)
     2    0.01                           _0540_ (net)
                  0.06    0.00    6.63 v _3570_/B (Nor_gate)
                  0.07    0.07    6.70 ^ _3570_/Y (Nor_gate)
     1    0.00                           _0541_ (net)
                  0.07    0.00    6.70 ^ _3579_/A (Nor_gate)
                  0.02    0.04    6.74 v _3579_/Y (Nor_gate)
     1    0.00                           _0551_ (net)
                  0.02    0.00    6.74 v _3580_/B (Nand_gate)
                  0.19    0.15    6.89 ^ _3580_/Y (Nand_gate)
     4    0.02                           _0552_ (net)
                  0.19    0.00    6.89 ^ _3962_/A (Nand_gate)
                  0.05    0.08    6.97 v _3962_/Y (Nand_gate)
     1    0.00                           _0964_ (net)
                  0.05    0.00    6.97 v _3972_/A (Nand_gate)
                  0.15    0.13    7.09 ^ _3972_/Y (Nand_gate)
     2    0.02                           _0975_ (net)
                  0.15    0.00    7.10 ^ _3980_/A (Nand_gate)
                  0.10    0.11    7.21 v _3980_/Y (Nand_gate)
     2    0.01                           _0984_ (net)
                  0.10    0.00    7.21 v _4028_/B (Nand_gate)
                  0.06    0.07    7.27 ^ _4028_/Y (Nand_gate)
     2    0.01                           _1036_ (net)
                  0.06    0.00    7.27 ^ _4030_/B (Nand_gate)
                  0.04    0.04    7.31 v _4030_/Y (Nand_gate)
     1    0.00                           _1038_ (net)
                  0.04    0.00    7.31 v _4031_/B (Nand_gate)
                  0.05    0.04    7.36 ^ _4031_/Y (Nand_gate)
     1    0.00                           _1039_ (net)
                  0.05    0.00    7.36 ^ _4032_/B (Nor_gate)
                  0.03    0.03    7.39 v _4032_/Y (Nor_gate)
     1    0.00                           _1040_ (net)
                  0.03    0.00    7.39 v _4066_/A (Nor_gate)
                  0.26    0.22    7.61 ^ _4066_/Y (Nor_gate)
     2    0.02                           _1077_ (net)
                  0.26    0.00    7.61 ^ _4067_/A (inverter)
                  0.04    0.04    7.65 v _4067_/Y (inverter)
     1    0.00                           net86 (net)
                  0.04    0.00    7.65 v output86/A (sky130_fd_sc_hd__buf_2)
                  0.06    0.13    7.78 v output86/X (sky130_fd_sc_hd__buf_2)
     1    0.03                           result[25] (net)
                  0.06    0.00    7.78 v result[25] (out)
                                  7.78   data arrival time

                  0.00   20.00   20.00   clock clk (rise edge)
                          0.00   20.00   clock network delay (ideal)
                         -0.25   19.75   clock uncertainty
                          0.00   19.75   clock reconvergence pessimism
                         -4.00   15.75   output external delay
                                 15.75   data required time
-----------------------------------------------------------------------------
                                 15.75   data required time
                                 -7.78   data arrival time
-----------------------------------------------------------------------------
                                  7.97   slack (MET)


Startpoint: b[0] (input port clocked by clk)
Endpoint: result[18] (output port clocked by clk)
Path Group: clk
Path Type: max
Corner: Fastest

Fanout     Cap    Slew   Delay    Time   Description
-----------------------------------------------------------------------------
                  0.00    0.00    0.00   clock clk (rise edge)
                          0.00    0.00   clock network delay (ideal)
                          4.00    4.00 v input external delay
                  0.01    0.00    4.00 v b[0] (in)
     1    0.00                           b[0] (net)
                  0.01    0.00    4.00 v input37/A (sky130_fd_sc_hd__clkbuf_4)
                  0.08    0.13    4.14 v input37/X (sky130_fd_sc_hd__clkbuf_4)
    10    0.05                           net37 (net)
                  0.08    0.01    4.14 v _2331_/A (Nor_gate)
                  0.72    0.57    4.72 ^ _2331_/Y (Nor_gate)
     5    0.05                           _1440_ (net)
                  0.72    0.00    4.72 ^ _2590_/A (Nand_gate)
                  0.19    0.26    4.98 v _2590_/Y (Nand_gate)
     4    0.02                           _1699_ (net)
                  0.19    0.00    4.98 v _3101_/A (Nor_gate)
                  0.29    0.28    5.25 ^ _3101_/Y (Nor_gate)
     3    0.02                           _0033_ (net)
                  0.29    0.00    5.26 ^ _3331_/A (Nand_gate)
                  0.13    0.17    5.42 v _3331_/Y (Nand_gate)
     4    0.02                           _0282_ (net)
                  0.13    0.00    5.42 v _3456_/A (Nor_gate)
                  0.07    0.09    5.52 ^ _3456_/Y (Nor_gate)
     1    0.00                           _0417_ (net)
                  0.07    0.00    5.52 ^ _3457_/B (Nor_gate)
                  0.05    0.05    5.57 v _3457_/Y (Nor_gate)
     2    0.01                           _0418_ (net)
                  0.05    0.00    5.57 v _3513_/A (Nor_gate)
                  0.10    0.10    5.67 ^ _3513_/Y (Nor_gate)
     1    0.00                           _0479_ (net)
                  0.10    0.00    5.67 ^ _3514_/B (Xnor)
                  0.32    0.30    5.98 ^ _3514_/Y (Xnor)
     3    0.01                           _0480_ (net)
                  0.32    0.00    5.98 ^ _3515_/B (Xnor)
                  0.39    0.38    6.36 ^ _3515_/Y (Xnor)
     4    0.01                           _0481_ (net)
                  0.39    0.00    6.36 ^ _3567_/A (inverter)
                  0.07    0.06    6.42 v _3567_/Y (inverter)
     1    0.00                           _0537_ (net)
                  0.07    0.00    6.42 v _3568_/B (Nor_gate)
                  0.15    0.13    6.55 ^ _3568_/Y (Nor_gate)
     2    0.01                           _0539_ (net)
                  0.15    0.00    6.55 ^ _3569_/B (Nand_gate)
                  0.06    0.08    6.63 v _3569_/Y (Nand_gate)
     2    0.01                           _0540_ (net)
                  0.06    0.00    6.63 v _3679_/B (Nor_gate)
                  0.10    0.10    6.73 ^ _3679_/Y (Nor_gate)
     1    0.01                           _0659_ (net)
                  0.10    0.00    6.73 ^ _3690_/A (Nor_gate)
                  0.11    0.11    6.84 v _3690_/Y (Nor_gate)
     3    0.02                           _0671_ (net)
                  0.11    0.00    6.84 v _3692_/A (Nor_gate)
                  0.07    0.09    6.93 ^ _3692_/Y (Nor_gate)
     1    0.00                           _0673_ (net)
                  0.07    0.00    6.93 ^ _3693_/B (Nor_gate)
                  0.04    0.05    6.98 v _3693_/Y (Nor_gate)
     2    0.01                           _0674_ (net)
                  0.04    0.00    6.98 v _3694_/B (Nor_gate)
                  0.12    0.10    7.08 ^ _3694_/Y (Nor_gate)
     2    0.01                           _0675_ (net)
                  0.12    0.00    7.08 ^ _3698_/A (Nor_gate)
                  0.04    0.06    7.15 v _3698_/Y (Nor_gate)
     1    0.01                           _0680_ (net)
                  0.04    0.00    7.15 v _3728_/A (Nor_gate)
                  0.49    0.40    7.54 ^ _3728_/Y (Nor_gate)
     2    0.03                           _0713_ (net)
                  0.49    0.01    7.55 ^ _3729_/A (inverter)
                  0.08    0.06    7.61 v _3729_/Y (inverter)
     1    0.00                           net78 (net)
                  0.08    0.00    7.61 v output78/A (sky130_fd_sc_hd__clkbuf_4)
                  0.06    0.15    7.76 v output78/X (sky130_fd_sc_hd__clkbuf_4)
     1    0.03                           result[18] (net)
                  0.06    0.00    7.76 v result[18] (out)
                                  7.76   data arrival time

                  0.00   20.00   20.00   clock clk (rise edge)
                          0.00   20.00   clock network delay (ideal)
                         -0.25   19.75   clock uncertainty
                          0.00   19.75   clock reconvergence pessimism
                         -4.00   15.75   output external delay
                                 15.75   data required time
-----------------------------------------------------------------------------
                                 15.75   data required time
                                 -7.76   data arrival time
-----------------------------------------------------------------------------
                                  7.99   slack (MET)


Startpoint: b[0] (input port clocked by clk)
Endpoint: result[20] (output port clocked by clk)
Path Group: clk
Path Type: max
Corner: Fastest

Fanout     Cap    Slew   Delay    Time   Description
-----------------------------------------------------------------------------
                  0.00    0.00    0.00   clock clk (rise edge)
                          0.00    0.00   clock network delay (ideal)
                          4.00    4.00 v input external delay
                  0.01    0.00    4.00 v b[0] (in)
     1    0.00                           b[0] (net)
                  0.01    0.00    4.00 v input37/A (sky130_fd_sc_hd__clkbuf_4)
                  0.08    0.13    4.14 v input37/X (sky130_fd_sc_hd__clkbuf_4)
    10    0.05                           net37 (net)
                  0.08    0.01    4.14 v _2331_/A (Nor_gate)
                  0.72    0.57    4.72 ^ _2331_/Y (Nor_gate)
     5    0.05                           _1440_ (net)
                  0.72    0.00    4.72 ^ _2590_/A (Nand_gate)
                  0.19    0.26    4.98 v _2590_/Y (Nand_gate)
     4    0.02                           _1699_ (net)
                  0.19    0.00    4.98 v _3101_/A (Nor_gate)
                  0.29    0.28    5.25 ^ _3101_/Y (Nor_gate)
     3    0.02                           _0033_ (net)
                  0.29    0.00    5.26 ^ _3331_/A (Nand_gate)
                  0.13    0.17    5.42 v _3331_/Y (Nand_gate)
     4    0.02                           _0282_ (net)
                  0.13    0.00    5.42 v _3456_/A (Nor_gate)
                  0.07    0.09    5.52 ^ _3456_/Y (Nor_gate)
     1    0.00                           _0417_ (net)
                  0.07    0.00    5.52 ^ _3457_/B (Nor_gate)
                  0.05    0.05    5.57 v _3457_/Y (Nor_gate)
     2    0.01                           _0418_ (net)
                  0.05    0.00    5.57 v _3513_/A (Nor_gate)
                  0.10    0.10    5.67 ^ _3513_/Y (Nor_gate)
     1    0.00                           _0479_ (net)
                  0.10    0.00    5.67 ^ _3514_/B (Xnor)
                  0.32    0.30    5.98 ^ _3514_/Y (Xnor)
     3    0.01                           _0480_ (net)
                  0.32    0.00    5.98 ^ _3515_/B (Xnor)
                  0.39    0.38    6.36 ^ _3515_/Y (Xnor)
     4    0.01                           _0481_ (net)
                  0.39    0.00    6.36 ^ _3567_/A (inverter)
                  0.07    0.06    6.42 v _3567_/Y (inverter)
     1    0.00                           _0537_ (net)
                  0.07    0.00    6.42 v _3568_/B (Nor_gate)
                  0.15    0.13    6.55 ^ _3568_/Y (Nor_gate)
     2    0.01                           _0539_ (net)
                  0.15    0.00    6.55 ^ _3569_/B (Nand_gate)
                  0.06    0.08    6.63 v _3569_/Y (Nand_gate)
     2    0.01                           _0540_ (net)
                  0.06    0.00    6.63 v _3570_/B (Nor_gate)
                  0.07    0.07    6.70 ^ _3570_/Y (Nor_gate)
     1    0.00                           _0541_ (net)
                  0.07    0.00    6.70 ^ _3579_/A (Nor_gate)
                  0.02    0.04    6.74 v _3579_/Y (Nor_gate)
     1    0.00                           _0551_ (net)
                  0.02    0.00    6.74 v _3580_/B (Nand_gate)
                  0.19    0.15    6.89 ^ _3580_/Y (Nand_gate)
     4    0.02                           _0552_ (net)
                  0.19    0.00    6.89 ^ _3794_/A (Nand_gate)
                  0.04    0.07    6.95 v _3794_/Y (Nand_gate)
     1    0.00                           _0783_ (net)
                  0.04    0.00    6.95 v _3795_/B (Nand_gate)
                  0.06    0.05    7.01 ^ _3795_/Y (Nand_gate)
     2    0.01                           _0784_ (net)
                  0.06    0.00    7.01 ^ _3797_/B (Nand_gate)
                  0.05    0.06    7.06 v _3797_/Y (Nand_gate)
     2    0.01                           _0786_ (net)
                  0.05    0.00    7.07 v _3798_/B (Nand_gate)
                  0.04    0.04    7.11 ^ _3798_/Y (Nand_gate)
     1    0.00                           _0788_ (net)
                  0.04    0.00    7.11 ^ _3799_/B (Nor_gate)
                  0.03    0.03    7.13 v _3799_/Y (Nor_gate)
     1    0.00                           _0789_ (net)
                  0.03    0.00    7.13 v _3825_/A (Nor_gate)
                  0.42    0.34    7.48 ^ _3825_/Y (Nor_gate)
     2    0.03                           _0817_ (net)
                  0.42    0.00    7.48 ^ _3826_/A (inverter)
                  0.09    0.12    7.60 v _3826_/Y (inverter)
     1    0.01                           net81 (net)
                  0.09    0.00    7.60 v output81/A (sky130_fd_sc_hd__clkbuf_4)
                  0.06    0.16    7.76 v output81/X (sky130_fd_sc_hd__clkbuf_4)
     1    0.03                           result[20] (net)
                  0.06    0.00    7.76 v result[20] (out)
                                  7.76   data arrival time

                  0.00   20.00   20.00   clock clk (rise edge)
                          0.00   20.00   clock network delay (ideal)
                         -0.25   19.75   clock uncertainty
                          0.00   19.75   clock reconvergence pessimism
                         -4.00   15.75   output external delay
                                 15.75   data required time
-----------------------------------------------------------------------------
                                 15.75   data required time
                                 -7.76   data arrival time
-----------------------------------------------------------------------------
                                  7.99   slack (MET)


Startpoint: b[0] (input port clocked by clk)
Endpoint: result[24] (output port clocked by clk)
Path Group: clk
Path Type: max
Corner: Fastest

Fanout     Cap    Slew   Delay    Time   Description
-----------------------------------------------------------------------------
                  0.00    0.00    0.00   clock clk (rise edge)
                          0.00    0.00   clock network delay (ideal)
                          4.00    4.00 v input external delay
                  0.01    0.00    4.00 v b[0] (in)
     1    0.00                           b[0] (net)
                  0.01    0.00    4.00 v input37/A (sky130_fd_sc_hd__clkbuf_4)
                  0.08    0.13    4.14 v input37/X (sky130_fd_sc_hd__clkbuf_4)
    10    0.05                           net37 (net)
                  0.08    0.01    4.14 v _2331_/A (Nor_gate)
                  0.72    0.57    4.72 ^ _2331_/Y (Nor_gate)
     5    0.05                           _1440_ (net)
                  0.72    0.00    4.72 ^ _2590_/A (Nand_gate)
                  0.19    0.26    4.98 v _2590_/Y (Nand_gate)
     4    0.02                           _1699_ (net)
                  0.19    0.00    4.98 v _3101_/A (Nor_gate)
                  0.29    0.28    5.25 ^ _3101_/Y (Nor_gate)
     3    0.02                           _0033_ (net)
                  0.29    0.00    5.26 ^ _3331_/A (Nand_gate)
                  0.13    0.17    5.42 v _3331_/Y (Nand_gate)
     4    0.02                           _0282_ (net)
                  0.13    0.00    5.42 v _3456_/A (Nor_gate)
                  0.07    0.09    5.52 ^ _3456_/Y (Nor_gate)
     1    0.00                           _0417_ (net)
                  0.07    0.00    5.52 ^ _3457_/B (Nor_gate)
                  0.05    0.05    5.57 v _3457_/Y (Nor_gate)
     2    0.01                           _0418_ (net)
                  0.05    0.00    5.57 v _3513_/A (Nor_gate)
                  0.10    0.10    5.67 ^ _3513_/Y (Nor_gate)
     1    0.00                           _0479_ (net)
                  0.10    0.00    5.67 ^ _3514_/B (Xnor)
                  0.32    0.30    5.98 ^ _3514_/Y (Xnor)
     3    0.01                           _0480_ (net)
                  0.32    0.00    5.98 ^ _3515_/B (Xnor)
                  0.39    0.38    6.36 ^ _3515_/Y (Xnor)
     4    0.01                           _0481_ (net)
                  0.39    0.00    6.36 ^ _3567_/A (inverter)
                  0.07    0.06    6.42 v _3567_/Y (inverter)
     1    0.00                           _0537_ (net)
                  0.07    0.00    6.42 v _3568_/B (Nor_gate)
                  0.15    0.13    6.55 ^ _3568_/Y (Nor_gate)
     2    0.01                           _0539_ (net)
                  0.15    0.00    6.55 ^ _3569_/B (Nand_gate)
                  0.06    0.08    6.63 v _3569_/Y (Nand_gate)
     2    0.01                           _0540_ (net)
                  0.06    0.00    6.63 v _3570_/B (Nor_gate)
                  0.07    0.07    6.70 ^ _3570_/Y (Nor_gate)
     1    0.00                           _0541_ (net)
                  0.07    0.00    6.70 ^ _3579_/A (Nor_gate)
                  0.02    0.04    6.74 v _3579_/Y (Nor_gate)
     1    0.00                           _0551_ (net)
                  0.02    0.00    6.74 v _3580_/B (Nand_gate)
                  0.19    0.15    6.89 ^ _3580_/Y (Nand_gate)
     4    0.02                           _0552_ (net)
                  0.19    0.00    6.89 ^ _3962_/A (Nand_gate)
                  0.05    0.08    6.97 v _3962_/Y (Nand_gate)
     1    0.00                           _0964_ (net)
                  0.05    0.00    6.97 v _3972_/A (Nand_gate)
                  0.15    0.13    7.09 ^ _3972_/Y (Nand_gate)
     2    0.02                           _0975_ (net)
                  0.15    0.00    7.10 ^ _3981_/A (Nor_gate)
                  0.04    0.05    7.15 v _3981_/Y (Nor_gate)
     1    0.00                           _0985_ (net)
                  0.04    0.00    7.15 v _3982_/B (Nor_gate)
                  0.08    0.07    7.22 ^ _3982_/Y (Nor_gate)
     1    0.00                           _0986_ (net)
                  0.08    0.00    7.22 ^ _3983_/B (Nand_gate)
                  0.03    0.05    7.27 v _3983_/Y (Nand_gate)
     1    0.00                           _0987_ (net)
                  0.03    0.00    7.27 v _4019_/A (Nand_gate)
                  0.04    0.04    7.31 ^ _4019_/Y (Nand_gate)
     1    0.00                           _1027_ (net)
                  0.04    0.00    7.31 ^ _4020_/A (sky130_fd_sc_hd__dlymetal6s2s_1)
                  0.22    0.20    7.51 ^ _4020_/X (sky130_fd_sc_hd__dlymetal6s2s_1)
     2    0.03                           net85 (net)
                  0.22    0.00    7.52 ^ output85/A (sky130_fd_sc_hd__clkbuf_4)
                  0.09    0.18    7.69 ^ output85/X (sky130_fd_sc_hd__clkbuf_4)
     1    0.04                           result[24] (net)
                  0.09    0.00    7.70 ^ result[24] (out)
                                  7.70   data arrival time

                  0.00   20.00   20.00   clock clk (rise edge)
                          0.00   20.00   clock network delay (ideal)
                         -0.25   19.75   clock uncertainty
                          0.00   19.75   clock reconvergence pessimism
                         -4.00   15.75   output external delay
                                 15.75   data required time
-----------------------------------------------------------------------------
                                 15.75   data required time
                                 -7.70   data arrival time
-----------------------------------------------------------------------------
                                  8.05   slack (MET)


Startpoint: b[0] (input port clocked by clk)
Endpoint: result[17] (output port clocked by clk)
Path Group: clk
Path Type: max
Corner: Fastest

Fanout     Cap    Slew   Delay    Time   Description
-----------------------------------------------------------------------------
                  0.00    0.00    0.00   clock clk (rise edge)
                          0.00    0.00   clock network delay (ideal)
                          4.00    4.00 v input external delay
                  0.01    0.00    4.00 v b[0] (in)
     1    0.00                           b[0] (net)
                  0.01    0.00    4.00 v input37/A (sky130_fd_sc_hd__clkbuf_4)
                  0.08    0.13    4.14 v input37/X (sky130_fd_sc_hd__clkbuf_4)
    10    0.05                           net37 (net)
                  0.08    0.01    4.14 v _2331_/A (Nor_gate)
                  0.72    0.57    4.72 ^ _2331_/Y (Nor_gate)
     5    0.05                           _1440_ (net)
                  0.72    0.00    4.72 ^ _2590_/A (Nand_gate)
                  0.19    0.26    4.98 v _2590_/Y (Nand_gate)
     4    0.02                           _1699_ (net)
                  0.19    0.00    4.98 v _3101_/A (Nor_gate)
                  0.29    0.28    5.25 ^ _3101_/Y (Nor_gate)
     3    0.02                           _0033_ (net)
                  0.29    0.00    5.26 ^ _3331_/A (Nand_gate)
                  0.13    0.17    5.42 v _3331_/Y (Nand_gate)
     4    0.02                           _0282_ (net)
                  0.13    0.00    5.42 v _3456_/A (Nor_gate)
                  0.07    0.09    5.52 ^ _3456_/Y (Nor_gate)
     1    0.00                           _0417_ (net)
                  0.07    0.00    5.52 ^ _3457_/B (Nor_gate)
                  0.05    0.05    5.57 v _3457_/Y (Nor_gate)
     2    0.01                           _0418_ (net)
                  0.05    0.00    5.57 v _3513_/A (Nor_gate)
                  0.10    0.10    5.67 ^ _3513_/Y (Nor_gate)
     1    0.00                           _0479_ (net)
                  0.10    0.00    5.67 ^ _3514_/B (Xnor)
                  0.32    0.30    5.98 ^ _3514_/Y (Xnor)
     3    0.01                           _0480_ (net)
                  0.32    0.00    5.98 ^ _3515_/B (Xnor)
                  0.39    0.38    6.36 ^ _3515_/Y (Xnor)
     4    0.01                           _0481_ (net)
                  0.39    0.00    6.36 ^ _3567_/A (inverter)
                  0.07    0.06    6.42 v _3567_/Y (inverter)
     1    0.00                           _0537_ (net)
                  0.07    0.00    6.42 v _3568_/B (Nor_gate)
                  0.15    0.13    6.55 ^ _3568_/Y (Nor_gate)
     2    0.01                           _0539_ (net)
                  0.15    0.00    6.55 ^ _3569_/B (Nand_gate)
                  0.06    0.08    6.63 v _3569_/Y (Nand_gate)
     2    0.01                           _0540_ (net)
                  0.06    0.00    6.63 v _3570_/B (Nor_gate)
                  0.07    0.07    6.70 ^ _3570_/Y (Nor_gate)
     1    0.00                           _0541_ (net)
                  0.07    0.00    6.70 ^ _3579_/A (Nor_gate)
                  0.02    0.04    6.74 v _3579_/Y (Nor_gate)
     1    0.00                           _0551_ (net)
                  0.02    0.00    6.74 v _3580_/B (Nand_gate)
                  0.19    0.15    6.89 ^ _3580_/Y (Nand_gate)
     4    0.02                           _0552_ (net)
                  0.19    0.00    6.89 ^ _3590_/A (Nand_gate)
                  0.06    0.09    6.98 v _3590_/Y (Nand_gate)
     2    0.01                           _0563_ (net)
                  0.06    0.00    6.98 v _3635_/B (Nand_gate)
                  0.06    0.06    7.04 ^ _3635_/Y (Nand_gate)
     2    0.01                           _0611_ (net)
                  0.06    0.00    7.04 ^ _3637_/B (Nor_gate)
                  0.04    0.04    7.08 v _3637_/Y (Nor_gate)
     1    0.00                           _0613_ (net)
                  0.04    0.00    7.08 v _3638_/B (Nor_gate)
                  0.08    0.08    7.15 ^ _3638_/Y (Nor_gate)
     1    0.00                           _0615_ (net)
                  0.08    0.00    7.16 ^ _3639_/B (Nand_gate)
                  0.05    0.07    7.22 v _3639_/Y (Nand_gate)
     1    0.01                           _0616_ (net)
                  0.05    0.00    7.22 v _3670_/A (Nand_gate)
                  0.04    0.05    7.27 ^ _3670_/Y (Nand_gate)
     1    0.00                           _0650_ (net)
                  0.04    0.00    7.27 ^ _3671_/A (sky130_fd_sc_hd__dlymetal6s2s_1)
                  0.25    0.22    7.49 ^ _3671_/X (sky130_fd_sc_hd__dlymetal6s2s_1)
     2    0.03                           net77 (net)
                  0.25    0.00    7.49 ^ output77/A (sky130_fd_sc_hd__clkbuf_4)
                  0.09    0.18    7.67 ^ output77/X (sky130_fd_sc_hd__clkbuf_4)
     1    0.03                           result[17] (net)
                  0.09    0.00    7.67 ^ result[17] (out)
                                  7.67   data arrival time

                  0.00   20.00   20.00   clock clk (rise edge)
                          0.00   20.00   clock network delay (ideal)
                         -0.25   19.75   clock uncertainty
                          0.00   19.75   clock reconvergence pessimism
                         -4.00   15.75   output external delay
                                 15.75   data required time
-----------------------------------------------------------------------------
                                 15.75   data required time
                                 -7.67   data arrival time
-----------------------------------------------------------------------------
                                  8.08   slack (MET)


Startpoint: b[0] (input port clocked by clk)
Endpoint: result[16] (output port clocked by clk)
Path Group: clk
Path Type: max
Corner: Fastest

Fanout     Cap    Slew   Delay    Time   Description
-----------------------------------------------------------------------------
                  0.00    0.00    0.00   clock clk (rise edge)
                          0.00    0.00   clock network delay (ideal)
                          4.00    4.00 v input external delay
                  0.01    0.00    4.00 v b[0] (in)
     1    0.00                           b[0] (net)
                  0.01    0.00    4.00 v input37/A (sky130_fd_sc_hd__clkbuf_4)
                  0.08    0.13    4.14 v input37/X (sky130_fd_sc_hd__clkbuf_4)
    10    0.05                           net37 (net)
                  0.08    0.01    4.14 v _2331_/A (Nor_gate)
                  0.72    0.57    4.72 ^ _2331_/Y (Nor_gate)
     5    0.05                           _1440_ (net)
                  0.72    0.00    4.72 ^ _2590_/A (Nand_gate)
                  0.19    0.26    4.98 v _2590_/Y (Nand_gate)
     4    0.02                           _1699_ (net)
                  0.19    0.00    4.98 v _3101_/A (Nor_gate)
                  0.29    0.28    5.25 ^ _3101_/Y (Nor_gate)
     3    0.02                           _0033_ (net)
                  0.29    0.00    5.26 ^ _3331_/A (Nand_gate)
                  0.13    0.17    5.42 v _3331_/Y (Nand_gate)
     4    0.02                           _0282_ (net)
                  0.13    0.00    5.42 v _3456_/A (Nor_gate)
                  0.07    0.09    5.52 ^ _3456_/Y (Nor_gate)
     1    0.00                           _0417_ (net)
                  0.07    0.00    5.52 ^ _3457_/B (Nor_gate)
                  0.05    0.05    5.57 v _3457_/Y (Nor_gate)
     2    0.01                           _0418_ (net)
                  0.05    0.00    5.57 v _3513_/A (Nor_gate)
                  0.10    0.10    5.67 ^ _3513_/Y (Nor_gate)
     1    0.00                           _0479_ (net)
                  0.10    0.00    5.67 ^ _3514_/B (Xnor)
                  0.32    0.30    5.98 ^ _3514_/Y (Xnor)
     3    0.01                           _0480_ (net)
                  0.32    0.00    5.98 ^ _3515_/B (Xnor)
                  0.39    0.38    6.36 ^ _3515_/Y (Xnor)
     4    0.01                           _0481_ (net)
                  0.39    0.00    6.36 ^ _3567_/A (inverter)
                  0.07    0.06    6.42 v _3567_/Y (inverter)
     1    0.00                           _0537_ (net)
                  0.07    0.00    6.42 v _3568_/B (Nor_gate)
                  0.15    0.13    6.55 ^ _3568_/Y (Nor_gate)
     2    0.01                           _0539_ (net)
                  0.15    0.00    6.55 ^ _3569_/B (Nand_gate)
                  0.06    0.08    6.63 v _3569_/Y (Nand_gate)
     2    0.01                           _0540_ (net)
                  0.06    0.00    6.63 v _3570_/B (Nor_gate)
                  0.07    0.07    6.70 ^ _3570_/Y (Nor_gate)
     1    0.00                           _0541_ (net)
                  0.07    0.00    6.70 ^ _3579_/A (Nor_gate)
                  0.02    0.04    6.74 v _3579_/Y (Nor_gate)
     1    0.00                           _0551_ (net)
                  0.02    0.00    6.74 v _3580_/B (Nand_gate)
                  0.19    0.15    6.89 ^ _3580_/Y (Nand_gate)
     4    0.02                           _0552_ (net)
                  0.19    0.00    6.89 ^ _3591_/A (Nor_gate)
                  0.04    0.06    6.95 v _3591_/Y (Nor_gate)
     1    0.00                           _0564_ (net)
                  0.04    0.00    6.95 v _3592_/B (Nor_gate)
                  0.07    0.07    7.02 ^ _3592_/Y (Nor_gate)
     1    0.00                           _0565_ (net)
                  0.07    0.00    7.02 ^ _3593_/B (Nand_gate)
                  0.04    0.05    7.07 v _3593_/Y (Nand_gate)
     1    0.00                           _0566_ (net)
                  0.04    0.00    7.07 v _3626_/A (Nand_gate)
                  0.04    0.05    7.11 ^ _3626_/Y (Nand_gate)
     1    0.00                           _0602_ (net)
                  0.04    0.00    7.11 ^ _3627_/A (sky130_fd_sc_hd__buf_1)
                  0.21    0.18    7.30 ^ _3627_/X (sky130_fd_sc_hd__buf_1)
     2    0.02                           net76 (net)
                  0.21    0.00    7.30 ^ output76/A (sky130_fd_sc_hd__clkbuf_4)
                  0.09    0.17    7.47 ^ output76/X (sky130_fd_sc_hd__clkbuf_4)
     1    0.03                           result[16] (net)
                  0.09    0.00    7.47 ^ result[16] (out)
                                  7.47   data arrival time

                  0.00   20.00   20.00   clock clk (rise edge)
                          0.00   20.00   clock network delay (ideal)
                         -0.25   19.75   clock uncertainty
                          0.00   19.75   clock reconvergence pessimism
                         -4.00   15.75   output external delay
                                 15.75   data required time
-----------------------------------------------------------------------------
                                 15.75   data required time
                                 -7.47   data arrival time
-----------------------------------------------------------------------------
                                  8.28   slack (MET)


Startpoint: b[0] (input port clocked by clk)
Endpoint: result[11] (output port clocked by clk)
Path Group: clk
Path Type: max
Corner: Fastest

Fanout     Cap    Slew   Delay    Time   Description
-----------------------------------------------------------------------------
                  0.00    0.00    0.00   clock clk (rise edge)
                          0.00    0.00   clock network delay (ideal)
                          4.00    4.00 v input external delay
                  0.01    0.00    4.00 v b[0] (in)
     1    0.00                           b[0] (net)
                  0.01    0.00    4.00 v input37/A (sky130_fd_sc_hd__clkbuf_4)
                  0.08    0.13    4.14 v input37/X (sky130_fd_sc_hd__clkbuf_4)
    10    0.05                           net37 (net)
                  0.08    0.01    4.14 v _2331_/A (Nor_gate)
                  0.72    0.57    4.72 ^ _2331_/Y (Nor_gate)
     5    0.05                           _1440_ (net)
                  0.72    0.00    4.72 ^ _2590_/A (Nand_gate)
                  0.19    0.26    4.98 v _2590_/Y (Nand_gate)
     4    0.02                           _1699_ (net)
                  0.19    0.00    4.98 v _2968_/A (Nor_gate)
                  0.14    0.16    5.14 ^ _2968_/Y (Nor_gate)
     1    0.01                           _2071_ (net)
                  0.14    0.00    5.14 ^ _2969_/B (Nor_gate)
                  0.05    0.07    5.21 v _2969_/Y (Nor_gate)
     2    0.01                           _2072_ (net)
                  0.05    0.00    5.21 v _3033_/A (Nor_gate)
                  0.12    0.12    5.33 ^ _3033_/Y (Nor_gate)
     1    0.01                           _2135_ (net)
                  0.12    0.00    5.33 ^ _3034_/B (Xnor)
                  0.34    0.32    5.65 ^ _3034_/Y (Xnor)
     3    0.01                           _2136_ (net)
                  0.34    0.00    5.65 ^ _3035_/B (Xnor)
                  0.31    0.33    5.98 ^ _3035_/Y (Xnor)
     3    0.01                           _2137_ (net)
                  0.31    0.00    5.98 ^ _3083_/B (Nand_gate)
                  0.10    0.14    6.11 v _3083_/Y (Nand_gate)
     3    0.01                           _0014_ (net)
                  0.10    0.00    6.12 v _3084_/B (Nor_gate)
                  0.11    0.11    6.23 ^ _3084_/Y (Nor_gate)
     2    0.01                           _0015_ (net)
                  0.11    0.00    6.23 ^ _3218_/A (inverter)
                  0.03    0.03    6.26 v _3218_/Y (inverter)
     1    0.00                           _0160_ (net)
                  0.03    0.00    6.26 v _3219_/B (Nor_gate)
                  0.07    0.06    6.32 ^ _3219_/Y (Nor_gate)
     1    0.00                           _0161_ (net)
                  0.07    0.00    6.32 ^ _3223_/A (Nor_gate)
                  0.08    0.09    6.41 v _3223_/Y (Nor_gate)
     2    0.02                           _0165_ (net)
                  0.08    0.00    6.41 v _3225_/A (Nor_gate)
                  0.06    0.08    6.49 ^ _3225_/Y (Nor_gate)
     1    0.00                           _0167_ (net)
                  0.06    0.00    6.49 ^ _3226_/B (Nor_gate)
                  0.04    0.05    6.54 v _3226_/Y (Nor_gate)
     2    0.01                           _0168_ (net)
                  0.04    0.00    6.54 v _3228_/B (Nor_gate)
                  0.11    0.09    6.63 ^ _3228_/Y (Nor_gate)
     2    0.01                           _0171_ (net)
                  0.11    0.00    6.63 ^ _3275_/B (Nor_gate)
                  0.04    0.05    6.69 v _3275_/Y (Nor_gate)
     2    0.01                           _0221_ (net)
                  0.04    0.00    6.69 v _3276_/B (Nor_gate)
                  0.08    0.07    6.76 ^ _3276_/Y (Nor_gate)
     1    0.00                           _0222_ (net)
                  0.08    0.00    6.76 ^ _3279_/A (Nor_gate)
                  0.03    0.05    6.80 v _3279_/Y (Nor_gate)
     1    0.00                           _0226_ (net)
                  0.03    0.00    6.80 v _3326_/A (Nor_gate)
                  0.54    0.43    7.24 ^ _3326_/Y (Nor_gate)
     2    0.04                           _0277_ (net)
                  0.54    0.00    7.24 ^ _3327_/A (inverter)
                  0.08    0.07    7.31 v _3327_/Y (inverter)
     1    0.00                           net71 (net)
                  0.08    0.00    7.31 v output71/A (sky130_fd_sc_hd__clkbuf_4)
                  0.06    0.15    7.46 v output71/X (sky130_fd_sc_hd__clkbuf_4)
     1    0.03                           result[11] (net)
                  0.06    0.00    7.46 v result[11] (out)
                                  7.46   data arrival time

                  0.00   20.00   20.00   clock clk (rise edge)
                          0.00   20.00   clock network delay (ideal)
                         -0.25   19.75   clock uncertainty
                          0.00   19.75   clock reconvergence pessimism
                         -4.00   15.75   output external delay
                                 15.75   data required time
-----------------------------------------------------------------------------
                                 15.75   data required time
                                 -7.46   data arrival time
-----------------------------------------------------------------------------
                                  8.29   slack (MET)


Startpoint: b[0] (input port clocked by clk)
Endpoint: result[15] (output port clocked by clk)
Path Group: clk
Path Type: max
Corner: Fastest

Fanout     Cap    Slew   Delay    Time   Description
-----------------------------------------------------------------------------
                  0.00    0.00    0.00   clock clk (rise edge)
                          0.00    0.00   clock network delay (ideal)
                          4.00    4.00 v input external delay
                  0.01    0.00    4.00 v b[0] (in)
     1    0.00                           b[0] (net)
                  0.01    0.00    4.00 v input37/A (sky130_fd_sc_hd__clkbuf_4)
                  0.08    0.13    4.14 v input37/X (sky130_fd_sc_hd__clkbuf_4)
    10    0.05                           net37 (net)
                  0.08    0.01    4.14 v _2331_/A (Nor_gate)
                  0.72    0.57    4.72 ^ _2331_/Y (Nor_gate)
     5    0.05                           _1440_ (net)
                  0.72    0.00    4.72 ^ _2590_/A (Nand_gate)
                  0.19    0.26    4.98 v _2590_/Y (Nand_gate)
     4    0.02                           _1699_ (net)
                  0.19    0.00    4.98 v _2968_/A (Nor_gate)
                  0.14    0.16    5.14 ^ _2968_/Y (Nor_gate)
     1    0.01                           _2071_ (net)
                  0.14    0.00    5.14 ^ _2969_/B (Nor_gate)
                  0.05    0.07    5.21 v _2969_/Y (Nor_gate)
     2    0.01                           _2072_ (net)
                  0.05    0.00    5.21 v _3033_/A (Nor_gate)
                  0.12    0.12    5.33 ^ _3033_/Y (Nor_gate)
     1    0.01                           _2135_ (net)
                  0.12    0.00    5.33 ^ _3034_/B (Xnor)
                  0.34    0.32    5.65 ^ _3034_/Y (Xnor)
     3    0.01                           _2136_ (net)
                  0.34    0.00    5.65 ^ _3035_/B (Xnor)
                  0.31    0.33    5.98 ^ _3035_/Y (Xnor)
     3    0.01                           _2137_ (net)
                  0.31    0.00    5.98 ^ _3083_/B (Nand_gate)
                  0.10    0.14    6.11 v _3083_/Y (Nand_gate)
     3    0.01                           _0014_ (net)
                  0.10    0.00    6.12 v _3084_/B (Nor_gate)
                  0.11    0.11    6.23 ^ _3084_/Y (Nor_gate)
     2    0.01                           _0015_ (net)
                  0.11    0.00    6.23 ^ _3085_/B (Nand_gate)
                  0.04    0.05    6.28 v _3085_/Y (Nand_gate)
     1    0.00                           _0016_ (net)
                  0.04    0.00    6.28 v _3098_/A (Nand_gate)
                  0.16    0.13    6.41 ^ _3098_/Y (Nand_gate)
     3    0.02                           _0030_ (net)
                  0.16    0.00    6.41 ^ _3342_/A (Nand_gate)
                  0.08    0.10    6.52 v _3342_/Y (Nand_gate)
     2    0.01                           _0294_ (net)
                  0.08    0.00    6.52 v _3354_/A (Nand_gate)
                  0.09    0.09    6.61 ^ _3354_/Y (Nand_gate)
     3    0.01                           _0307_ (net)
                  0.09    0.00    6.61 ^ _3466_/A (inverter)
                  0.02    0.03    6.64 v _3466_/Y (inverter)
     1    0.00                           _0428_ (net)
                  0.02    0.00    6.64 v _3468_/A (Nor_gate)
                  0.09    0.09    6.73 ^ _3468_/Y (Nor_gate)
     1    0.00                           _0431_ (net)
                  0.09    0.00    6.73 ^ _3469_/B (Nor_gate)
                  0.04    0.05    6.78 v _3469_/Y (Nor_gate)
     2    0.01                           _0432_ (net)
                  0.04    0.00    6.78 v _3471_/B (Nor_gate)
                  0.12    0.10    6.88 ^ _3471_/Y (Nor_gate)
     2    0.01                           _0434_ (net)
                  0.12    0.00    6.88 ^ _3517_/A (inverter)
                  0.03    0.04    6.93 v _3517_/Y (inverter)
     1    0.00                           _0483_ (net)
                  0.03    0.00    6.93 v _3518_/B (Nand_gate)
                  0.06    0.05    6.98 ^ _3518_/Y (Nand_gate)
     2    0.01                           _0485_ (net)
                  0.06    0.00    6.98 ^ _3520_/B (Nor_gate)
                  0.06    0.03    7.01 v _3520_/Y (Nor_gate)
     1    0.00                           _0487_ (net)
                  0.06    0.00    7.01 v _3521_/B (Nor_gate)
                  0.07    0.07    7.08 ^ _3521_/Y (Nor_gate)
     1    0.00                           _0488_ (net)
                  0.07    0.00    7.08 ^ _3522_/B (Nand_gate)
                  0.03    0.05    7.13 v _3522_/Y (Nand_gate)
     1    0.00                           _0489_ (net)
                  0.03    0.00    7.13 v _3557_/A (Nand_gate)
                  0.04    0.04    7.17 ^ _3557_/Y (Nand_gate)
     1    0.00                           _0527_ (net)
                  0.04    0.00    7.17 ^ _3558_/A (sky130_fd_sc_hd__buf_1)
                  0.12    0.12    7.29 ^ _3558_/X (sky130_fd_sc_hd__buf_1)
     2    0.01                           net75 (net)
                  0.12    0.00    7.29 ^ output75/A (sky130_fd_sc_hd__clkbuf_4)
                  0.09    0.16    7.45 ^ output75/X (sky130_fd_sc_hd__clkbuf_4)
     1    0.03                           result[15] (net)
                  0.09    0.00    7.45 ^ result[15] (out)
                                  7.45   data arrival time

                  0.00   20.00   20.00   clock clk (rise edge)
                          0.00   20.00   clock network delay (ideal)
                         -0.25   19.75   clock uncertainty
                          0.00   19.75   clock reconvergence pessimism
                         -4.00   15.75   output external delay
                                 15.75   data required time
-----------------------------------------------------------------------------
                                 15.75   data required time
                                 -7.45   data arrival time
-----------------------------------------------------------------------------
                                  8.30   slack (MET)


Startpoint: b[0] (input port clocked by clk)
Endpoint: result[14] (output port clocked by clk)
Path Group: clk
Path Type: max
Corner: Fastest

Fanout     Cap    Slew   Delay    Time   Description
-----------------------------------------------------------------------------
                  0.00    0.00    0.00   clock clk (rise edge)
                          0.00    0.00   clock network delay (ideal)
                          4.00    4.00 v input external delay
                  0.01    0.00    4.00 v b[0] (in)
     1    0.00                           b[0] (net)
                  0.01    0.00    4.00 v input37/A (sky130_fd_sc_hd__clkbuf_4)
                  0.08    0.13    4.14 v input37/X (sky130_fd_sc_hd__clkbuf_4)
    10    0.05                           net37 (net)
                  0.08    0.01    4.14 v _2331_/A (Nor_gate)
                  0.72    0.57    4.72 ^ _2331_/Y (Nor_gate)
     5    0.05                           _1440_ (net)
                  0.72    0.00    4.72 ^ _2590_/A (Nand_gate)
                  0.19    0.26    4.98 v _2590_/Y (Nand_gate)
     4    0.02                           _1699_ (net)
                  0.19    0.00    4.98 v _2968_/A (Nor_gate)
                  0.14    0.16    5.14 ^ _2968_/Y (Nor_gate)
     1    0.01                           _2071_ (net)
                  0.14    0.00    5.14 ^ _2969_/B (Nor_gate)
                  0.05    0.07    5.21 v _2969_/Y (Nor_gate)
     2    0.01                           _2072_ (net)
                  0.05    0.00    5.21 v _3033_/A (Nor_gate)
                  0.12    0.12    5.33 ^ _3033_/Y (Nor_gate)
     1    0.01                           _2135_ (net)
                  0.12    0.00    5.33 ^ _3034_/B (Xnor)
                  0.34    0.32    5.65 ^ _3034_/Y (Xnor)
     3    0.01                           _2136_ (net)
                  0.34    0.00    5.65 ^ _3035_/B (Xnor)
                  0.31    0.33    5.98 ^ _3035_/Y (Xnor)
     3    0.01                           _2137_ (net)
                  0.31    0.00    5.98 ^ _3083_/B (Nand_gate)
                  0.10    0.14    6.11 v _3083_/Y (Nand_gate)
     3    0.01                           _0014_ (net)
                  0.10    0.00    6.12 v _3084_/B (Nor_gate)
                  0.11    0.11    6.23 ^ _3084_/Y (Nor_gate)
     2    0.01                           _0015_ (net)
                  0.11    0.00    6.23 ^ _3085_/B (Nand_gate)
                  0.04    0.05    6.28 v _3085_/Y (Nand_gate)
     1    0.00                           _0016_ (net)
                  0.04    0.00    6.28 v _3098_/A (Nand_gate)
                  0.16    0.13    6.41 ^ _3098_/Y (Nand_gate)
     3    0.02                           _0030_ (net)
                  0.16    0.00    6.41 ^ _3342_/A (Nand_gate)
                  0.08    0.10    6.52 v _3342_/Y (Nand_gate)
     2    0.01                           _0294_ (net)
                  0.08    0.00    6.52 v _3354_/A (Nand_gate)
                  0.09    0.09    6.61 ^ _3354_/Y (Nand_gate)
     3    0.01                           _0307_ (net)
                  0.09    0.00    6.61 ^ _3466_/A (inverter)
                  0.02    0.03    6.64 v _3466_/Y (inverter)
     1    0.00                           _0428_ (net)
                  0.02    0.00    6.64 v _3468_/A (Nor_gate)
                  0.09    0.09    6.73 ^ _3468_/Y (Nor_gate)
     1    0.00                           _0431_ (net)
                  0.09    0.00    6.73 ^ _3469_/B (Nor_gate)
                  0.04    0.05    6.78 v _3469_/Y (Nor_gate)
     2    0.01                           _0432_ (net)
                  0.04    0.00    6.78 v _3471_/B (Nor_gate)
                  0.12    0.10    6.88 ^ _3471_/Y (Nor_gate)
     2    0.01                           _0434_ (net)
                  0.12    0.00    6.88 ^ _3472_/B (Nor_gate)
                  0.04    0.05    6.93 v _3472_/Y (Nor_gate)
     1    0.00                           _0435_ (net)
                  0.04    0.00    6.93 v _3473_/B (Nand_gate)
                  0.04    0.04    6.97 ^ _3473_/Y (Nand_gate)
     1    0.00                           _0436_ (net)
                  0.04    0.00    6.97 ^ _3510_/A (Nand_gate)
                  0.03    0.04    7.01 v _3510_/Y (Nand_gate)
     1    0.00                           _0477_ (net)
                  0.03    0.00    7.01 v _3511_/A (sky130_fd_sc_hd__buf_1)
                  0.08    0.11    7.12 v _3511_/X (sky130_fd_sc_hd__buf_1)
     2    0.02                           net74 (net)
                  0.08    0.00    7.12 v output74/A (sky130_fd_sc_hd__clkbuf_4)
                  0.06    0.15    7.28 v output74/X (sky130_fd_sc_hd__clkbuf_4)
     1    0.04                           result[14] (net)
                  0.06    0.00    7.28 v result[14] (out)
                                  7.28   data arrival time

                  0.00   20.00   20.00   clock clk (rise edge)
                          0.00   20.00   clock network delay (ideal)
                         -0.25   19.75   clock uncertainty
                          0.00   19.75   clock reconvergence pessimism
                         -4.00   15.75   output external delay
                                 15.75   data required time
-----------------------------------------------------------------------------
                                 15.75   data required time
                                 -7.28   data arrival time
-----------------------------------------------------------------------------
                                  8.47   slack (MET)


Startpoint: b[0] (input port clocked by clk)
Endpoint: result[9] (output port clocked by clk)
Path Group: clk
Path Type: max
Corner: Fastest

Fanout     Cap    Slew   Delay    Time   Description
-----------------------------------------------------------------------------
                  0.00    0.00    0.00   clock clk (rise edge)
                          0.00    0.00   clock network delay (ideal)
                          4.00    4.00 v input external delay
                  0.01    0.00    4.00 v b[0] (in)
     1    0.00                           b[0] (net)
                  0.01    0.00    4.00 v input37/A (sky130_fd_sc_hd__clkbuf_4)
                  0.08    0.13    4.14 v input37/X (sky130_fd_sc_hd__clkbuf_4)
    10    0.05                           net37 (net)
                  0.08    0.01    4.14 v _2331_/A (Nor_gate)
                  0.72    0.57    4.72 ^ _2331_/Y (Nor_gate)
     5    0.05                           _1440_ (net)
                  0.72    0.00    4.72 ^ _2590_/A (Nand_gate)
                  0.19    0.26    4.98 v _2590_/Y (Nand_gate)
     4    0.02                           _1699_ (net)
                  0.19    0.00    4.98 v _2968_/A (Nor_gate)
                  0.14    0.16    5.14 ^ _2968_/Y (Nor_gate)
     1    0.01                           _2071_ (net)
                  0.14    0.00    5.14 ^ _2969_/B (Nor_gate)
                  0.05    0.07    5.21 v _2969_/Y (Nor_gate)
     2    0.01                           _2072_ (net)
                  0.05    0.00    5.21 v _3033_/A (Nor_gate)
                  0.12    0.12    5.33 ^ _3033_/Y (Nor_gate)
     1    0.01                           _2135_ (net)
                  0.12    0.00    5.33 ^ _3034_/B (Xnor)
                  0.34    0.32    5.65 ^ _3034_/Y (Xnor)
     3    0.01                           _2136_ (net)
                  0.34    0.00    5.65 ^ _3035_/B (Xnor)
                  0.31    0.33    5.98 ^ _3035_/Y (Xnor)
     3    0.01                           _2137_ (net)
                  0.31    0.00    5.98 ^ _3083_/B (Nand_gate)
                  0.10    0.14    6.11 v _3083_/Y (Nand_gate)
     3    0.01                           _0014_ (net)
                  0.10    0.00    6.12 v _3084_/B (Nor_gate)
                  0.11    0.11    6.23 ^ _3084_/Y (Nor_gate)
     2    0.01                           _0015_ (net)
                  0.11    0.00    6.23 ^ _3085_/B (Nand_gate)
                  0.04    0.05    6.28 v _3085_/Y (Nand_gate)
     1    0.00                           _0016_ (net)
                  0.04    0.00    6.28 v _3098_/A (Nand_gate)
                  0.16    0.13    6.41 ^ _3098_/Y (Nand_gate)
     3    0.02                           _0030_ (net)
                  0.16    0.00    6.41 ^ _3108_/A (Nand_gate)
                  0.06    0.08    6.50 v _3108_/Y (Nand_gate)
     2    0.01                           _0041_ (net)
                  0.06    0.00    6.50 v _3160_/B (Nand_gate)
                  0.06    0.06    6.55 ^ _3160_/Y (Nand_gate)
     2    0.01                           _0097_ (net)
                  0.06    0.00    6.55 ^ _3162_/B (Nand_gate)
                  0.04    0.04    6.60 v _3162_/Y (Nand_gate)
     1    0.00                           _0099_ (net)
                  0.04    0.00    6.60 v _3163_/B (Nand_gate)
                  0.04    0.04    6.63 ^ _3163_/Y (Nand_gate)
     1    0.00                           _0100_ (net)
                  0.04    0.00    6.63 ^ _3164_/B (Nor_gate)
                  0.03    0.04    6.67 v _3164_/Y (Nor_gate)
     1    0.01                           _0101_ (net)
                  0.03    0.00    6.67 v _3207_/A (Nor_gate)
                  0.40    0.32    6.99 ^ _3207_/Y (Nor_gate)
     2    0.03                           _0148_ (net)
                  0.40    0.00    7.00 ^ _3208_/A (inverter)
                  0.08    0.09    7.08 v _3208_/Y (inverter)
     1    0.01                           net100 (net)
                  0.08    0.00    7.08 v output100/A (sky130_fd_sc_hd__clkbuf_4)
                  0.06    0.15    7.23 v output100/X (sky130_fd_sc_hd__clkbuf_4)
     1    0.03                           result[9] (net)
                  0.06    0.00    7.23 v result[9] (out)
                                  7.23   data arrival time

                  0.00   20.00   20.00   clock clk (rise edge)
                          0.00   20.00   clock network delay (ideal)
                         -0.25   19.75   clock uncertainty
                          0.00   19.75   clock reconvergence pessimism
                         -4.00   15.75   output external delay
                                 15.75   data required time
-----------------------------------------------------------------------------
                                 15.75   data required time
                                 -7.23   data arrival time
-----------------------------------------------------------------------------
                                  8.52   slack (MET)


Startpoint: b[0] (input port clocked by clk)
Endpoint: result[13] (output port clocked by clk)
Path Group: clk
Path Type: max
Corner: Fastest

Fanout     Cap    Slew   Delay    Time   Description
-----------------------------------------------------------------------------
                  0.00    0.00    0.00   clock clk (rise edge)
                          0.00    0.00   clock network delay (ideal)
                          4.00    4.00 v input external delay
                  0.01    0.00    4.00 v b[0] (in)
     1    0.00                           b[0] (net)
                  0.01    0.00    4.00 v input37/A (sky130_fd_sc_hd__clkbuf_4)
                  0.08    0.13    4.14 v input37/X (sky130_fd_sc_hd__clkbuf_4)
    10    0.05                           net37 (net)
                  0.08    0.01    4.14 v _2331_/A (Nor_gate)
                  0.72    0.57    4.72 ^ _2331_/Y (Nor_gate)
     5    0.05                           _1440_ (net)
                  0.72    0.00    4.72 ^ _2590_/A (Nand_gate)
                  0.19    0.26    4.98 v _2590_/Y (Nand_gate)
     4    0.02                           _1699_ (net)
                  0.19    0.00    4.98 v _2968_/A (Nor_gate)
                  0.14    0.16    5.14 ^ _2968_/Y (Nor_gate)
     1    0.01                           _2071_ (net)
                  0.14    0.00    5.14 ^ _2969_/B (Nor_gate)
                  0.05    0.07    5.21 v _2969_/Y (Nor_gate)
     2    0.01                           _2072_ (net)
                  0.05    0.00    5.21 v _3033_/A (Nor_gate)
                  0.12    0.12    5.33 ^ _3033_/Y (Nor_gate)
     1    0.01                           _2135_ (net)
                  0.12    0.00    5.33 ^ _3034_/B (Xnor)
                  0.34    0.32    5.65 ^ _3034_/Y (Xnor)
     3    0.01                           _2136_ (net)
                  0.34    0.00    5.65 ^ _3035_/B (Xnor)
                  0.31    0.33    5.98 ^ _3035_/Y (Xnor)
     3    0.01                           _2137_ (net)
                  0.31    0.00    5.98 ^ _3083_/B (Nand_gate)
                  0.10    0.14    6.11 v _3083_/Y (Nand_gate)
     3    0.01                           _0014_ (net)
                  0.10    0.00    6.12 v _3084_/B (Nor_gate)
                  0.11    0.11    6.23 ^ _3084_/Y (Nor_gate)
     2    0.01                           _0015_ (net)
                  0.11    0.00    6.23 ^ _3085_/B (Nand_gate)
                  0.04    0.05    6.28 v _3085_/Y (Nand_gate)
     1    0.00                           _0016_ (net)
                  0.04    0.00    6.28 v _3098_/A (Nand_gate)
                  0.16    0.13    6.41 ^ _3098_/Y (Nand_gate)
     3    0.02                           _0030_ (net)
                  0.16    0.00    6.41 ^ _3342_/A (Nand_gate)
                  0.08    0.10    6.52 v _3342_/Y (Nand_gate)
     2    0.01                           _0294_ (net)
                  0.08    0.00    6.52 v _3354_/A (Nand_gate)
                  0.09    0.09    6.61 ^ _3354_/Y (Nand_gate)
     3    0.01                           _0307_ (net)
                  0.09    0.00    6.61 ^ _3355_/B (Nand_gate)
                  0.06    0.07    6.68 v _3355_/Y (Nand_gate)
     2    0.01                           _0308_ (net)
                  0.06    0.00    6.68 v _3405_/B (Nand_gate)
                  0.06    0.06    6.74 ^ _3405_/Y (Nand_gate)
     2    0.01                           _0362_ (net)
                  0.06    0.00    6.74 ^ _3407_/B (Nand_gate)
                  0.05    0.04    6.78 v _3407_/Y (Nand_gate)
     1    0.00                           _0364_ (net)
                  0.05    0.00    6.79 v _3408_/B (Nand_gate)
                  0.04    0.04    6.83 ^ _3408_/Y (Nand_gate)
     1    0.00                           _0366_ (net)
                  0.04    0.00    6.83 ^ _3409_/B (Nor_gate)
                  0.03    0.03    6.86 v _3409_/Y (Nor_gate)
     1    0.00                           _0367_ (net)
                  0.03    0.00    6.86 v _3452_/A (Nor_gate)
                  0.18    0.16    7.02 ^ _3452_/Y (Nor_gate)
     2    0.01                           _0414_ (net)
                  0.18    0.00    7.02 ^ _3453_/A (inverter)
                  0.04    0.05    7.07 v _3453_/Y (inverter)
     1    0.00                           net73 (net)
                  0.04    0.00    7.07 v output73/A (sky130_fd_sc_hd__clkbuf_4)
                  0.06    0.13    7.20 v output73/X (sky130_fd_sc_hd__clkbuf_4)
     1    0.03                           result[13] (net)
                  0.06    0.00    7.20 v result[13] (out)
                                  7.20   data arrival time

                  0.00   20.00   20.00   clock clk (rise edge)
                          0.00   20.00   clock network delay (ideal)
                         -0.25   19.75   clock uncertainty
                          0.00   19.75   clock reconvergence pessimism
                         -4.00   15.75   output external delay
                                 15.75   data required time
-----------------------------------------------------------------------------
                                 15.75   data required time
                                 -7.20   data arrival time
-----------------------------------------------------------------------------
                                  8.55   slack (MET)


Startpoint: b[0] (input port clocked by clk)
Endpoint: result[12] (output port clocked by clk)
Path Group: clk
Path Type: max
Corner: Fastest

Fanout     Cap    Slew   Delay    Time   Description
-----------------------------------------------------------------------------
                  0.00    0.00    0.00   clock clk (rise edge)
                          0.00    0.00   clock network delay (ideal)
                          4.00    4.00 v input external delay
                  0.01    0.00    4.00 v b[0] (in)
     1    0.00                           b[0] (net)
                  0.01    0.00    4.00 v input37/A (sky130_fd_sc_hd__clkbuf_4)
                  0.08    0.13    4.14 v input37/X (sky130_fd_sc_hd__clkbuf_4)
    10    0.05                           net37 (net)
                  0.08    0.01    4.14 v _2331_/A (Nor_gate)
                  0.72    0.57    4.72 ^ _2331_/Y (Nor_gate)
     5    0.05                           _1440_ (net)
                  0.72    0.00    4.72 ^ _2590_/A (Nand_gate)
                  0.19    0.26    4.98 v _2590_/Y (Nand_gate)
     4    0.02                           _1699_ (net)
                  0.19    0.00    4.98 v _2968_/A (Nor_gate)
                  0.14    0.16    5.14 ^ _2968_/Y (Nor_gate)
     1    0.01                           _2071_ (net)
                  0.14    0.00    5.14 ^ _2969_/B (Nor_gate)
                  0.05    0.07    5.21 v _2969_/Y (Nor_gate)
     2    0.01                           _2072_ (net)
                  0.05    0.00    5.21 v _3033_/A (Nor_gate)
                  0.12    0.12    5.33 ^ _3033_/Y (Nor_gate)
     1    0.01                           _2135_ (net)
                  0.12    0.00    5.33 ^ _3034_/B (Xnor)
                  0.34    0.32    5.65 ^ _3034_/Y (Xnor)
     3    0.01                           _2136_ (net)
                  0.34    0.00    5.65 ^ _3035_/B (Xnor)
                  0.31    0.33    5.98 ^ _3035_/Y (Xnor)
     3    0.01                           _2137_ (net)
                  0.31    0.00    5.98 ^ _3083_/B (Nand_gate)
                  0.10    0.14    6.11 v _3083_/Y (Nand_gate)
     3    0.01                           _0014_ (net)
                  0.10    0.00    6.12 v _3084_/B (Nor_gate)
                  0.11    0.11    6.23 ^ _3084_/Y (Nor_gate)
     2    0.01                           _0015_ (net)
                  0.11    0.00    6.23 ^ _3085_/B (Nand_gate)
                  0.04    0.05    6.28 v _3085_/Y (Nand_gate)
     1    0.00                           _0016_ (net)
                  0.04    0.00    6.28 v _3098_/A (Nand_gate)
                  0.16    0.13    6.41 ^ _3098_/Y (Nand_gate)
     3    0.02                           _0030_ (net)
                  0.16    0.00    6.41 ^ _3342_/A (Nand_gate)
                  0.08    0.10    6.52 v _3342_/Y (Nand_gate)
     2    0.01                           _0294_ (net)
                  0.08    0.00    6.52 v _3354_/A (Nand_gate)
                  0.09    0.09    6.61 ^ _3354_/Y (Nand_gate)
     3    0.01                           _0307_ (net)
                  0.09    0.00    6.61 ^ _3356_/B (Nor_gate)
                  0.03    0.04    6.65 v _3356_/Y (Nor_gate)
     1    0.00                           _0309_ (net)
                  0.03    0.00    6.65 v _3357_/B (Nor_gate)
                  0.07    0.07    6.71 ^ _3357_/Y (Nor_gate)
     1    0.00                           _0310_ (net)
                  0.07    0.00    6.71 ^ _3358_/B (Nand_gate)
                  0.06    0.07    6.78 v _3358_/Y (Nand_gate)
     1    0.01                           _0312_ (net)
                  0.06    0.00    6.78 v _3396_/A (Nand_gate)
                  0.05    0.06    6.84 ^ _3396_/Y (Nand_gate)
     1    0.00                           _0353_ (net)
                  0.05    0.00    6.84 ^ _3397_/A (sky130_fd_sc_hd__buf_1)
                  0.19    0.17    7.01 ^ _3397_/X (sky130_fd_sc_hd__buf_1)
     2    0.02                           net72 (net)
                  0.19    0.00    7.01 ^ output72/A (sky130_fd_sc_hd__clkbuf_4)
                  0.09    0.17    7.18 ^ output72/X (sky130_fd_sc_hd__clkbuf_4)
     1    0.03                           result[12] (net)
                  0.09    0.00    7.19 ^ result[12] (out)
                                  7.19   data arrival time

                  0.00   20.00   20.00   clock clk (rise edge)
                          0.00   20.00   clock network delay (ideal)
                         -0.25   19.75   clock uncertainty
                          0.00   19.75   clock reconvergence pessimism
                         -4.00   15.75   output external delay
                                 15.75   data required time
-----------------------------------------------------------------------------
                                 15.75   data required time
                                 -7.19   data arrival time
-----------------------------------------------------------------------------
                                  8.56   slack (MET)


Startpoint: b[0] (input port clocked by clk)
Endpoint: result[10] (output port clocked by clk)
Path Group: clk
Path Type: max
Corner: Fastest

Fanout     Cap    Slew   Delay    Time   Description
-----------------------------------------------------------------------------
                  0.00    0.00    0.00   clock clk (rise edge)
                          0.00    0.00   clock network delay (ideal)
                          4.00    4.00 v input external delay
                  0.01    0.00    4.00 v b[0] (in)
     1    0.00                           b[0] (net)
                  0.01    0.00    4.00 v input37/A (sky130_fd_sc_hd__clkbuf_4)
                  0.08    0.13    4.14 v input37/X (sky130_fd_sc_hd__clkbuf_4)
    10    0.05                           net37 (net)
                  0.08    0.01    4.14 v _2331_/A (Nor_gate)
                  0.72    0.57    4.72 ^ _2331_/Y (Nor_gate)
     5    0.05                           _1440_ (net)
                  0.72    0.00    4.72 ^ _2590_/A (Nand_gate)
                  0.19    0.26    4.98 v _2590_/Y (Nand_gate)
     4    0.02                           _1699_ (net)
                  0.19    0.00    4.98 v _2968_/A (Nor_gate)
                  0.14    0.16    5.14 ^ _2968_/Y (Nor_gate)
     1    0.01                           _2071_ (net)
                  0.14    0.00    5.14 ^ _2969_/B (Nor_gate)
                  0.05    0.07    5.21 v _2969_/Y (Nor_gate)
     2    0.01                           _2072_ (net)
                  0.05    0.00    5.21 v _3033_/A (Nor_gate)
                  0.12    0.12    5.33 ^ _3033_/Y (Nor_gate)
     1    0.01                           _2135_ (net)
                  0.12    0.00    5.33 ^ _3034_/B (Xnor)
                  0.34    0.32    5.65 ^ _3034_/Y (Xnor)
     3    0.01                           _2136_ (net)
                  0.34    0.00    5.65 ^ _3035_/B (Xnor)
                  0.31    0.33    5.98 ^ _3035_/Y (Xnor)
     3    0.01                           _2137_ (net)
                  0.31    0.00    5.98 ^ _3083_/B (Nand_gate)
                  0.10    0.14    6.11 v _3083_/Y (Nand_gate)
     3    0.01                           _0014_ (net)
                  0.10    0.00    6.12 v _3084_/B (Nor_gate)
                  0.11    0.11    6.23 ^ _3084_/Y (Nor_gate)
     2    0.01                           _0015_ (net)
                  0.11    0.00    6.23 ^ _3218_/A (inverter)
                  0.03    0.03    6.26 v _3218_/Y (inverter)
     1    0.00                           _0160_ (net)
                  0.03    0.00    6.26 v _3219_/B (Nor_gate)
                  0.07    0.06    6.32 ^ _3219_/Y (Nor_gate)
     1    0.00                           _0161_ (net)
                  0.07    0.00    6.32 ^ _3223_/A (Nor_gate)
                  0.08    0.09    6.41 v _3223_/Y (Nor_gate)
     2    0.02                           _0165_ (net)
                  0.08    0.00    6.41 v _3225_/A (Nor_gate)
                  0.06    0.08    6.49 ^ _3225_/Y (Nor_gate)
     1    0.00                           _0167_ (net)
                  0.06    0.00    6.49 ^ _3226_/B (Nor_gate)
                  0.04    0.05    6.54 v _3226_/Y (Nor_gate)
     2    0.01                           _0168_ (net)
                  0.04    0.00    6.54 v _3228_/B (Nor_gate)
                  0.11    0.09    6.63 ^ _3228_/Y (Nor_gate)
     2    0.01                           _0171_ (net)
                  0.11    0.00    6.63 ^ _3229_/B (Nor_gate)
                  0.05    0.04    6.67 v _3229_/Y (Nor_gate)
     1    0.00                           _0172_ (net)
                  0.05    0.00    6.68 v _3230_/B (Nand_gate)
                  0.09    0.08    6.75 ^ _3230_/Y (Nand_gate)
     1    0.01                           _0173_ (net)
                  0.09    0.00    6.75 ^ _3267_/A (Nand_gate)
                  0.03    0.05    6.80 v _3267_/Y (Nand_gate)
     1    0.00                           _0213_ (net)
                  0.03    0.00    6.80 v _3268_/A (sky130_fd_sc_hd__clkbuf_2)
                  0.10    0.14    6.94 v _3268_/X (sky130_fd_sc_hd__clkbuf_2)
     3    0.04                           net70 (net)
                  0.10    0.00    6.95 v output70/A (sky130_fd_sc_hd__clkbuf_4)
                  0.06    0.16    7.11 v output70/X (sky130_fd_sc_hd__clkbuf_4)
     1    0.03                           result[10] (net)
                  0.06    0.00    7.11 v result[10] (out)
                                  7.11   data arrival time

                  0.00   20.00   20.00   clock clk (rise edge)
                          0.00   20.00   clock network delay (ideal)
                         -0.25   19.75   clock uncertainty
                          0.00   19.75   clock reconvergence pessimism
                         -4.00   15.75   output external delay
                                 15.75   data required time
-----------------------------------------------------------------------------
                                 15.75   data required time
                                 -7.11   data arrival time
-----------------------------------------------------------------------------
                                  8.64   slack (MET)


Startpoint: b[0] (input port clocked by clk)
Endpoint: result[8] (output port clocked by clk)
Path Group: clk
Path Type: max
Corner: Fastest

Fanout     Cap    Slew   Delay    Time   Description
-----------------------------------------------------------------------------
                  0.00    0.00    0.00   clock clk (rise edge)
                          0.00    0.00   clock network delay (ideal)
                          4.00    4.00 v input external delay
                  0.01    0.00    4.00 v b[0] (in)
     1    0.00                           b[0] (net)
                  0.01    0.00    4.00 v input37/A (sky130_fd_sc_hd__clkbuf_4)
                  0.08    0.13    4.14 v input37/X (sky130_fd_sc_hd__clkbuf_4)
    10    0.05                           net37 (net)
                  0.08    0.01    4.14 v _2331_/A (Nor_gate)
                  0.72    0.57    4.72 ^ _2331_/Y (Nor_gate)
     5    0.05                           _1440_ (net)
                  0.72    0.00    4.72 ^ _2590_/A (Nand_gate)
                  0.19    0.26    4.98 v _2590_/Y (Nand_gate)
     4    0.02                           _1699_ (net)
                  0.19    0.00    4.98 v _2968_/A (Nor_gate)
                  0.14    0.16    5.14 ^ _2968_/Y (Nor_gate)
     1    0.01                           _2071_ (net)
                  0.14    0.00    5.14 ^ _2969_/B (Nor_gate)
                  0.05    0.07    5.21 v _2969_/Y (Nor_gate)
     2    0.01                           _2072_ (net)
                  0.05    0.00    5.21 v _3033_/A (Nor_gate)
                  0.12    0.12    5.33 ^ _3033_/Y (Nor_gate)
     1    0.01                           _2135_ (net)
                  0.12    0.00    5.33 ^ _3034_/B (Xnor)
                  0.34    0.32    5.65 ^ _3034_/Y (Xnor)
     3    0.01                           _2136_ (net)
                  0.34    0.00    5.65 ^ _3035_/B (Xnor)
                  0.31    0.33    5.98 ^ _3035_/Y (Xnor)
     3    0.01                           _2137_ (net)
                  0.31    0.00    5.98 ^ _3083_/B (Nand_gate)
                  0.10    0.14    6.11 v _3083_/Y (Nand_gate)
     3    0.01                           _0014_ (net)
                  0.10    0.00    6.12 v _3084_/B (Nor_gate)
                  0.11    0.11    6.23 ^ _3084_/Y (Nor_gate)
     2    0.01                           _0015_ (net)
                  0.11    0.00    6.23 ^ _3085_/B (Nand_gate)
                  0.04    0.05    6.28 v _3085_/Y (Nand_gate)
     1    0.00                           _0016_ (net)
                  0.04    0.00    6.28 v _3098_/A (Nand_gate)
                  0.16    0.13    6.41 ^ _3098_/Y (Nand_gate)
     3    0.02                           _0030_ (net)
                  0.16    0.00    6.41 ^ _3110_/A (Nor_gate)
                  0.04    0.06    6.47 v _3110_/Y (Nor_gate)
     1    0.00                           _0043_ (net)
                  0.04    0.00    6.47 v _3111_/B (Nor_gate)
                  0.07    0.07    6.54 ^ _3111_/Y (Nor_gate)
     1    0.00                           _0044_ (net)
                  0.07    0.00    6.54 ^ _3112_/B (Nand_gate)
                  0.03    0.05    6.59 v _3112_/Y (Nand_gate)
     1    0.00                           _0045_ (net)
                  0.03    0.00    6.59 v _3150_/A (Nand_gate)
                  0.04    0.05    6.64 ^ _3150_/Y (Nand_gate)
     1    0.00                           _0087_ (net)
                  0.04    0.00    6.64 ^ _3151_/A (sky130_fd_sc_hd__buf_1)
                  0.07    0.09    6.72 ^ _3151_/X (sky130_fd_sc_hd__buf_1)
     2    0.01                           net99 (net)
                  0.07    0.00    6.72 ^ output99/A (sky130_fd_sc_hd__clkbuf_4)
                  0.08    0.14    6.87 ^ output99/X (sky130_fd_sc_hd__clkbuf_4)
     1    0.03                           result[8] (net)
                  0.08    0.00    6.87 ^ result[8] (out)
                                  6.87   data arrival time

                  0.00   20.00   20.00   clock clk (rise edge)
                          0.00   20.00   clock network delay (ideal)
                         -0.25   19.75   clock uncertainty
                          0.00   19.75   clock reconvergence pessimism
                         -4.00   15.75   output external delay
                                 15.75   data required time
-----------------------------------------------------------------------------
                                 15.75   data required time
                                 -6.87   data arrival time
-----------------------------------------------------------------------------
                                  8.88   slack (MET)


Startpoint: b[3] (input port clocked by clk)
Endpoint: result[7] (output port clocked by clk)
Path Group: clk
Path Type: max
Corner: Fastest

Fanout     Cap    Slew   Delay    Time   Description
-----------------------------------------------------------------------------
                  0.00    0.00    0.00   clock clk (rise edge)
                          0.00    0.00   clock network delay (ideal)
                          4.00    4.00 ^ input external delay
                  0.01    0.01    4.01 ^ b[3] (in)
     1    0.00                           b[3] (net)
                  0.01    0.00    4.01 ^ input62/A (sky130_fd_sc_hd__buf_2)
                  0.21    0.19    4.20 ^ input62/X (sky130_fd_sc_hd__buf_2)
     6    0.06                           net62 (net)
                  0.21    0.01    4.21 ^ _2315_/A (inverter)
                  0.19    0.20    4.41 v _2315_/Y (inverter)
     8    0.04                           _1424_ (net)
                  0.19    0.01    4.42 v _2528_/B (Nand_gate)
                  0.27    0.25    4.66 ^ _2528_/Y (Nand_gate)
     7    0.03                           _1637_ (net)
                  0.27    0.00    4.67 ^ _2861_/B (Nor_gate)
                  0.08    0.11    4.78 v _2861_/Y (Nor_gate)
     2    0.01                           _1966_ (net)
                  0.08    0.00    4.78 v _2862_/A (Nor_gate)
                  0.24    0.22    5.00 ^ _2862_/Y (Nor_gate)
     2    0.01                           _1967_ (net)
                  0.24    0.00    5.00 ^ _2919_/B (Nor_gate)
                  0.04    0.06    5.06 v _2919_/Y (Nor_gate)
     1    0.00                           _2023_ (net)
                  0.04    0.00    5.06 v _2920_/B (Nor_gate)
                  0.18    0.15    5.21 ^ _2920_/Y (Nor_gate)
     2    0.01                           _2024_ (net)
                  0.18    0.00    5.21 ^ _2921_/B (Xnor)
                  0.28    0.28    5.49 ^ _2921_/Y (Xnor)
     2    0.01                           _2025_ (net)
                  0.28    0.00    5.49 ^ _2922_/B (Xnor)
                  0.29    0.30    5.80 ^ _2922_/Y (Xnor)
     3    0.01                           _2026_ (net)
                  0.29    0.00    5.80 ^ _2982_/B (Nand_gate)
                  0.08    0.11    5.91 v _2982_/Y (Nand_gate)
     2    0.01                           _2085_ (net)
                  0.08    0.00    5.91 v _2983_/B (Nor_gate)
                  0.07    0.08    5.99 ^ _2983_/Y (Nor_gate)
     1    0.00                           _2086_ (net)
                  0.07    0.00    5.99 ^ _2984_/B (Nor_gate)
                  0.05    0.05    6.04 v _2984_/Y (Nor_gate)
     2    0.01                           _2087_ (net)
                  0.05    0.00    6.04 v _2986_/B (Nor_gate)
                  0.12    0.11    6.15 ^ _2986_/Y (Nor_gate)
     2    0.01                           _2089_ (net)
                  0.12    0.00    6.15 ^ _3037_/A (inverter)
                  0.03    0.04    6.18 v _3037_/Y (inverter)
     1    0.00                           _2139_ (net)
                  0.03    0.00    6.18 v _3038_/B (Nand_gate)
                  0.06    0.05    6.24 ^ _3038_/Y (Nand_gate)
     2    0.01                           _2140_ (net)
                  0.06    0.00    6.24 ^ _3040_/B (Nand_gate)
                  0.05    0.04    6.28 v _3040_/Y (Nand_gate)
     1    0.00                           _2142_ (net)
                  0.05    0.00    6.28 v _3041_/B (Nand_gate)
                  0.04    0.04    6.32 ^ _3041_/Y (Nand_gate)
     1    0.00                           _2143_ (net)
                  0.04    0.00    6.32 ^ _3042_/B (Nor_gate)
                  0.03    0.03    6.35 v _3042_/Y (Nor_gate)
     1    0.00                           _2144_ (net)
                  0.03    0.00    6.35 v _3080_/A (Nor_gate)
                  0.18    0.16    6.52 ^ _3080_/Y (Nor_gate)
     2    0.01                           _0012_ (net)
                  0.18    0.00    6.52 ^ _3081_/A (inverter)
                  0.10    0.12    6.64 v _3081_/Y (inverter)
     1    0.02                           net98 (net)
                  0.10    0.00    6.64 v output98/A (sky130_fd_sc_hd__clkbuf_4)
                  0.06    0.16    6.80 v output98/X (sky130_fd_sc_hd__clkbuf_4)
     1    0.03                           result[7] (net)
                  0.06    0.00    6.80 v result[7] (out)
                                  6.80   data arrival time

                  0.00   20.00   20.00   clock clk (rise edge)
                          0.00   20.00   clock network delay (ideal)
                         -0.25   19.75   clock uncertainty
                          0.00   19.75   clock reconvergence pessimism
                         -4.00   15.75   output external delay
                                 15.75   data required time
-----------------------------------------------------------------------------
                                 15.75   data required time
                                 -6.80   data arrival time
-----------------------------------------------------------------------------
                                  8.95   slack (MET)


Startpoint: b[3] (input port clocked by clk)
Endpoint: result[6] (output port clocked by clk)
Path Group: clk
Path Type: max
Corner: Fastest

Fanout     Cap    Slew   Delay    Time   Description
-----------------------------------------------------------------------------
                  0.00    0.00    0.00   clock clk (rise edge)
                          0.00    0.00   clock network delay (ideal)
                          4.00    4.00 ^ input external delay
                  0.01    0.01    4.01 ^ b[3] (in)
     1    0.00                           b[3] (net)
                  0.01    0.00    4.01 ^ input62/A (sky130_fd_sc_hd__buf_2)
                  0.21    0.19    4.20 ^ input62/X (sky130_fd_sc_hd__buf_2)
     6    0.06                           net62 (net)
                  0.21    0.01    4.21 ^ _2315_/A (inverter)
                  0.19    0.20    4.41 v _2315_/Y (inverter)
     8    0.04                           _1424_ (net)
                  0.19    0.01    4.42 v _2528_/B (Nand_gate)
                  0.27    0.25    4.66 ^ _2528_/Y (Nand_gate)
     7    0.03                           _1637_ (net)
                  0.27    0.00    4.67 ^ _2861_/B (Nor_gate)
                  0.08    0.11    4.78 v _2861_/Y (Nor_gate)
     2    0.01                           _1966_ (net)
                  0.08    0.00    4.78 v _2862_/A (Nor_gate)
                  0.24    0.22    5.00 ^ _2862_/Y (Nor_gate)
     2    0.01                           _1967_ (net)
                  0.24    0.00    5.00 ^ _2919_/B (Nor_gate)
                  0.04    0.06    5.06 v _2919_/Y (Nor_gate)
     1    0.00                           _2023_ (net)
                  0.04    0.00    5.06 v _2920_/B (Nor_gate)
                  0.18    0.15    5.21 ^ _2920_/Y (Nor_gate)
     2    0.01                           _2024_ (net)
                  0.18    0.00    5.21 ^ _2921_/B (Xnor)
                  0.28    0.28    5.49 ^ _2921_/Y (Xnor)
     2    0.01                           _2025_ (net)
                  0.28    0.00    5.49 ^ _2922_/B (Xnor)
                  0.29    0.30    5.80 ^ _2922_/Y (Xnor)
     3    0.01                           _2026_ (net)
                  0.29    0.00    5.80 ^ _2982_/B (Nand_gate)
                  0.08    0.11    5.91 v _2982_/Y (Nand_gate)
     2    0.01                           _2085_ (net)
                  0.08    0.00    5.91 v _2983_/B (Nor_gate)
                  0.07    0.08    5.99 ^ _2983_/Y (Nor_gate)
     1    0.00                           _2086_ (net)
                  0.07    0.00    5.99 ^ _2984_/B (Nor_gate)
                  0.05    0.05    6.04 v _2984_/Y (Nor_gate)
     2    0.01                           _2087_ (net)
                  0.05    0.00    6.04 v _2986_/B (Nor_gate)
                  0.12    0.11    6.15 ^ _2986_/Y (Nor_gate)
     2    0.01                           _2089_ (net)
                  0.12    0.00    6.15 ^ _2987_/B (Nor_gate)
                  0.05    0.05    6.20 v _2987_/Y (Nor_gate)
     1    0.00                           _2090_ (net)
                  0.05    0.00    6.20 v _2988_/B (Nand_gate)
                  0.09    0.08    6.28 ^ _2988_/Y (Nand_gate)
     1    0.01                           _2091_ (net)
                  0.09    0.00    6.28 ^ _3030_/A (Nand_gate)
                  0.04    0.05    6.33 v _3030_/Y (Nand_gate)
     1    0.00                           _2133_ (net)
                  0.04    0.00    6.33 v _3031_/A (sky130_fd_sc_hd__buf_1)
                  0.08    0.11    6.44 v _3031_/X (sky130_fd_sc_hd__buf_1)
     2    0.02                           net97 (net)
                  0.08    0.00    6.44 v output97/A (sky130_fd_sc_hd__clkbuf_4)
                  0.06    0.15    6.59 v output97/X (sky130_fd_sc_hd__clkbuf_4)
     1    0.03                           result[6] (net)
                  0.06    0.00    6.59 v result[6] (out)
                                  6.59   data arrival time

                  0.00   20.00   20.00   clock clk (rise edge)
                          0.00   20.00   clock network delay (ideal)
                         -0.25   19.75   clock uncertainty
                          0.00   19.75   clock reconvergence pessimism
                         -4.00   15.75   output external delay
                                 15.75   data required time
-----------------------------------------------------------------------------
                                 15.75   data required time
                                 -6.59   data arrival time
-----------------------------------------------------------------------------
                                  9.16   slack (MET)


Startpoint: b[0] (input port clocked by clk)
Endpoint: result[4] (output port clocked by clk)
Path Group: clk
Path Type: max
Corner: Fastest

Fanout     Cap    Slew   Delay    Time   Description
-----------------------------------------------------------------------------
                  0.00    0.00    0.00   clock clk (rise edge)
                          0.00    0.00   clock network delay (ideal)
                          4.00    4.00 ^ input external delay
                  0.02    0.01    4.01 ^ b[0] (in)
     1    0.00                           b[0] (net)
                  0.02    0.00    4.01 ^ input37/A (sky130_fd_sc_hd__clkbuf_4)
                  0.12    0.15    4.16 ^ input37/X (sky130_fd_sc_hd__clkbuf_4)
    10    0.05                           net37 (net)
                  0.12    0.00    4.17 ^ _2324_/A (sky130_fd_sc_hd__clkbuf_4)
                  0.15    0.21    4.37 ^ _2324_/X (sky130_fd_sc_hd__clkbuf_4)
    10    0.07                           _1433_ (net)
                  0.15    0.00    4.38 ^ _2498_/A (sky130_fd_sc_hd__buf_4)
                  0.14    0.18    4.56 ^ _2498_/X (sky130_fd_sc_hd__buf_4)
    10    0.07                           _1607_ (net)
                  0.14    0.01    4.56 ^ _2499_/A (sky130_fd_sc_hd__clkbuf_4)
                  0.14    0.20    4.76 ^ _2499_/X (sky130_fd_sc_hd__clkbuf_4)
    10    0.06                           _1608_ (net)
                  0.14    0.00    4.76 ^ _2500_/S (Mux)
                  0.04    0.23    5.00 v _2500_/Y (Mux)
     1    0.00                           _1609_ (net)
                  0.04    0.00    5.00 v _2503_/A (Mux)
                  0.09    0.29    5.28 v _2503_/Y (Mux)
     2    0.01                           _1612_ (net)
                  0.09    0.00    5.29 v _2900_/A (Mux)
                  0.05    0.24    5.53 v _2900_/Y (Mux)
     1    0.00                           _2005_ (net)
                  0.05    0.00    5.53 v _2904_/A (Mux)
                  0.06    0.25    5.77 v _2904_/Y (Mux)
     1    0.01                           _2009_ (net)
                  0.06    0.00    5.77 v _2905_/B (Nand_gate)
                  0.05    0.05    5.82 ^ _2905_/Y (Nand_gate)
     1    0.00                           _2010_ (net)
                  0.05    0.00    5.82 ^ _2914_/A (Nand_gate)
                  0.04    0.05    5.88 v _2914_/Y (Nand_gate)
     1    0.01                           _2019_ (net)
                  0.04    0.00    5.88 v _2915_/B (Nand_gate)
                  0.06    0.06    5.93 ^ _2915_/Y (Nand_gate)
     1    0.01                           _2020_ (net)
                  0.06    0.00    5.93 ^ _2916_/B (Nand_gate)
                  0.05    0.06    5.99 v _2916_/Y (Nand_gate)
     1    0.01                           _2021_ (net)
                  0.05    0.00    5.99 v _2917_/B (Nor_gate)
                  0.11    0.10    6.09 ^ _2917_/Y (Nor_gate)
     2    0.01                           _2022_ (net)
                  0.11    0.00    6.09 ^ _2918_/A (inverter)
                  0.19    0.18    6.27 v _2918_/Y (inverter)
     2    0.04                           net95 (net)
                  0.19    0.00    6.28 v output95/A (sky130_fd_sc_hd__clkbuf_4)
                  0.06    0.20    6.47 v output95/X (sky130_fd_sc_hd__clkbuf_4)
     1    0.03                           result[4] (net)
                  0.06    0.00    6.47 v result[4] (out)
                                  6.47   data arrival time

                  0.00   20.00   20.00   clock clk (rise edge)
                          0.00   20.00   clock network delay (ideal)
                         -0.25   19.75   clock uncertainty
                          0.00   19.75   clock reconvergence pessimism
                         -4.00   15.75   output external delay
                                 15.75   data required time
-----------------------------------------------------------------------------
                                 15.75   data required time
                                 -6.47   data arrival time
-----------------------------------------------------------------------------
                                  9.28   slack (MET)


Startpoint: b[3] (input port clocked by clk)
Endpoint: result[5] (output port clocked by clk)
Path Group: clk
Path Type: max
Corner: Fastest

Fanout     Cap    Slew   Delay    Time   Description
-----------------------------------------------------------------------------
                  0.00    0.00    0.00   clock clk (rise edge)
                          0.00    0.00   clock network delay (ideal)
                          4.00    4.00 ^ input external delay
                  0.01    0.01    4.01 ^ b[3] (in)
     1    0.00                           b[3] (net)
                  0.01    0.00    4.01 ^ input62/A (sky130_fd_sc_hd__buf_2)
                  0.21    0.19    4.20 ^ input62/X (sky130_fd_sc_hd__buf_2)
     6    0.06                           net62 (net)
                  0.21    0.01    4.21 ^ _2315_/A (inverter)
                  0.19    0.20    4.41 v _2315_/Y (inverter)
     8    0.04                           _1424_ (net)
                  0.19    0.01    4.42 v _2528_/B (Nand_gate)
                  0.27    0.25    4.66 ^ _2528_/Y (Nand_gate)
     7    0.03                           _1637_ (net)
                  0.27    0.00    4.67 ^ _2861_/B (Nor_gate)
                  0.08    0.11    4.78 v _2861_/Y (Nor_gate)
     2    0.01                           _1966_ (net)
                  0.08    0.00    4.78 v _2862_/A (Nor_gate)
                  0.24    0.22    5.00 ^ _2862_/Y (Nor_gate)
     2    0.01                           _1967_ (net)
                  0.24    0.00    5.00 ^ _2919_/B (Nor_gate)
                  0.04    0.06    5.06 v _2919_/Y (Nor_gate)
     1    0.00                           _2023_ (net)
                  0.04    0.00    5.06 v _2920_/B (Nor_gate)
                  0.18    0.15    5.21 ^ _2920_/Y (Nor_gate)
     2    0.01                           _2024_ (net)
                  0.18    0.00    5.21 ^ _2921_/B (Xnor)
                  0.28    0.28    5.49 ^ _2921_/Y (Xnor)
     2    0.01                           _2025_ (net)
                  0.28    0.00    5.49 ^ _2922_/B (Xnor)
                  0.29    0.30    5.80 ^ _2922_/Y (Xnor)
     3    0.01                           _2026_ (net)
                  0.29    0.00    5.80 ^ _2925_/A (Nor_gate)
                  0.05    0.07    5.87 v _2925_/Y (Nor_gate)
     1    0.00                           _2029_ (net)
                  0.05    0.00    5.87 v _2926_/B (Nor_gate)
                  0.08    0.07    5.93 ^ _2926_/Y (Nor_gate)
     1    0.00                           _2030_ (net)
                  0.08    0.00    5.93 ^ _2927_/B (Nand_gate)
                  0.03    0.05    5.98 v _2927_/Y (Nand_gate)
     1    0.00                           _2031_ (net)
                  0.03    0.00    5.98 v _2964_/A (Nand_gate)
                  0.04    0.04    6.03 ^ _2964_/Y (Nand_gate)
     1    0.00                           _2068_ (net)
                  0.04    0.00    6.03 ^ _2965_/A (sky130_fd_sc_hd__buf_1)
                  0.15    0.14    6.17 ^ _2965_/X (sky130_fd_sc_hd__buf_1)
     2    0.02                           net96 (net)
                  0.15    0.00    6.17 ^ output96/A (sky130_fd_sc_hd__buf_2)
                  0.13    0.17    6.34 ^ output96/X (sky130_fd_sc_hd__buf_2)
     1    0.03                           result[5] (net)
                  0.13    0.00    6.34 ^ result[5] (out)
                                  6.34   data arrival time

                  0.00   20.00   20.00   clock clk (rise edge)
                          0.00   20.00   clock network delay (ideal)
                         -0.25   19.75   clock uncertainty
                          0.00   19.75   clock reconvergence pessimism
                         -4.00   15.75   output external delay
                                 15.75   data required time
-----------------------------------------------------------------------------
                                 15.75   data required time
                                 -6.34   data arrival time
-----------------------------------------------------------------------------
                                  9.41   slack (MET)


Startpoint: b[0] (input port clocked by clk)
Endpoint: result[0] (output port clocked by clk)
Path Group: clk
Path Type: max
Corner: Fastest

Fanout     Cap    Slew   Delay    Time   Description
-----------------------------------------------------------------------------
                  0.00    0.00    0.00   clock clk (rise edge)
                          0.00    0.00   clock network delay (ideal)
                          4.00    4.00 v input external delay
                  0.01    0.00    4.00 v b[0] (in)
     1    0.00                           b[0] (net)
                  0.01    0.00    4.00 v input37/A (sky130_fd_sc_hd__clkbuf_4)
                  0.08    0.13    4.14 v input37/X (sky130_fd_sc_hd__clkbuf_4)
    10    0.05                           net37 (net)
                  0.08    0.01    4.14 v _2331_/A (Nor_gate)
                  0.72    0.57    4.72 ^ _2331_/Y (Nor_gate)
     5    0.05                           _1440_ (net)
                  0.72    0.00    4.72 ^ _2332_/B (Nand_gate)
                  0.24    0.31    5.03 v _2332_/Y (Nand_gate)
     4    0.03                           _1441_ (net)
                  0.24    0.00    5.04 v _2333_/B (Nand_gate)
                  0.06    0.08    5.12 ^ _2333_/Y (Nand_gate)
     1    0.00                           _1442_ (net)
                  0.06    0.00    5.12 ^ _2334_/B (Nor_gate)
                  0.02    0.03    5.15 v _2334_/Y (Nor_gate)
     1    0.00                           _1443_ (net)
                  0.02    0.00    5.15 v _2335_/B (Nor_gate)
                  0.07    0.06    5.21 ^ _2335_/Y (Nor_gate)
     1    0.00                           _1444_ (net)
                  0.07    0.00    5.21 ^ _2336_/A (inverter)
                  0.03    0.04    5.25 v _2336_/Y (inverter)
     1    0.01                           _1445_ (net)
                  0.03    0.00    5.25 v _2337_/B (Nand_gate)
                  0.04    0.04    5.29 ^ _2337_/Y (Nand_gate)
     1    0.00                           _1446_ (net)
                  0.04    0.00    5.29 ^ _2338_/B (Nand_gate)
                  0.07    0.07    5.37 v _2338_/Y (Nand_gate)
     1    0.01                           _1447_ (net)
                  0.07    0.00    5.37 v _2339_/B (Nand_gate)
                  0.04    0.05    5.42 ^ _2339_/Y (Nand_gate)
     1    0.00                           _1448_ (net)
                  0.04    0.00    5.42 ^ _2360_/A (Nand_gate)
                  0.06    0.07    5.48 v _2360_/Y (Nand_gate)
     1    0.01                           _1469_ (net)
                  0.06    0.00    5.48 v _2361_/B (Nand_gate)
                  0.07    0.07    5.55 ^ _2361_/Y (Nand_gate)
     1    0.01                           _1470_ (net)
                  0.07    0.00    5.55 ^ _2395_/A (Nand_gate)
                  0.03    0.05    5.60 v _2395_/Y (Nand_gate)
     1    0.00                           _1504_ (net)
                  0.03    0.00    5.60 v _2396_/B (Nand_gate)
                  0.05    0.05    5.65 ^ _2396_/Y (Nand_gate)
     1    0.00                           _1505_ (net)
                  0.05    0.00    5.65 ^ _2471_/A (Nand_gate)
                  0.05    0.06    5.71 v _2471_/Y (Nand_gate)
     2    0.01                           _1580_ (net)
                  0.05    0.00    5.71 v _2473_/B (Nor_gate)
                  0.07    0.07    5.78 ^ _2473_/Y (Nor_gate)
     1    0.00                           _1582_ (net)
                  0.07    0.00    5.78 ^ _2494_/A (Nor_gate)
                  0.03    0.04    5.82 v _2494_/Y (Nor_gate)
     1    0.00                           _1603_ (net)
                  0.03    0.00    5.82 v _2495_/B (Nand_gate)
                  0.04    0.04    5.86 ^ _2495_/Y (Nand_gate)
     1    0.00                           _1604_ (net)
                  0.04    0.00    5.86 ^ _2602_/A (Nand_gate)
                  0.05    0.05    5.91 v _2602_/Y (Nand_gate)
     1    0.00                           _1711_ (net)
                  0.05    0.00    5.91 v _2603_/A (sky130_fd_sc_hd__clkbuf_2)
                  0.09    0.14    6.05 v _2603_/X (sky130_fd_sc_hd__clkbuf_2)
     2    0.04                           net69 (net)
                  0.09    0.00    6.06 v output69/A (sky130_fd_sc_hd__clkbuf_4)
                  0.06    0.16    6.21 v output69/X (sky130_fd_sc_hd__clkbuf_4)
     1    0.03                           result[0] (net)
                  0.06    0.00    6.22 v result[0] (out)
                                  6.22   data arrival time

                  0.00   20.00   20.00   clock clk (rise edge)
                          0.00   20.00   clock network delay (ideal)
                         -0.25   19.75   clock uncertainty
                          0.00   19.75   clock reconvergence pessimism
                         -4.00   15.75   output external delay
                                 15.75   data required time
-----------------------------------------------------------------------------
                                 15.75   data required time
                                 -6.22   data arrival time
-----------------------------------------------------------------------------
                                  9.53   slack (MET)


Startpoint: alu_control[3] (input port clocked by clk)
Endpoint: result[3] (output port clocked by clk)
Path Group: clk
Path Type: max
Corner: Fastest

Fanout     Cap    Slew   Delay    Time   Description
-----------------------------------------------------------------------------
                  0.00    0.00    0.00   clock clk (rise edge)
                          0.00    0.00   clock network delay (ideal)
                          4.00    4.00 ^ input external delay
                  0.01    0.01    4.01 ^ alu_control[3] (in)
     1    0.00                           alu_control[3] (net)
                  0.01    0.00    4.01 ^ input36/A (sky130_fd_sc_hd__buf_2)
                  0.16    0.16    4.17 ^ input36/X (sky130_fd_sc_hd__buf_2)
     6    0.04                           net36 (net)
                  0.16    0.01    4.18 ^ _2490_/A (inverter)
                  0.10    0.11    4.29 v _2490_/Y (inverter)
     5    0.02                           _1599_ (net)
                  0.10    0.00    4.29 v _2571_/B (Nand_gate)
                  0.10    0.10    4.39 ^ _2571_/Y (Nand_gate)
     4    0.01                           _1680_ (net)
                  0.10    0.00    4.39 ^ _2669_/B (Nor_gate)
                  0.07    0.08    4.46 v _2669_/Y (Nor_gate)
     3    0.01                           _1777_ (net)
                  0.07    0.00    4.47 v _2706_/A (sky130_fd_sc_hd__clkbuf_4)
                  0.09    0.17    4.64 v _2706_/X (sky130_fd_sc_hd__clkbuf_4)
    10    0.06                           _1813_ (net)
                  0.09    0.00    4.64 v _2707_/B (Nor_gate)
                  0.15    0.14    4.78 ^ _2707_/Y (Nor_gate)
     1    0.01                           _1814_ (net)
                  0.15    0.00    4.78 ^ _2708_/B (Xnor)
                  0.25    0.26    5.04 ^ _2708_/Y (Xnor)
     2    0.01                           _1815_ (net)
                  0.25    0.00    5.04 ^ _2709_/B (Xnor)
                  0.38    0.37    5.41 ^ _2709_/Y (Xnor)
     4    0.01                           _1816_ (net)
                  0.38    0.00    5.41 ^ _2710_/B (Nor_gate)
                  0.06    0.09    5.49 v _2710_/Y (Nor_gate)
     2    0.01                           _1817_ (net)
                  0.06    0.00    5.49 v _2790_/B (Nor_gate)
                  0.12    0.11    5.61 ^ _2790_/Y (Nor_gate)
     2    0.01                           _1896_ (net)
                  0.12    0.00    5.61 ^ _2793_/B (Nor_gate)
                  0.05    0.04    5.65 v _2793_/Y (Nor_gate)
     1    0.00                           _1899_ (net)
                  0.05    0.00    5.65 v _2794_/B (Nor_gate)
                  0.08    0.07    5.72 ^ _2794_/Y (Nor_gate)
     1    0.00                           _1900_ (net)
                  0.08    0.00    5.72 ^ _2795_/B (Nand_gate)
                  0.04    0.05    5.78 v _2795_/Y (Nand_gate)
     1    0.00                           _1901_ (net)
                  0.04    0.00    5.78 v _2849_/A (Nand_gate)
                  0.04    0.05    5.82 ^ _2849_/Y (Nand_gate)
     1    0.00                           _1955_ (net)
                  0.04    0.00    5.83 ^ _2850_/A (sky130_fd_sc_hd__buf_1)
                  0.16    0.15    5.98 ^ _2850_/X (sky130_fd_sc_hd__buf_1)
     2    0.02                           net94 (net)
                  0.16    0.00    5.98 ^ output94/A (sky130_fd_sc_hd__clkbuf_4)
                  0.09    0.17    6.14 ^ output94/X (sky130_fd_sc_hd__clkbuf_4)
     1    0.03                           result[3] (net)
                  0.09    0.00    6.14 ^ result[3] (out)
                                  6.14   data arrival time

                  0.00   20.00   20.00   clock clk (rise edge)
                          0.00   20.00   clock network delay (ideal)
                         -0.25   19.75   clock uncertainty
                          0.00   19.75   clock reconvergence pessimism
                         -4.00   15.75   output external delay
                                 15.75   data required time
-----------------------------------------------------------------------------
                                 15.75   data required time
                                 -6.14   data arrival time
-----------------------------------------------------------------------------
                                  9.61   slack (MET)


Startpoint: b[0] (input port clocked by clk)
Endpoint: result[2] (output port clocked by clk)
Path Group: clk
Path Type: max
Corner: Fastest

Fanout     Cap    Slew   Delay    Time   Description
-----------------------------------------------------------------------------
                  0.00    0.00    0.00   clock clk (rise edge)
                          0.00    0.00   clock network delay (ideal)
                          4.00    4.00 ^ input external delay
                  0.02    0.01    4.01 ^ b[0] (in)
     1    0.00                           b[0] (net)
                  0.02    0.00    4.01 ^ input37/A (sky130_fd_sc_hd__clkbuf_4)
                  0.12    0.15    4.16 ^ input37/X (sky130_fd_sc_hd__clkbuf_4)
    10    0.05                           net37 (net)
                  0.12    0.00    4.17 ^ _2324_/A (sky130_fd_sc_hd__clkbuf_4)
                  0.15    0.21    4.37 ^ _2324_/X (sky130_fd_sc_hd__clkbuf_4)
    10    0.07                           _1433_ (net)
                  0.15    0.00    4.38 ^ _2498_/A (sky130_fd_sc_hd__buf_4)
                  0.14    0.18    4.56 ^ _2498_/X (sky130_fd_sc_hd__buf_4)
    10    0.07                           _1607_ (net)
                  0.15    0.01    4.57 ^ _2732_/S (Mux)
                  0.04    0.23    4.80 v _2732_/Y (Mux)
     1    0.00                           _1839_ (net)
                  0.04    0.00    4.80 v _2734_/A (Mux)
                  0.08    0.27    5.07 v _2734_/Y (Mux)
     1    0.01                           _1841_ (net)
                  0.08    0.00    5.07 v _2738_/A (Mux)
                  0.10    0.30    5.38 v _2738_/Y (Mux)
     2    0.02                           _1845_ (net)
                  0.10    0.00    5.38 v _2739_/B (Nand_gate)
                  0.07    0.08    5.45 ^ _2739_/Y (Nand_gate)
     2    0.01                           _1846_ (net)
                  0.07    0.00    5.45 ^ _2740_/B (Nand_gate)
                  0.03    0.04    5.50 v _2740_/Y (Nand_gate)
     1    0.00                           _1847_ (net)
                  0.03    0.00    5.50 v _2741_/B (Nand_gate)
                  0.06    0.06    5.55 ^ _2741_/Y (Nand_gate)
     1    0.01                           _1848_ (net)
                  0.06    0.00    5.55 ^ _2742_/B (Nand_gate)
                  0.03    0.04    5.60 v _2742_/Y (Nand_gate)
     1    0.00                           _1849_ (net)
                  0.03    0.00    5.60 v _2743_/B (Nand_gate)
                  0.04    0.04    5.64 ^ _2743_/Y (Nand_gate)
     1    0.00                           _1850_ (net)
                  0.04    0.00    5.64 ^ _2780_/A (Nand_gate)
                  0.06    0.06    5.70 v _2780_/Y (Nand_gate)
     1    0.01                           _1887_ (net)
                  0.06    0.00    5.70 v _2781_/B (Nor_gate)
                  0.28    0.23    5.93 ^ _2781_/Y (Nor_gate)
     2    0.02                           _1888_ (net)
                  0.28    0.00    5.93 ^ _2782_/A (inverter)
                  0.05    0.05    5.98 v _2782_/Y (inverter)
     1    0.00                           net91 (net)
                  0.05    0.00    5.98 v output91/A (sky130_fd_sc_hd__clkbuf_4)
                  0.06    0.14    6.11 v output91/X (sky130_fd_sc_hd__clkbuf_4)
     1    0.03                           result[2] (net)
                  0.06    0.00    6.11 v result[2] (out)
                                  6.11   data arrival time

                  0.00   20.00   20.00   clock clk (rise edge)
                          0.00   20.00   clock network delay (ideal)
                         -0.25   19.75   clock uncertainty
                          0.00   19.75   clock reconvergence pessimism
                         -4.00   15.75   output external delay
                                 15.75   data required time
-----------------------------------------------------------------------------
                                 15.75   data required time
                                 -6.11   data arrival time
-----------------------------------------------------------------------------
                                  9.64   slack (MET)


Startpoint: b[0] (input port clocked by clk)
Endpoint: result[1] (output port clocked by clk)
Path Group: clk
Path Type: max
Corner: Fastest

Fanout     Cap    Slew   Delay    Time   Description
-----------------------------------------------------------------------------
                  0.00    0.00    0.00   clock clk (rise edge)
                          0.00    0.00   clock network delay (ideal)
                          4.00    4.00 ^ input external delay
                  0.02    0.01    4.01 ^ b[0] (in)
     1    0.00                           b[0] (net)
                  0.02    0.00    4.01 ^ input37/A (sky130_fd_sc_hd__clkbuf_4)
                  0.12    0.15    4.16 ^ input37/X (sky130_fd_sc_hd__clkbuf_4)
    10    0.05                           net37 (net)
                  0.12    0.00    4.17 ^ _2501_/A (sky130_fd_sc_hd__clkbuf_4)
                  0.15    0.20    4.37 ^ _2501_/X (sky130_fd_sc_hd__clkbuf_4)
    10    0.06                           _1610_ (net)
                  0.15    0.01    4.37 ^ _2629_/S (Mux)
                  0.08    0.28    4.65 v _2629_/Y (Mux)
     2    0.01                           _1737_ (net)
                  0.08    0.00    4.66 v _2631_/A (Mux)
                  0.09    0.30    4.95 v _2631_/Y (Mux)
     2    0.01                           _1739_ (net)
                  0.09    0.00    4.95 v _2632_/A (inverter)
                  0.04    0.04    5.00 ^ _2632_/Y (inverter)
     1    0.00                           _1740_ (net)
                  0.04    0.00    5.00 ^ _2637_/A (Mux)
                  0.12    0.18    5.18 ^ _2637_/Y (Mux)
     2    0.01                           _1745_ (net)
                  0.12    0.00    5.18 ^ _2638_/A (inverter)
                  0.03    0.04    5.22 v _2638_/Y (inverter)
     1    0.00                           _1746_ (net)
                  0.03    0.00    5.22 v _2639_/B (Nand_gate)
                  0.07    0.06    5.28 ^ _2639_/Y (Nand_gate)
     2    0.01                           _1747_ (net)
                  0.07    0.00    5.28 ^ _2665_/A (Nand_gate)
                  0.07    0.08    5.36 v _2665_/Y (Nand_gate)
     2    0.01                           _1773_ (net)
                  0.07    0.00    5.36 v _2666_/B (Nand_gate)
                  0.06    0.06    5.43 ^ _2666_/Y (Nand_gate)
     1    0.01                           _1774_ (net)
                  0.06    0.00    5.43 ^ _2667_/B (Nand_gate)
                  0.04    0.05    5.47 v _2667_/Y (Nand_gate)
     1    0.00                           _1775_ (net)
                  0.04    0.00    5.47 v _2668_/B (Nand_gate)
                  0.08    0.07    5.54 ^ _2668_/Y (Nand_gate)
     1    0.01                           _1776_ (net)
                  0.08    0.00    5.54 ^ _2700_/A (Nand_gate)
                  0.03    0.05    5.58 v _2700_/Y (Nand_gate)
     1    0.00                           _1808_ (net)
                  0.03    0.00    5.59 v _2701_/B (Nor_gate)
                  0.30    0.24    5.82 ^ _2701_/Y (Nor_gate)
     2    0.02                           _1809_ (net)
                  0.30    0.00    5.82 ^ _2702_/A (inverter)
                  0.05    0.05    5.87 v _2702_/Y (inverter)
     1    0.00                           net80 (net)
                  0.05    0.00    5.87 v output80/A (sky130_fd_sc_hd__clkbuf_4)
                  0.06    0.14    6.01 v output80/X (sky130_fd_sc_hd__clkbuf_4)
     1    0.03                           result[1] (net)
                  0.06    0.00    6.01 v result[1] (out)
                                  6.01   data arrival time

                  0.00   20.00   20.00   clock clk (rise edge)
                          0.00   20.00   clock network delay (ideal)
                         -0.25   19.75   clock uncertainty
                          0.00   19.75   clock reconvergence pessimism
                         -4.00   15.75   output external delay
                                 15.75   data required time
-----------------------------------------------------------------------------
                                 15.75   data required time
                                 -6.01   data arrival time
-----------------------------------------------------------------------------
                                  9.74   slack (MET)



======================= Slowest Corner ===================================

Startpoint: alu_control[3] (input port clocked by clk)
Endpoint: zero (output port clocked by clk)
Path Group: clk
Path Type: max
Corner: Slowest

Fanout     Cap    Slew   Delay    Time   Description
-----------------------------------------------------------------------------
                  0.00    0.00    0.00   clock clk (rise edge)
                          0.00    0.00   clock network delay (ideal)
                          4.00    4.00 v input external delay
                  0.02    0.01    4.01 v alu_control[3] (in)
     1    0.00                           alu_control[3] (net)
                  0.02    0.00    4.01 v input36/A (sky130_fd_sc_hd__buf_2)
                  0.20    0.37    4.38 v input36/X (sky130_fd_sc_hd__buf_2)
     6    0.04                           net36 (net)
                  0.20    0.01    4.38 v _2490_/A (inverter)
                  0.16    0.17    4.55 ^ _2490_/Y (inverter)
     5    0.02                           _1599_ (net)
                  0.16    0.00    4.55 ^ _2571_/B (Nand_gate)
                  0.09    0.11    4.66 v _2571_/Y (Nand_gate)
     4    0.01                           _1680_ (net)
                  0.09    0.00    4.66 v _2669_/B (Nor_gate)
                  0.23    0.20    4.86 ^ _2669_/Y (Nor_gate)
     3    0.01                           _1777_ (net)
                  0.23    0.00    4.86 ^ _2706_/A (sky130_fd_sc_hd__clkbuf_4)
                  0.30    0.52    5.38 ^ _2706_/X (sky130_fd_sc_hd__clkbuf_4)
    10    0.06                           _1813_ (net)
                  0.30    0.01    5.38 ^ _3398_/A (sky130_fd_sc_hd__clkbuf_4)
                  0.28    0.53    5.91 ^ _3398_/X (sky130_fd_sc_hd__clkbuf_4)
    10    0.06                           _0355_ (net)
                  0.28    0.00    5.91 ^ _3512_/B (Nor_gate)
                  0.05    0.06    5.98 v _3512_/Y (Nor_gate)
     1    0.00                           _0478_ (net)
                  0.05    0.00    5.98 v _3513_/B (Nor_gate)
                  0.10    0.09    6.07 ^ _3513_/Y (Nor_gate)
     1    0.00                           _0479_ (net)
                  0.10    0.00    6.07 ^ _3514_/B (Xnor)
                  0.32    0.30    6.37 ^ _3514_/Y (Xnor)
     3    0.01                           _0480_ (net)
                  0.32    0.00    6.37 ^ _3515_/B (Xnor)
                  0.17    0.18    6.55 v _3515_/Y (Xnor)
     4    0.01                           _0481_ (net)
                  0.17    0.00    6.55 v _3563_/B (Nand_gate)
                  0.07    0.09    6.64 ^ _3563_/Y (Nand_gate)
     2    0.01                           _0533_ (net)
                  0.07    0.00    6.64 ^ _3686_/B (Nor_gate)
                  0.02    0.03    6.68 v _3686_/Y (Nor_gate)
     1    0.00                           _0666_ (net)
                  0.02    0.00    6.68 v _3688_/A (Nor_gate)
                  0.08    0.09    6.76 ^ _3688_/Y (Nor_gate)
     1    0.00                           _0669_ (net)
                  0.08    0.00    6.76 ^ _3689_/B (Nand_gate)
                  0.04    0.05    6.82 v _3689_/Y (Nand_gate)
     1    0.00                           _0670_ (net)
                  0.04    0.00    6.82 v _3690_/B (Nor_gate)
                  0.38    0.30    7.11 ^ _3690_/Y (Nor_gate)
     3    0.02                           _0671_ (net)
                  0.38    0.00    7.12 ^ _4078_/A (Nor_gate)
                  0.06    0.08    7.20 v _4078_/Y (Nor_gate)
     1    0.00                           _1090_ (net)
                  0.06    0.00    7.20 v _4082_/A (Nor_gate)
                  0.34    0.29    7.49 ^ _4082_/Y (Nor_gate)
     2    0.02                           _1094_ (net)
                  0.34    0.00    7.50 ^ _4167_/A (Nor_gate)
                  0.05    0.08    7.57 v _4167_/Y (Nor_gate)
     1    0.00                           _1185_ (net)
                  0.05    0.00    7.57 v _4176_/A (Nor_gate)
                  0.13    0.13    7.70 ^ _4176_/Y (Nor_gate)
     2    0.01                           _1195_ (net)
                  0.13    0.00    7.70 ^ _4183_/A (Nor_gate)
                  0.05    0.07    7.78 v _4183_/Y (Nor_gate)
     3    0.01                           _1203_ (net)
                  0.05    0.00    7.78 v _4265_/A (Nor_gate)
                  0.07    0.08    7.86 ^ _4265_/Y (Nor_gate)
     1    0.00                           _1291_ (net)
                  0.07    0.00    7.86 ^ _4266_/B (Nor_gate)
                  0.04    0.04    7.90 v _4266_/Y (Nor_gate)
     2    0.01                           _1292_ (net)
                  0.04    0.00    7.90 v _4267_/B (Nand_gate)
                  0.07    0.06    7.96 ^ _4267_/Y (Nand_gate)
     2    0.01                           _1293_ (net)
                  0.07    0.00    7.96 ^ _4302_/B (Nand_gate)
                  0.06    0.07    8.03 v _4302_/Y (Nand_gate)
     2    0.01                           _1331_ (net)
                  0.06    0.00    8.03 v _4307_/A (Nor_gate)
                  0.09    0.10    8.12 ^ _4307_/Y (Nor_gate)
     1    0.00                           _1336_ (net)
                  0.09    0.00    8.13 ^ _4308_/B (Nor_gate)
                  0.06    0.04    8.17 v _4308_/Y (Nor_gate)
     1    0.00                           _1338_ (net)
                  0.06    0.00    8.17 v _4309_/B (Nand_gate)
                  0.04    0.05    8.22 ^ _4309_/Y (Nand_gate)
     1    0.00                           _1339_ (net)
                  0.04    0.00    8.22 ^ _4337_/A (Nand_gate)
                  0.03    0.04    8.25 v _4337_/Y (Nand_gate)
     1    0.00                           _1369_ (net)
                  0.03    0.00    8.25 v _4338_/A (sky130_fd_sc_hd__dlymetal6s2s_1)
                  0.31    0.48    8.74 v _4338_/X (sky130_fd_sc_hd__dlymetal6s2s_1)
     2    0.03                           net93 (net)
                  0.31    0.00    8.74 v _4371_/A (Nor_gate)
                  0.08    0.13    8.87 ^ _4371_/Y (Nor_gate)
     1    0.00                           _1406_ (net)
                  0.08    0.00    8.87 ^ _4372_/A (sky130_fd_sc_hd__clkbuf_1)
                  0.07    0.17    9.03 ^ _4372_/X (sky130_fd_sc_hd__clkbuf_1)
     1    0.00                           net101 (net)
                  0.07    0.00    9.03 ^ output101/A (sky130_fd_sc_hd__buf_2)
                  0.27    0.36    9.39 ^ output101/X (sky130_fd_sc_hd__buf_2)
     1    0.03                           zero (net)
                  0.27    0.00    9.40 ^ zero (out)
                                  9.40   data arrival time

                  0.00   20.00   20.00   clock clk (rise edge)
                          0.00   20.00   clock network delay (ideal)
                         -0.25   19.75   clock uncertainty
                          0.00   19.75   clock reconvergence pessimism
                         -4.00   15.75   output external delay
                                 15.75   data required time
-----------------------------------------------------------------------------
                                 15.75   data required time
                                 -9.40   data arrival time
-----------------------------------------------------------------------------
                                  6.35   slack (MET)


Startpoint: alu_control[3] (input port clocked by clk)
Endpoint: result[31] (output port clocked by clk)
Path Group: clk
Path Type: max
Corner: Slowest

Fanout     Cap    Slew   Delay    Time   Description
-----------------------------------------------------------------------------
                  0.00    0.00    0.00   clock clk (rise edge)
                          0.00    0.00   clock network delay (ideal)
                          4.00    4.00 v input external delay
                  0.02    0.01    4.01 v alu_control[3] (in)
     1    0.00                           alu_control[3] (net)
                  0.02    0.00    4.01 v input36/A (sky130_fd_sc_hd__buf_2)
                  0.20    0.37    4.38 v input36/X (sky130_fd_sc_hd__buf_2)
     6    0.04                           net36 (net)
                  0.20    0.01    4.38 v _2490_/A (inverter)
                  0.16    0.17    4.55 ^ _2490_/Y (inverter)
     5    0.02                           _1599_ (net)
                  0.16    0.00    4.55 ^ _2571_/B (Nand_gate)
                  0.09    0.11    4.66 v _2571_/Y (Nand_gate)
     4    0.01                           _1680_ (net)
                  0.09    0.00    4.66 v _2669_/B (Nor_gate)
                  0.23    0.20    4.86 ^ _2669_/Y (Nor_gate)
     3    0.01                           _1777_ (net)
                  0.23    0.00    4.86 ^ _2706_/A (sky130_fd_sc_hd__clkbuf_4)
                  0.30    0.52    5.38 ^ _2706_/X (sky130_fd_sc_hd__clkbuf_4)
    10    0.06                           _1813_ (net)
                  0.30    0.01    5.38 ^ _3398_/A (sky130_fd_sc_hd__clkbuf_4)
                  0.28    0.53    5.91 ^ _3398_/X (sky130_fd_sc_hd__clkbuf_4)
    10    0.06                           _0355_ (net)
                  0.28    0.00    5.91 ^ _3512_/B (Nor_gate)
                  0.05    0.06    5.98 v _3512_/Y (Nor_gate)
     1    0.00                           _0478_ (net)
                  0.05    0.00    5.98 v _3513_/B (Nor_gate)
                  0.10    0.09    6.07 ^ _3513_/Y (Nor_gate)
     1    0.00                           _0479_ (net)
                  0.10    0.00    6.07 ^ _3514_/B (Xnor)
                  0.32    0.30    6.37 ^ _3514_/Y (Xnor)
     3    0.01                           _0480_ (net)
                  0.32    0.00    6.37 ^ _3515_/B (Xnor)
                  0.39    0.38    6.76 ^ _3515_/Y (Xnor)
     4    0.01                           _0481_ (net)
                  0.39    0.00    6.76 ^ _3567_/A (inverter)
                  0.07    0.06    6.82 v _3567_/Y (inverter)
     1    0.00                           _0537_ (net)
                  0.07    0.00    6.82 v _3568_/B (Nor_gate)
                  0.15    0.13    6.95 ^ _3568_/Y (Nor_gate)
     2    0.01                           _0539_ (net)
                  0.15    0.00    6.95 ^ _3569_/B (Nand_gate)
                  0.06    0.08    7.03 v _3569_/Y (Nand_gate)
     2    0.01                           _0540_ (net)
                  0.06    0.00    7.03 v _3679_/B (Nor_gate)
                  0.10    0.10    7.12 ^ _3679_/Y (Nor_gate)
     1    0.01                           _0659_ (net)
                  0.10    0.00    7.12 ^ _3690_/A (Nor_gate)
                  0.11    0.11    7.24 v _3690_/Y (Nor_gate)
     3    0.02                           _0671_ (net)
                  0.11    0.00    7.24 v _4078_/A (Nor_gate)
                  0.08    0.10    7.34 ^ _4078_/Y (Nor_gate)
     1    0.00                           _1090_ (net)
                  0.08    0.00    7.34 ^ _4082_/A (Nor_gate)
                  0.10    0.10    7.44 v _4082_/Y (Nor_gate)
     2    0.02                           _1094_ (net)
                  0.10    0.00    7.45 v _4167_/A (Nor_gate)
                  0.07    0.09    7.54 ^ _4167_/Y (Nor_gate)
     1    0.00                           _1185_ (net)
                  0.07    0.00    7.54 ^ _4176_/A (Nor_gate)
                  0.04    0.05    7.60 v _4176_/Y (Nor_gate)
     2    0.01                           _1195_ (net)
                  0.04    0.00    7.60 v _4183_/A (Nor_gate)
                  0.14    0.14    7.73 ^ _4183_/Y (Nor_gate)
     3    0.01                           _1203_ (net)
                  0.14    0.00    7.73 ^ _4265_/A (Nor_gate)
                  0.03    0.05    7.79 v _4265_/Y (Nor_gate)
     1    0.00                           _1291_ (net)
                  0.03    0.00    7.79 v _4266_/B (Nor_gate)
                  0.11    0.10    7.88 ^ _4266_/Y (Nor_gate)
     2    0.01                           _1292_ (net)
                  0.11    0.00    7.88 ^ _4267_/B (Nand_gate)
                  0.06    0.07    7.95 v _4267_/Y (Nand_gate)
     2    0.01                           _1293_ (net)
                  0.06    0.00    7.96 v _4302_/B (Nand_gate)
                  0.07    0.07    8.02 ^ _4302_/Y (Nand_gate)
     2    0.01                           _1331_ (net)
                  0.07    0.00    8.02 ^ _4307_/A (Nor_gate)
                  0.05    0.04    8.07 v _4307_/Y (Nor_gate)
     1    0.00                           _1336_ (net)
                  0.05    0.00    8.07 v _4308_/B (Nor_gate)
                  0.09    0.08    8.15 ^ _4308_/Y (Nor_gate)
     1    0.00                           _1338_ (net)
                  0.09    0.00    8.15 ^ _4309_/B (Nand_gate)
                  0.04    0.05    8.20 v _4309_/Y (Nand_gate)
     1    0.00                           _1339_ (net)
                  0.04    0.00    8.20 v _4337_/A (Nand_gate)
                  0.03    0.04    8.24 ^ _4337_/Y (Nand_gate)
     1    0.00                           _1369_ (net)
                  0.03    0.00    8.24 ^ _4338_/A (sky130_fd_sc_hd__dlymetal6s2s_1)
                  0.50    0.47    8.72 ^ _4338_/X (sky130_fd_sc_hd__dlymetal6s2s_1)
     2    0.03                           net93 (net)
                  0.50    0.00    8.72 ^ output93/A (sky130_fd_sc_hd__clkbuf_4)
                  0.18    0.55    9.27 ^ output93/X (sky130_fd_sc_hd__clkbuf_4)
     1    0.03                           result[31] (net)
                  0.18    0.00    9.27 ^ result[31] (out)
                                  9.27   data arrival time

                  0.00   20.00   20.00   clock clk (rise edge)
                          0.00   20.00   clock network delay (ideal)
                         -0.25   19.75   clock uncertainty
                          0.00   19.75   clock reconvergence pessimism
                         -4.00   15.75   output external delay
                                 15.75   data required time
-----------------------------------------------------------------------------
                                 15.75   data required time
                                 -9.27   data arrival time
-----------------------------------------------------------------------------
                                  6.48   slack (MET)


Startpoint: alu_control[3] (input port clocked by clk)
Endpoint: result[30] (output port clocked by clk)
Path Group: clk
Path Type: max
Corner: Slowest

Fanout     Cap    Slew   Delay    Time   Description
-----------------------------------------------------------------------------
                  0.00    0.00    0.00   clock clk (rise edge)
                          0.00    0.00   clock network delay (ideal)
                          4.00    4.00 v input external delay
                  0.02    0.01    4.01 v alu_control[3] (in)
     1    0.00                           alu_control[3] (net)
                  0.02    0.00    4.01 v input36/A (sky130_fd_sc_hd__buf_2)
                  0.20    0.37    4.38 v input36/X (sky130_fd_sc_hd__buf_2)
     6    0.04                           net36 (net)
                  0.20    0.01    4.38 v _2490_/A (inverter)
                  0.16    0.17    4.55 ^ _2490_/Y (inverter)
     5    0.02                           _1599_ (net)
                  0.16    0.00    4.55 ^ _2571_/B (Nand_gate)
                  0.09    0.11    4.66 v _2571_/Y (Nand_gate)
     4    0.01                           _1680_ (net)
                  0.09    0.00    4.66 v _2669_/B (Nor_gate)
                  0.23    0.20    4.86 ^ _2669_/Y (Nor_gate)
     3    0.01                           _1777_ (net)
                  0.23    0.00    4.86 ^ _2706_/A (sky130_fd_sc_hd__clkbuf_4)
                  0.30    0.52    5.38 ^ _2706_/X (sky130_fd_sc_hd__clkbuf_4)
    10    0.06                           _1813_ (net)
                  0.30    0.01    5.38 ^ _3398_/A (sky130_fd_sc_hd__clkbuf_4)
                  0.28    0.53    5.91 ^ _3398_/X (sky130_fd_sc_hd__clkbuf_4)
    10    0.06                           _0355_ (net)
                  0.28    0.00    5.91 ^ _3512_/B (Nor_gate)
                  0.05    0.06    5.98 v _3512_/Y (Nor_gate)
     1    0.00                           _0478_ (net)
                  0.05    0.00    5.98 v _3513_/B (Nor_gate)
                  0.10    0.09    6.07 ^ _3513_/Y (Nor_gate)
     1    0.00                           _0479_ (net)
                  0.10    0.00    6.07 ^ _3514_/B (Xnor)
                  0.32    0.30    6.37 ^ _3514_/Y (Xnor)
     3    0.01                           _0480_ (net)
                  0.32    0.00    6.37 ^ _3515_/B (Xnor)
                  0.39    0.38    6.76 ^ _3515_/Y (Xnor)
     4    0.01                           _0481_ (net)
                  0.39    0.00    6.76 ^ _3567_/A (inverter)
                  0.07    0.06    6.82 v _3567_/Y (inverter)
     1    0.00                           _0537_ (net)
                  0.07    0.00    6.82 v _3568_/B (Nor_gate)
                  0.15    0.13    6.95 ^ _3568_/Y (Nor_gate)
     2    0.01                           _0539_ (net)
                  0.15    0.00    6.95 ^ _3569_/B (Nand_gate)
                  0.06    0.08    7.03 v _3569_/Y (Nand_gate)
     2    0.01                           _0540_ (net)
                  0.06    0.00    7.03 v _3679_/B (Nor_gate)
                  0.10    0.10    7.12 ^ _3679_/Y (Nor_gate)
     1    0.01                           _0659_ (net)
                  0.10    0.00    7.12 ^ _3690_/A (Nor_gate)
                  0.11    0.11    7.24 v _3690_/Y (Nor_gate)
     3    0.02                           _0671_ (net)
                  0.11    0.00    7.24 v _4078_/A (Nor_gate)
                  0.08    0.10    7.34 ^ _4078_/Y (Nor_gate)
     1    0.00                           _1090_ (net)
                  0.08    0.00    7.34 ^ _4082_/A (Nor_gate)
                  0.10    0.10    7.44 v _4082_/Y (Nor_gate)
     2    0.02                           _1094_ (net)
                  0.10    0.00    7.45 v _4167_/A (Nor_gate)
                  0.07    0.09    7.54 ^ _4167_/Y (Nor_gate)
     1    0.00                           _1185_ (net)
                  0.07    0.00    7.54 ^ _4176_/A (Nor_gate)
                  0.04    0.05    7.60 v _4176_/Y (Nor_gate)
     2    0.01                           _1195_ (net)
                  0.04    0.00    7.60 v _4183_/A (Nor_gate)
                  0.14    0.14    7.73 ^ _4183_/Y (Nor_gate)
     3    0.01                           _1203_ (net)
                  0.14    0.00    7.73 ^ _4265_/A (Nor_gate)
                  0.03    0.05    7.79 v _4265_/Y (Nor_gate)
     1    0.00                           _1291_ (net)
                  0.03    0.00    7.79 v _4266_/B (Nor_gate)
                  0.11    0.10    7.88 ^ _4266_/Y (Nor_gate)
     2    0.01                           _1292_ (net)
                  0.11    0.00    7.88 ^ _4268_/B (Nor_gate)
                  0.04    0.04    7.93 v _4268_/Y (Nor_gate)
     1    0.00                           _1295_ (net)
                  0.04    0.00    7.93 v _4269_/B (Nor_gate)
                  0.09    0.07    8.00 ^ _4269_/Y (Nor_gate)
     1    0.00                           _1296_ (net)
                  0.09    0.00    8.00 ^ _4270_/B (Nand_gate)
                  0.04    0.05    8.05 v _4270_/Y (Nand_gate)
     1    0.00                           _1297_ (net)
                  0.04    0.00    8.05 v _4299_/A (Nand_gate)
                  0.04    0.04    8.10 ^ _4299_/Y (Nand_gate)
     1    0.00                           _1329_ (net)
                  0.04    0.00    8.10 ^ _4300_/A (sky130_fd_sc_hd__buf_1)
                  0.21    0.25    8.35 ^ _4300_/X (sky130_fd_sc_hd__buf_1)
     2    0.01                           net92 (net)
                  0.21    0.00    8.35 ^ output92/A (sky130_fd_sc_hd__clkbuf_4)
                  0.18    0.41    8.76 ^ output92/X (sky130_fd_sc_hd__clkbuf_4)
     1    0.03                           result[30] (net)
                  0.18    0.00    8.76 ^ result[30] (out)
                                  8.76   data arrival time

                  0.00   20.00   20.00   clock clk (rise edge)
                          0.00   20.00   clock network delay (ideal)
                         -0.25   19.75   clock uncertainty
                          0.00   19.75   clock reconvergence pessimism
                         -4.00   15.75   output external delay
                                 15.75   data required time
-----------------------------------------------------------------------------
                                 15.75   data required time
                                 -8.76   data arrival time
-----------------------------------------------------------------------------
                                  6.99   slack (MET)


Startpoint: alu_control[3] (input port clocked by clk)
Endpoint: result[28] (output port clocked by clk)
Path Group: clk
Path Type: max
Corner: Slowest

Fanout     Cap    Slew   Delay    Time   Description
-----------------------------------------------------------------------------
                  0.00    0.00    0.00   clock clk (rise edge)
                          0.00    0.00   clock network delay (ideal)
                          4.00    4.00 v input external delay
                  0.02    0.01    4.01 v alu_control[3] (in)
     1    0.00                           alu_control[3] (net)
                  0.02    0.00    4.01 v input36/A (sky130_fd_sc_hd__buf_2)
                  0.20    0.37    4.38 v input36/X (sky130_fd_sc_hd__buf_2)
     6    0.04                           net36 (net)
                  0.20    0.01    4.38 v _2490_/A (inverter)
                  0.16    0.17    4.55 ^ _2490_/Y (inverter)
     5    0.02                           _1599_ (net)
                  0.16    0.00    4.55 ^ _2571_/B (Nand_gate)
                  0.09    0.11    4.66 v _2571_/Y (Nand_gate)
     4    0.01                           _1680_ (net)
                  0.09    0.00    4.66 v _2669_/B (Nor_gate)
                  0.23    0.20    4.86 ^ _2669_/Y (Nor_gate)
     3    0.01                           _1777_ (net)
                  0.23    0.00    4.86 ^ _2706_/A (sky130_fd_sc_hd__clkbuf_4)
                  0.30    0.52    5.38 ^ _2706_/X (sky130_fd_sc_hd__clkbuf_4)
    10    0.06                           _1813_ (net)
                  0.30    0.01    5.38 ^ _3398_/A (sky130_fd_sc_hd__clkbuf_4)
                  0.28    0.53    5.91 ^ _3398_/X (sky130_fd_sc_hd__clkbuf_4)
    10    0.06                           _0355_ (net)
                  0.28    0.00    5.91 ^ _3512_/B (Nor_gate)
                  0.05    0.06    5.98 v _3512_/Y (Nor_gate)
     1    0.00                           _0478_ (net)
                  0.05    0.00    5.98 v _3513_/B (Nor_gate)
                  0.10    0.09    6.07 ^ _3513_/Y (Nor_gate)
     1    0.00                           _0479_ (net)
                  0.10    0.00    6.07 ^ _3514_/B (Xnor)
                  0.32    0.30    6.37 ^ _3514_/Y (Xnor)
     3    0.01                           _0480_ (net)
                  0.32    0.00    6.37 ^ _3515_/B (Xnor)
                  0.17    0.18    6.55 v _3515_/Y (Xnor)
     4    0.01                           _0481_ (net)
                  0.17    0.00    6.55 v _3563_/B (Nand_gate)
                  0.07    0.09    6.64 ^ _3563_/Y (Nand_gate)
     2    0.01                           _0533_ (net)
                  0.07    0.00    6.64 ^ _3686_/B (Nor_gate)
                  0.02    0.03    6.68 v _3686_/Y (Nor_gate)
     1    0.00                           _0666_ (net)
                  0.02    0.00    6.68 v _3688_/A (Nor_gate)
                  0.08    0.09    6.76 ^ _3688_/Y (Nor_gate)
     1    0.00                           _0669_ (net)
                  0.08    0.00    6.76 ^ _3689_/B (Nand_gate)
                  0.04    0.05    6.82 v _3689_/Y (Nand_gate)
     1    0.00                           _0670_ (net)
                  0.04    0.00    6.82 v _3690_/B (Nor_gate)
                  0.38    0.30    7.11 ^ _3690_/Y (Nor_gate)
     3    0.02                           _0671_ (net)
                  0.38    0.00    7.12 ^ _4078_/A (Nor_gate)
                  0.06    0.08    7.20 v _4078_/Y (Nor_gate)
     1    0.00                           _1090_ (net)
                  0.06    0.00    7.20 v _4082_/A (Nor_gate)
                  0.34    0.29    7.49 ^ _4082_/Y (Nor_gate)
     2    0.02                           _1094_ (net)
                  0.34    0.00    7.50 ^ _4167_/A (Nor_gate)
                  0.05    0.08    7.57 v _4167_/Y (Nor_gate)
     1    0.00                           _1185_ (net)
                  0.05    0.00    7.57 v _4176_/A (Nor_gate)
                  0.13    0.13    7.70 ^ _4176_/Y (Nor_gate)
     2    0.01                           _1195_ (net)
                  0.13    0.00    7.70 ^ _4183_/A (Nor_gate)
                  0.05    0.07    7.78 v _4183_/Y (Nor_gate)
     3    0.01                           _1203_ (net)
                  0.05    0.00    7.78 v _4184_/B (Nor_gate)
                  0.08    0.07    7.85 ^ _4184_/Y (Nor_gate)
     1    0.00                           _1204_ (net)
                  0.08    0.00    7.85 ^ _4185_/B (Nand_gate)
                  0.03    0.05    7.90 v _4185_/Y (Nand_gate)
     1    0.00                           _1205_ (net)
                  0.03    0.00    7.90 v _4216_/A (Nand_gate)
                  0.04    0.04    7.94 ^ _4216_/Y (Nand_gate)
     1    0.00                           _1239_ (net)
                  0.04    0.00    7.94 ^ _4217_/A (sky130_fd_sc_hd__clkbuf_2)
                  0.29    0.35    8.29 ^ _4217_/X (sky130_fd_sc_hd__clkbuf_2)
     2    0.03                           net89 (net)
                  0.29    0.01    8.30 ^ output89/A (sky130_fd_sc_hd__clkbuf_4)
                  0.18    0.45    8.75 ^ output89/X (sky130_fd_sc_hd__clkbuf_4)
     1    0.03                           result[28] (net)
                  0.18    0.00    8.75 ^ result[28] (out)
                                  8.75   data arrival time

                  0.00   20.00   20.00   clock clk (rise edge)
                          0.00   20.00   clock network delay (ideal)
                         -0.25   19.75   clock uncertainty
                          0.00   19.75   clock reconvergence pessimism
                         -4.00   15.75   output external delay
                                 15.75   data required time
-----------------------------------------------------------------------------
                                 15.75   data required time
                                 -8.75   data arrival time
-----------------------------------------------------------------------------
                                  7.00   slack (MET)


Startpoint: alu_control[3] (input port clocked by clk)
Endpoint: result[29] (output port clocked by clk)
Path Group: clk
Path Type: max
Corner: Slowest

Fanout     Cap    Slew   Delay    Time   Description
-----------------------------------------------------------------------------
                  0.00    0.00    0.00   clock clk (rise edge)
                          0.00    0.00   clock network delay (ideal)
                          4.00    4.00 v input external delay
                  0.02    0.01    4.01 v alu_control[3] (in)
     1    0.00                           alu_control[3] (net)
                  0.02    0.00    4.01 v input36/A (sky130_fd_sc_hd__buf_2)
                  0.20    0.37    4.38 v input36/X (sky130_fd_sc_hd__buf_2)
     6    0.04                           net36 (net)
                  0.20    0.01    4.38 v _2490_/A (inverter)
                  0.16    0.17    4.55 ^ _2490_/Y (inverter)
     5    0.02                           _1599_ (net)
                  0.16    0.00    4.55 ^ _2571_/B (Nand_gate)
                  0.09    0.11    4.66 v _2571_/Y (Nand_gate)
     4    0.01                           _1680_ (net)
                  0.09    0.00    4.66 v _2669_/B (Nor_gate)
                  0.23    0.20    4.86 ^ _2669_/Y (Nor_gate)
     3    0.01                           _1777_ (net)
                  0.23    0.00    4.86 ^ _2706_/A (sky130_fd_sc_hd__clkbuf_4)
                  0.30    0.52    5.38 ^ _2706_/X (sky130_fd_sc_hd__clkbuf_4)
    10    0.06                           _1813_ (net)
                  0.30    0.01    5.38 ^ _3398_/A (sky130_fd_sc_hd__clkbuf_4)
                  0.28    0.53    5.91 ^ _3398_/X (sky130_fd_sc_hd__clkbuf_4)
    10    0.06                           _0355_ (net)
                  0.28    0.00    5.91 ^ _3512_/B (Nor_gate)
                  0.05    0.06    5.98 v _3512_/Y (Nor_gate)
     1    0.00                           _0478_ (net)
                  0.05    0.00    5.98 v _3513_/B (Nor_gate)
                  0.10    0.09    6.07 ^ _3513_/Y (Nor_gate)
     1    0.00                           _0479_ (net)
                  0.10    0.00    6.07 ^ _3514_/B (Xnor)
                  0.32    0.30    6.37 ^ _3514_/Y (Xnor)
     3    0.01                           _0480_ (net)
                  0.32    0.00    6.37 ^ _3515_/B (Xnor)
                  0.17    0.18    6.55 v _3515_/Y (Xnor)
     4    0.01                           _0481_ (net)
                  0.17    0.00    6.55 v _3563_/B (Nand_gate)
                  0.07    0.09    6.64 ^ _3563_/Y (Nand_gate)
     2    0.01                           _0533_ (net)
                  0.07    0.00    6.64 ^ _3686_/B (Nor_gate)
                  0.02    0.03    6.68 v _3686_/Y (Nor_gate)
     1    0.00                           _0666_ (net)
                  0.02    0.00    6.68 v _3688_/A (Nor_gate)
                  0.08    0.09    6.76 ^ _3688_/Y (Nor_gate)
     1    0.00                           _0669_ (net)
                  0.08    0.00    6.76 ^ _3689_/B (Nand_gate)
                  0.04    0.05    6.82 v _3689_/Y (Nand_gate)
     1    0.00                           _0670_ (net)
                  0.04    0.00    6.82 v _3690_/B (Nor_gate)
                  0.38    0.30    7.11 ^ _3690_/Y (Nor_gate)
     3    0.02                           _0671_ (net)
                  0.38    0.00    7.12 ^ _4078_/A (Nor_gate)
                  0.06    0.08    7.20 v _4078_/Y (Nor_gate)
     1    0.00                           _1090_ (net)
                  0.06    0.00    7.20 v _4082_/A (Nor_gate)
                  0.34    0.29    7.49 ^ _4082_/Y (Nor_gate)
     2    0.02                           _1094_ (net)
                  0.34    0.00    7.50 ^ _4167_/A (Nor_gate)
                  0.05    0.08    7.57 v _4167_/Y (Nor_gate)
     1    0.00                           _1185_ (net)
                  0.05    0.00    7.57 v _4176_/A (Nor_gate)
                  0.13    0.13    7.70 ^ _4176_/Y (Nor_gate)
     2    0.01                           _1195_ (net)
                  0.13    0.00    7.70 ^ _4183_/A (Nor_gate)
                  0.05    0.07    7.78 v _4183_/Y (Nor_gate)
     3    0.01                           _1203_ (net)
                  0.05    0.00    7.78 v _4226_/B (Nor_gate)
                  0.11    0.10    7.88 ^ _4226_/Y (Nor_gate)
     2    0.01                           _1249_ (net)
                  0.11    0.00    7.88 ^ _4227_/B (Nor_gate)
                  0.03    0.04    7.92 v _4227_/Y (Nor_gate)
     1    0.00                           _1250_ (net)
                  0.03    0.00    7.92 v _4230_/A (Nor_gate)
                  0.09    0.09    8.01 ^ _4230_/Y (Nor_gate)
     1    0.00                           _1254_ (net)
                  0.09    0.00    8.01 ^ _4257_/A (Nor_gate)
                  0.04    0.05    8.07 v _4257_/Y (Nor_gate)
     2    0.01                           _1283_ (net)
                  0.04    0.00    8.07 v _4258_/A (inverter)
                  0.29    0.22    8.28 ^ _4258_/Y (inverter)
     1    0.04                           net90 (net)
                  0.29    0.01    8.29 ^ output90/A (sky130_fd_sc_hd__clkbuf_4)
                  0.18    0.45    8.74 ^ output90/X (sky130_fd_sc_hd__clkbuf_4)
     1    0.03                           result[29] (net)
                  0.18    0.00    8.74 ^ result[29] (out)
                                  8.74   data arrival time

                  0.00   20.00   20.00   clock clk (rise edge)
                          0.00   20.00   clock network delay (ideal)
                         -0.25   19.75   clock uncertainty
                          0.00   19.75   clock reconvergence pessimism
                         -4.00   15.75   output external delay
                                 15.75   data required time
-----------------------------------------------------------------------------
                                 15.75   data required time
                                 -8.74   data arrival time
-----------------------------------------------------------------------------
                                  7.01   slack (MET)


Startpoint: alu_control[3] (input port clocked by clk)
Endpoint: result[17] (output port clocked by clk)
Path Group: clk
Path Type: max
Corner: Slowest

Fanout     Cap    Slew   Delay    Time   Description
-----------------------------------------------------------------------------
                  0.00    0.00    0.00   clock clk (rise edge)
                          0.00    0.00   clock network delay (ideal)
                          4.00    4.00 v input external delay
                  0.02    0.01    4.01 v alu_control[3] (in)
     1    0.00                           alu_control[3] (net)
                  0.02    0.00    4.01 v input36/A (sky130_fd_sc_hd__buf_2)
                  0.20    0.37    4.38 v input36/X (sky130_fd_sc_hd__buf_2)
     6    0.04                           net36 (net)
                  0.20    0.01    4.38 v _2490_/A (inverter)
                  0.16    0.17    4.55 ^ _2490_/Y (inverter)
     5    0.02                           _1599_ (net)
                  0.16    0.00    4.55 ^ _2571_/B (Nand_gate)
                  0.09    0.11    4.66 v _2571_/Y (Nand_gate)
     4    0.01                           _1680_ (net)
                  0.09    0.00    4.66 v _2669_/B (Nor_gate)
                  0.23    0.20    4.86 ^ _2669_/Y (Nor_gate)
     3    0.01                           _1777_ (net)
                  0.23    0.00    4.86 ^ _2706_/A (sky130_fd_sc_hd__clkbuf_4)
                  0.30    0.52    5.38 ^ _2706_/X (sky130_fd_sc_hd__clkbuf_4)
    10    0.06                           _1813_ (net)
                  0.30    0.01    5.38 ^ _3398_/A (sky130_fd_sc_hd__clkbuf_4)
                  0.28    0.53    5.91 ^ _3398_/X (sky130_fd_sc_hd__clkbuf_4)
    10    0.06                           _0355_ (net)
                  0.28    0.00    5.91 ^ _3512_/B (Nor_gate)
                  0.05    0.06    5.98 v _3512_/Y (Nor_gate)
     1    0.00                           _0478_ (net)
                  0.05    0.00    5.98 v _3513_/B (Nor_gate)
                  0.10    0.09    6.07 ^ _3513_/Y (Nor_gate)
     1    0.00                           _0479_ (net)
                  0.10    0.00    6.07 ^ _3514_/B (Xnor)
                  0.32    0.30    6.37 ^ _3514_/Y (Xnor)
     3    0.01                           _0480_ (net)
                  0.32    0.00    6.37 ^ _3515_/B (Xnor)
                  0.39    0.38    6.76 ^ _3515_/Y (Xnor)
     4    0.01                           _0481_ (net)
                  0.39    0.00    6.76 ^ _3567_/A (inverter)
                  0.07    0.06    6.82 v _3567_/Y (inverter)
     1    0.00                           _0537_ (net)
                  0.07    0.00    6.82 v _3568_/B (Nor_gate)
                  0.15    0.13    6.95 ^ _3568_/Y (Nor_gate)
     2    0.01                           _0539_ (net)
                  0.15    0.00    6.95 ^ _3569_/B (Nand_gate)
                  0.06    0.08    7.03 v _3569_/Y (Nand_gate)
     2    0.01                           _0540_ (net)
                  0.06    0.00    7.03 v _3570_/B (Nor_gate)
                  0.07    0.07    7.10 ^ _3570_/Y (Nor_gate)
     1    0.00                           _0541_ (net)
                  0.07    0.00    7.10 ^ _3579_/A (Nor_gate)
                  0.02    0.04    7.14 v _3579_/Y (Nor_gate)
     1    0.00                           _0551_ (net)
                  0.02    0.00    7.14 v _3580_/B (Nand_gate)
                  0.19    0.15    7.28 ^ _3580_/Y (Nand_gate)
     4    0.02                           _0552_ (net)
                  0.19    0.00    7.28 ^ _3590_/A (Nand_gate)
                  0.06    0.09    7.37 v _3590_/Y (Nand_gate)
     2    0.01                           _0563_ (net)
                  0.06    0.00    7.37 v _3635_/B (Nand_gate)
                  0.06    0.06    7.43 ^ _3635_/Y (Nand_gate)
     2    0.01                           _0611_ (net)
                  0.06    0.00    7.43 ^ _3637_/B (Nor_gate)
                  0.04    0.04    7.47 v _3637_/Y (Nor_gate)
     1    0.00                           _0613_ (net)
                  0.04    0.00    7.47 v _3638_/B (Nor_gate)
                  0.09    0.08    7.55 ^ _3638_/Y (Nor_gate)
     1    0.00                           _0615_ (net)
                  0.09    0.00    7.55 ^ _3639_/B (Nand_gate)
                  0.05    0.07    7.62 v _3639_/Y (Nand_gate)
     1    0.01                           _0616_ (net)
                  0.05    0.00    7.62 v _3670_/A (Nand_gate)
                  0.03    0.04    7.66 ^ _3670_/Y (Nand_gate)
     1    0.00                           _0650_ (net)
                  0.03    0.00    7.66 ^ _3671_/A (sky130_fd_sc_hd__dlymetal6s2s_1)
                  0.50    0.47    8.14 ^ _3671_/X (sky130_fd_sc_hd__dlymetal6s2s_1)
     2    0.03                           net77 (net)
                  0.50    0.00    8.14 ^ output77/A (sky130_fd_sc_hd__clkbuf_4)
                  0.19    0.55    8.69 ^ output77/X (sky130_fd_sc_hd__clkbuf_4)
     1    0.03                           result[17] (net)
                  0.19    0.00    8.69 ^ result[17] (out)
                                  8.69   data arrival time

                  0.00   20.00   20.00   clock clk (rise edge)
                          0.00   20.00   clock network delay (ideal)
                         -0.25   19.75   clock uncertainty
                          0.00   19.75   clock reconvergence pessimism
                         -4.00   15.75   output external delay
                                 15.75   data required time
-----------------------------------------------------------------------------
                                 15.75   data required time
                                 -8.69   data arrival time
-----------------------------------------------------------------------------
                                  7.06   slack (MET)


Startpoint: b[0] (input port clocked by clk)
Endpoint: result[21] (output port clocked by clk)
Path Group: clk
Path Type: max
Corner: Slowest

Fanout     Cap    Slew   Delay    Time   Description
-----------------------------------------------------------------------------
                  0.00    0.00    0.00   clock clk (rise edge)
                          0.00    0.00   clock network delay (ideal)
                          4.00    4.00 ^ input external delay
                  0.04    0.02    4.02 ^ b[0] (in)
     1    0.00                           b[0] (net)
                  0.04    0.00    4.02 ^ input37/A (sky130_fd_sc_hd__clkbuf_4)
                  0.25    0.38    4.40 ^ input37/X (sky130_fd_sc_hd__clkbuf_4)
    10    0.05                           net37 (net)
                  0.25    0.00    4.41 ^ _2324_/A (sky130_fd_sc_hd__clkbuf_4)
                  0.32    0.54    4.94 ^ _2324_/X (sky130_fd_sc_hd__clkbuf_4)
    10    0.07                           _1433_ (net)
                  0.32    0.00    4.95 ^ _2498_/A (sky130_fd_sc_hd__buf_4)
                  0.31    0.51    5.46 ^ _2498_/X (sky130_fd_sc_hd__buf_4)
    10    0.07                           _1607_ (net)
                  0.31    0.01    5.47 ^ _2499_/A (sky130_fd_sc_hd__clkbuf_4)
                  0.29    0.54    6.00 ^ _2499_/X (sky130_fd_sc_hd__clkbuf_4)
    10    0.06                           _1608_ (net)
                  0.29    0.01    6.02 ^ _2567_/A (sky130_fd_sc_hd__clkbuf_4)
                  0.31    0.55    6.57 ^ _2567_/X (sky130_fd_sc_hd__clkbuf_4)
    10    0.07                           _1676_ (net)
                  0.31    0.00    6.57 ^ _3850_/S (Mux)
                  0.06    0.27    6.84 v _3850_/Y (Mux)
     2    0.01                           _0844_ (net)
                  0.06    0.00    6.85 v _3851_/B (Mux)
                  0.06    0.19    7.03 v _3851_/Y (Mux)
     2    0.01                           _0845_ (net)
                  0.06    0.00    7.03 v _3852_/B (Mux)
                  0.07    0.20    7.23 v _3852_/Y (Mux)
     2    0.01                           _0846_ (net)
                  0.07    0.00    7.23 v _3853_/B (Nor_gate)
                  0.08    0.08    7.31 ^ _3853_/Y (Nor_gate)
     1    0.00                           _0847_ (net)
                  0.08    0.00    7.31 ^ _3856_/A (Nor_gate)
                  0.03    0.04    7.35 v _3856_/Y (Nor_gate)
     1    0.00                           _0850_ (net)
                  0.03    0.00    7.35 v _3857_/B (Nor_gate)
                  0.22    0.18    7.53 ^ _3857_/Y (Nor_gate)
     1    0.01                           _0851_ (net)
                  0.22    0.00    7.53 ^ _3858_/B (Nand_gate)
                  0.05    0.08    7.60 v _3858_/Y (Nand_gate)
     1    0.00                           _0853_ (net)
                  0.05    0.00    7.60 v _3859_/B (Nand_gate)
                  0.13    0.11    7.72 ^ _3859_/Y (Nand_gate)
     1    0.02                           _0854_ (net)
                  0.13    0.00    7.72 ^ _3865_/A (Nand_gate)
                  0.04    0.06    7.78 v _3865_/Y (Nand_gate)
     1    0.00                           _0860_ (net)
                  0.04    0.00    7.78 v _3866_/B (Nor_gate)
                  0.07    0.07    7.85 ^ _3866_/Y (Nor_gate)
     1    0.00                           _0861_ (net)
                  0.07    0.00    7.85 ^ _3867_/A (inverter)
                  0.02    0.03    7.88 v _3867_/Y (inverter)
     1    0.00                           _0862_ (net)
                  0.02    0.00    7.88 v _3868_/B (Nor_gate)
                  0.45    0.35    8.23 ^ _3868_/Y (Nor_gate)
     2    0.03                           _0864_ (net)
                  0.45    0.00    8.23 ^ _3869_/A (inverter)
                  0.09    0.09    8.32 v _3869_/Y (inverter)
     1    0.01                           net82 (net)
                  0.09    0.00    8.32 v output82/A (sky130_fd_sc_hd__clkbuf_4)
                  0.14    0.35    8.67 v output82/X (sky130_fd_sc_hd__clkbuf_4)
     1    0.03                           result[21] (net)
                  0.14    0.00    8.67 v result[21] (out)
                                  8.67   data arrival time

                  0.00   20.00   20.00   clock clk (rise edge)
                          0.00   20.00   clock network delay (ideal)
                         -0.25   19.75   clock uncertainty
                          0.00   19.75   clock reconvergence pessimism
                         -4.00   15.75   output external delay
                                 15.75   data required time
-----------------------------------------------------------------------------
                                 15.75   data required time
                                 -8.67   data arrival time
-----------------------------------------------------------------------------
                                  7.08   slack (MET)


Startpoint: alu_control[3] (input port clocked by clk)
Endpoint: result[24] (output port clocked by clk)
Path Group: clk
Path Type: max
Corner: Slowest

Fanout     Cap    Slew   Delay    Time   Description
-----------------------------------------------------------------------------
                  0.00    0.00    0.00   clock clk (rise edge)
                          0.00    0.00   clock network delay (ideal)
                          4.00    4.00 v input external delay
                  0.02    0.01    4.01 v alu_control[3] (in)
     1    0.00                           alu_control[3] (net)
                  0.02    0.00    4.01 v input36/A (sky130_fd_sc_hd__buf_2)
                  0.20    0.37    4.38 v input36/X (sky130_fd_sc_hd__buf_2)
     6    0.04                           net36 (net)
                  0.20    0.01    4.38 v _2490_/A (inverter)
                  0.16    0.17    4.55 ^ _2490_/Y (inverter)
     5    0.02                           _1599_ (net)
                  0.16    0.00    4.55 ^ _2571_/B (Nand_gate)
                  0.09    0.11    4.66 v _2571_/Y (Nand_gate)
     4    0.01                           _1680_ (net)
                  0.09    0.00    4.66 v _2669_/B (Nor_gate)
                  0.23    0.20    4.86 ^ _2669_/Y (Nor_gate)
     3    0.01                           _1777_ (net)
                  0.23    0.00    4.86 ^ _2706_/A (sky130_fd_sc_hd__clkbuf_4)
                  0.30    0.52    5.38 ^ _2706_/X (sky130_fd_sc_hd__clkbuf_4)
    10    0.06                           _1813_ (net)
                  0.30    0.01    5.38 ^ _3398_/A (sky130_fd_sc_hd__clkbuf_4)
                  0.28    0.53    5.91 ^ _3398_/X (sky130_fd_sc_hd__clkbuf_4)
    10    0.06                           _0355_ (net)
                  0.28    0.00    5.91 ^ _3512_/B (Nor_gate)
                  0.05    0.06    5.98 v _3512_/Y (Nor_gate)
     1    0.00                           _0478_ (net)
                  0.05    0.00    5.98 v _3513_/B (Nor_gate)
                  0.10    0.09    6.07 ^ _3513_/Y (Nor_gate)
     1    0.00                           _0479_ (net)
                  0.10    0.00    6.07 ^ _3514_/B (Xnor)
                  0.32    0.30    6.37 ^ _3514_/Y (Xnor)
     3    0.01                           _0480_ (net)
                  0.32    0.00    6.37 ^ _3515_/B (Xnor)
                  0.39    0.38    6.76 ^ _3515_/Y (Xnor)
     4    0.01                           _0481_ (net)
                  0.39    0.00    6.76 ^ _3567_/A (inverter)
                  0.07    0.06    6.82 v _3567_/Y (inverter)
     1    0.00                           _0537_ (net)
                  0.07    0.00    6.82 v _3568_/B (Nor_gate)
                  0.15    0.13    6.95 ^ _3568_/Y (Nor_gate)
     2    0.01                           _0539_ (net)
                  0.15    0.00    6.95 ^ _3569_/B (Nand_gate)
                  0.06    0.08    7.03 v _3569_/Y (Nand_gate)
     2    0.01                           _0540_ (net)
                  0.06    0.00    7.03 v _3570_/B (Nor_gate)
                  0.07    0.07    7.10 ^ _3570_/Y (Nor_gate)
     1    0.00                           _0541_ (net)
                  0.07    0.00    7.10 ^ _3579_/A (Nor_gate)
                  0.02    0.04    7.14 v _3579_/Y (Nor_gate)
     1    0.00                           _0551_ (net)
                  0.02    0.00    7.14 v _3580_/B (Nand_gate)
                  0.19    0.15    7.28 ^ _3580_/Y (Nand_gate)
     4    0.02                           _0552_ (net)
                  0.19    0.00    7.29 ^ _3962_/A (Nand_gate)
                  0.05    0.08    7.36 v _3962_/Y (Nand_gate)
     1    0.00                           _0964_ (net)
                  0.05    0.00    7.36 v _3972_/A (Nand_gate)
                  0.15    0.13    7.49 ^ _3972_/Y (Nand_gate)
     2    0.02                           _0975_ (net)
                  0.15    0.00    7.49 ^ _3981_/A (Nor_gate)
                  0.04    0.05    7.55 v _3981_/Y (Nor_gate)
     1    0.00                           _0985_ (net)
                  0.04    0.00    7.55 v _3982_/B (Nor_gate)
                  0.09    0.07    7.62 ^ _3982_/Y (Nor_gate)
     1    0.00                           _0986_ (net)
                  0.09    0.00    7.62 ^ _3983_/B (Nand_gate)
                  0.03    0.05    7.67 v _3983_/Y (Nand_gate)
     1    0.00                           _0987_ (net)
                  0.03    0.00    7.67 v _4019_/A (Nand_gate)
                  0.04    0.04    7.71 ^ _4019_/Y (Nand_gate)
     1    0.00                           _1027_ (net)
                  0.04    0.00    7.71 ^ _4020_/A (sky130_fd_sc_hd__dlymetal6s2s_1)
                  0.44    0.43    8.14 ^ _4020_/X (sky130_fd_sc_hd__dlymetal6s2s_1)
     2    0.03                           net85 (net)
                  0.44    0.00    8.15 ^ output85/A (sky130_fd_sc_hd__clkbuf_4)
                  0.19    0.52    8.67 ^ output85/X (sky130_fd_sc_hd__clkbuf_4)
     1    0.04                           result[24] (net)
                  0.19    0.00    8.67 ^ result[24] (out)
                                  8.67   data arrival time

                  0.00   20.00   20.00   clock clk (rise edge)
                          0.00   20.00   clock network delay (ideal)
                         -0.25   19.75   clock uncertainty
                          0.00   19.75   clock reconvergence pessimism
                         -4.00   15.75   output external delay
                                 15.75   data required time
-----------------------------------------------------------------------------
                                 15.75   data required time
                                 -8.67   data arrival time
-----------------------------------------------------------------------------
                                  7.08   slack (MET)


Startpoint: b[0] (input port clocked by clk)
Endpoint: result[26] (output port clocked by clk)
Path Group: clk
Path Type: max
Corner: Slowest

Fanout     Cap    Slew   Delay    Time   Description
-----------------------------------------------------------------------------
                  0.00    0.00    0.00   clock clk (rise edge)
                          0.00    0.00   clock network delay (ideal)
                          4.00    4.00 ^ input external delay
                  0.04    0.02    4.02 ^ b[0] (in)
     1    0.00                           b[0] (net)
                  0.04    0.00    4.02 ^ input37/A (sky130_fd_sc_hd__clkbuf_4)
                  0.25    0.38    4.40 ^ input37/X (sky130_fd_sc_hd__clkbuf_4)
    10    0.05                           net37 (net)
                  0.25    0.00    4.41 ^ _2324_/A (sky130_fd_sc_hd__clkbuf_4)
                  0.32    0.54    4.94 ^ _2324_/X (sky130_fd_sc_hd__clkbuf_4)
    10    0.07                           _1433_ (net)
                  0.32    0.00    4.95 ^ _2498_/A (sky130_fd_sc_hd__buf_4)
                  0.31    0.51    5.46 ^ _2498_/X (sky130_fd_sc_hd__buf_4)
    10    0.07                           _1607_ (net)
                  0.31    0.01    5.47 ^ _2499_/A (sky130_fd_sc_hd__clkbuf_4)
                  0.29    0.54    6.00 ^ _2499_/X (sky130_fd_sc_hd__clkbuf_4)
    10    0.06                           _1608_ (net)
                  0.29    0.01    6.02 ^ _2567_/A (sky130_fd_sc_hd__clkbuf_4)
                  0.31    0.55    6.57 ^ _2567_/X (sky130_fd_sc_hd__clkbuf_4)
    10    0.07                           _1676_ (net)
                  0.31    0.00    6.58 ^ _4094_/S (Mux)
                  0.06    0.27    6.84 v _4094_/Y (Mux)
     2    0.01                           _1107_ (net)
                  0.06    0.00    6.84 v _4095_/B (Mux)
                  0.07    0.20    7.04 v _4095_/Y (Mux)
     2    0.01                           _1108_ (net)
                  0.07    0.00    7.04 v _4096_/B (Mux)
                  0.04    0.17    7.21 v _4096_/Y (Mux)
     1    0.00                           _1109_ (net)
                  0.04    0.00    7.21 v _4097_/B (Mux)
                  0.05    0.17    7.38 v _4097_/Y (Mux)
     1    0.00                           _1110_ (net)
                  0.05    0.00    7.38 v _4098_/B (Mux)
                  0.05    0.17    7.55 v _4098_/Y (Mux)
     1    0.00                           _1112_ (net)
                  0.05    0.00    7.56 v _4099_/A (inverter)
                  0.03    0.04    7.59 ^ _4099_/Y (inverter)
     1    0.00                           _1113_ (net)
                  0.03    0.00    7.59 ^ _4100_/B (Nor_gate)
                  0.06    0.05    7.64 v _4100_/Y (Nor_gate)
     1    0.01                           _1114_ (net)
                  0.06    0.00    7.64 v _4116_/A (Nor_gate)
                  0.12    0.12    7.76 ^ _4116_/Y (Nor_gate)
     1    0.01                           _1131_ (net)
                  0.12    0.00    7.76 ^ _4117_/B (Nand_gate)
                  0.05    0.07    7.83 v _4117_/Y (Nand_gate)
     1    0.01                           _1132_ (net)
                  0.05    0.00    7.83 v _4118_/B (Nor_gate)
                  0.25    0.20    8.04 ^ _4118_/Y (Nor_gate)
     2    0.01                           _1134_ (net)
                  0.25    0.00    8.04 ^ _4119_/A (inverter)
                  0.17    0.19    8.23 v _4119_/Y (inverter)
     1    0.04                           net87 (net)
                  0.17    0.01    8.24 v output87/A (sky130_fd_sc_hd__clkbuf_4)
                  0.14    0.39    8.63 v output87/X (sky130_fd_sc_hd__clkbuf_4)
     1    0.04                           result[26] (net)
                  0.14    0.00    8.63 v result[26] (out)
                                  8.63   data arrival time

                  0.00   20.00   20.00   clock clk (rise edge)
                          0.00   20.00   clock network delay (ideal)
                         -0.25   19.75   clock uncertainty
                          0.00   19.75   clock reconvergence pessimism
                         -4.00   15.75   output external delay
                                 15.75   data required time
-----------------------------------------------------------------------------
                                 15.75   data required time
                                 -8.63   data arrival time
-----------------------------------------------------------------------------
                                  7.12   slack (MET)


Startpoint: b[0] (input port clocked by clk)
Endpoint: result[23] (output port clocked by clk)
Path Group: clk
Path Type: max
Corner: Slowest

Fanout     Cap    Slew   Delay    Time   Description
-----------------------------------------------------------------------------
                  0.00    0.00    0.00   clock clk (rise edge)
                          0.00    0.00   clock network delay (ideal)
                          4.00    4.00 ^ input external delay
                  0.04    0.02    4.02 ^ b[0] (in)
     1    0.00                           b[0] (net)
                  0.04    0.00    4.02 ^ input37/A (sky130_fd_sc_hd__clkbuf_4)
                  0.25    0.38    4.40 ^ input37/X (sky130_fd_sc_hd__clkbuf_4)
    10    0.05                           net37 (net)
                  0.25    0.00    4.41 ^ _2324_/A (sky130_fd_sc_hd__clkbuf_4)
                  0.32    0.54    4.94 ^ _2324_/X (sky130_fd_sc_hd__clkbuf_4)
    10    0.07                           _1433_ (net)
                  0.32    0.00    4.95 ^ _2498_/A (sky130_fd_sc_hd__buf_4)
                  0.31    0.51    5.46 ^ _2498_/X (sky130_fd_sc_hd__buf_4)
    10    0.07                           _1607_ (net)
                  0.31    0.01    5.47 ^ _2499_/A (sky130_fd_sc_hd__clkbuf_4)
                  0.29    0.54    6.00 ^ _2499_/X (sky130_fd_sc_hd__clkbuf_4)
    10    0.06                           _1608_ (net)
                  0.29    0.01    6.02 ^ _2567_/A (sky130_fd_sc_hd__clkbuf_4)
                  0.31    0.55    6.57 ^ _2567_/X (sky130_fd_sc_hd__clkbuf_4)
    10    0.07                           _1676_ (net)
                  0.31    0.00    6.57 ^ _3850_/S (Mux)
                  0.06    0.27    6.84 v _3850_/Y (Mux)
     2    0.01                           _0844_ (net)
                  0.06    0.00    6.85 v _3940_/A (Mux)
                  0.07    0.26    7.10 v _3940_/Y (Mux)
     2    0.01                           _0941_ (net)
                  0.07    0.00    7.10 v _3941_/B (Mux)
                  0.07    0.21    7.31 v _3941_/Y (Mux)
     2    0.01                           _0942_ (net)
                  0.07    0.00    7.31 v _3942_/B (Nor_gate)
                  0.09    0.09    7.40 ^ _3942_/Y (Nor_gate)
     1    0.00                           _0943_ (net)
                  0.09    0.00    7.40 ^ _3943_/B (Nor_gate)
                  0.04    0.04    7.44 v _3943_/Y (Nor_gate)
     1    0.00                           _0944_ (net)
                  0.04    0.00    7.44 v _3944_/B (Nand_gate)
                  0.04    0.04    7.48 ^ _3944_/Y (Nand_gate)
     1    0.00                           _0945_ (net)
                  0.04    0.00    7.48 ^ _3945_/B (Nand_gate)
                  0.08    0.07    7.55 v _3945_/Y (Nand_gate)
     1    0.01                           _0946_ (net)
                  0.08    0.00    7.55 v _3946_/B (Nor_gate)
                  0.07    0.07    7.62 ^ _3946_/Y (Nor_gate)
     1    0.00                           _0947_ (net)
                  0.07    0.00    7.62 ^ _3947_/B (Nor_gate)
                  0.11    0.11    7.73 v _3947_/Y (Nor_gate)
     1    0.03                           _0948_ (net)
                  0.11    0.00    7.73 v _3954_/A (Nor_gate)
                  0.07    0.09    7.82 ^ _3954_/Y (Nor_gate)
     1    0.00                           _0956_ (net)
                  0.07    0.00    7.83 ^ _3955_/B (Nand_gate)
                  0.06    0.07    7.90 v _3955_/Y (Nand_gate)
     1    0.01                           _0957_ (net)
                  0.06    0.00    7.90 v _3956_/B (Nor_gate)
                  0.25    0.21    8.10 ^ _3956_/Y (Nor_gate)
     2    0.01                           _0958_ (net)
                  0.25    0.00    8.10 ^ _3957_/A (inverter)
                  0.08    0.11    8.21 v _3957_/Y (inverter)
     1    0.01                           net84 (net)
                  0.08    0.00    8.21 v output84/A (sky130_fd_sc_hd__clkbuf_4)
                  0.14    0.35    8.56 v output84/X (sky130_fd_sc_hd__clkbuf_4)
     1    0.03                           result[23] (net)
                  0.14    0.00    8.56 v result[23] (out)
                                  8.56   data arrival time

                  0.00   20.00   20.00   clock clk (rise edge)
                          0.00   20.00   clock network delay (ideal)
                         -0.25   19.75   clock uncertainty
                          0.00   19.75   clock reconvergence pessimism
                         -4.00   15.75   output external delay
                                 15.75   data required time
-----------------------------------------------------------------------------
                                 15.75   data required time
                                 -8.56   data arrival time
-----------------------------------------------------------------------------
                                  7.19   slack (MET)


Startpoint: alu_control[3] (input port clocked by clk)
Endpoint: result[27] (output port clocked by clk)
Path Group: clk
Path Type: max
Corner: Slowest

Fanout     Cap    Slew   Delay    Time   Description
-----------------------------------------------------------------------------
                  0.00    0.00    0.00   clock clk (rise edge)
                          0.00    0.00   clock network delay (ideal)
                          4.00    4.00 v input external delay
                  0.02    0.01    4.01 v alu_control[3] (in)
     1    0.00                           alu_control[3] (net)
                  0.02    0.00    4.01 v input36/A (sky130_fd_sc_hd__buf_2)
                  0.20    0.37    4.38 v input36/X (sky130_fd_sc_hd__buf_2)
     6    0.04                           net36 (net)
                  0.20    0.01    4.38 v _2490_/A (inverter)
                  0.16    0.17    4.55 ^ _2490_/Y (inverter)
     5    0.02                           _1599_ (net)
                  0.16    0.00    4.55 ^ _2571_/B (Nand_gate)
                  0.09    0.11    4.66 v _2571_/Y (Nand_gate)
     4    0.01                           _1680_ (net)
                  0.09    0.00    4.66 v _2669_/B (Nor_gate)
                  0.23    0.20    4.86 ^ _2669_/Y (Nor_gate)
     3    0.01                           _1777_ (net)
                  0.23    0.00    4.86 ^ _2706_/A (sky130_fd_sc_hd__clkbuf_4)
                  0.30    0.52    5.38 ^ _2706_/X (sky130_fd_sc_hd__clkbuf_4)
    10    0.06                           _1813_ (net)
                  0.30    0.01    5.38 ^ _3398_/A (sky130_fd_sc_hd__clkbuf_4)
                  0.28    0.53    5.91 ^ _3398_/X (sky130_fd_sc_hd__clkbuf_4)
    10    0.06                           _0355_ (net)
                  0.28    0.00    5.91 ^ _3512_/B (Nor_gate)
                  0.05    0.06    5.98 v _3512_/Y (Nor_gate)
     1    0.00                           _0478_ (net)
                  0.05    0.00    5.98 v _3513_/B (Nor_gate)
                  0.10    0.09    6.07 ^ _3513_/Y (Nor_gate)
     1    0.00                           _0479_ (net)
                  0.10    0.00    6.07 ^ _3514_/B (Xnor)
                  0.32    0.30    6.37 ^ _3514_/Y (Xnor)
     3    0.01                           _0480_ (net)
                  0.32    0.00    6.37 ^ _3515_/B (Xnor)
                  0.17    0.18    6.55 v _3515_/Y (Xnor)
     4    0.01                           _0481_ (net)
                  0.17    0.00    6.55 v _3563_/B (Nand_gate)
                  0.07    0.09    6.64 ^ _3563_/Y (Nand_gate)
     2    0.01                           _0533_ (net)
                  0.07    0.00    6.64 ^ _3686_/B (Nor_gate)
                  0.02    0.03    6.68 v _3686_/Y (Nor_gate)
     1    0.00                           _0666_ (net)
                  0.02    0.00    6.68 v _3688_/A (Nor_gate)
                  0.08    0.09    6.76 ^ _3688_/Y (Nor_gate)
     1    0.00                           _0669_ (net)
                  0.08    0.00    6.76 ^ _3689_/B (Nand_gate)
                  0.04    0.05    6.82 v _3689_/Y (Nand_gate)
     1    0.00                           _0670_ (net)
                  0.04    0.00    6.82 v _3690_/B (Nor_gate)
                  0.38    0.30    7.11 ^ _3690_/Y (Nor_gate)
     3    0.02                           _0671_ (net)
                  0.38    0.00    7.12 ^ _4078_/A (Nor_gate)
                  0.06    0.08    7.20 v _4078_/Y (Nor_gate)
     1    0.00                           _1090_ (net)
                  0.06    0.00    7.20 v _4082_/A (Nor_gate)
                  0.34    0.29    7.49 ^ _4082_/Y (Nor_gate)
     2    0.02                           _1094_ (net)
                  0.34    0.00    7.50 ^ _4084_/A (Nor_gate)
                  0.05    0.07    7.57 v _4084_/Y (Nor_gate)
     1    0.00                           _1096_ (net)
                  0.05    0.00    7.57 v _4085_/B (Nor_gate)
                  0.14    0.12    7.69 ^ _4085_/Y (Nor_gate)
     2    0.01                           _1097_ (net)
                  0.14    0.00    7.69 ^ _4086_/B (Nor_gate)
                  0.06    0.06    7.75 v _4086_/Y (Nor_gate)
     2    0.01                           _1098_ (net)
                  0.06    0.00    7.75 v _4125_/B (Nor_gate)
                  0.10    0.10    7.85 ^ _4125_/Y (Nor_gate)
     2    0.01                           _1140_ (net)
                  0.10    0.00    7.85 ^ _4127_/B (Nand_gate)
                  0.05    0.05    7.90 v _4127_/Y (Nand_gate)
     1    0.00                           _1142_ (net)
                  0.05    0.00    7.90 v _4128_/B (Nand_gate)
                  0.06    0.04    7.95 ^ _4128_/Y (Nand_gate)
     1    0.00                           _1144_ (net)
                  0.06    0.00    7.95 ^ _4129_/B (Nor_gate)
                  0.03    0.04    7.98 v _4129_/Y (Nor_gate)
     1    0.00                           _1145_ (net)
                  0.03    0.00    7.98 v _4160_/A (Nor_gate)
                  0.20    0.18    8.16 ^ _4160_/Y (Nor_gate)
     2    0.01                           _1179_ (net)
                  0.20    0.00    8.16 ^ _4161_/A (inverter)
                  0.04    0.05    8.21 v _4161_/Y (inverter)
     1    0.00                           net88 (net)
                  0.04    0.00    8.21 v output88/A (sky130_fd_sc_hd__buf_2)
                  0.17    0.35    8.56 v output88/X (sky130_fd_sc_hd__buf_2)
     1    0.03                           result[27] (net)
                  0.17    0.00    8.56 v result[27] (out)
                                  8.56   data arrival time

                  0.00   20.00   20.00   clock clk (rise edge)
                          0.00   20.00   clock network delay (ideal)
                         -0.25   19.75   clock uncertainty
                          0.00   19.75   clock reconvergence pessimism
                         -4.00   15.75   output external delay
                                 15.75   data required time
-----------------------------------------------------------------------------
                                 15.75   data required time
                                 -8.56   data arrival time
-----------------------------------------------------------------------------
                                  7.19   slack (MET)


Startpoint: alu_control[3] (input port clocked by clk)
Endpoint: result[19] (output port clocked by clk)
Path Group: clk
Path Type: max
Corner: Slowest

Fanout     Cap    Slew   Delay    Time   Description
-----------------------------------------------------------------------------
                  0.00    0.00    0.00   clock clk (rise edge)
                          0.00    0.00   clock network delay (ideal)
                          4.00    4.00 v input external delay
                  0.02    0.01    4.01 v alu_control[3] (in)
     1    0.00                           alu_control[3] (net)
                  0.02    0.00    4.01 v input36/A (sky130_fd_sc_hd__buf_2)
                  0.20    0.37    4.38 v input36/X (sky130_fd_sc_hd__buf_2)
     6    0.04                           net36 (net)
                  0.20    0.01    4.38 v _2490_/A (inverter)
                  0.16    0.17    4.55 ^ _2490_/Y (inverter)
     5    0.02                           _1599_ (net)
                  0.16    0.00    4.55 ^ _2571_/B (Nand_gate)
                  0.09    0.11    4.66 v _2571_/Y (Nand_gate)
     4    0.01                           _1680_ (net)
                  0.09    0.00    4.66 v _2669_/B (Nor_gate)
                  0.23    0.20    4.86 ^ _2669_/Y (Nor_gate)
     3    0.01                           _1777_ (net)
                  0.23    0.00    4.86 ^ _2706_/A (sky130_fd_sc_hd__clkbuf_4)
                  0.30    0.52    5.38 ^ _2706_/X (sky130_fd_sc_hd__clkbuf_4)
    10    0.06                           _1813_ (net)
                  0.30    0.01    5.38 ^ _3398_/A (sky130_fd_sc_hd__clkbuf_4)
                  0.28    0.53    5.91 ^ _3398_/X (sky130_fd_sc_hd__clkbuf_4)
    10    0.06                           _0355_ (net)
                  0.28    0.00    5.91 ^ _3512_/B (Nor_gate)
                  0.05    0.06    5.98 v _3512_/Y (Nor_gate)
     1    0.00                           _0478_ (net)
                  0.05    0.00    5.98 v _3513_/B (Nor_gate)
                  0.10    0.09    6.07 ^ _3513_/Y (Nor_gate)
     1    0.00                           _0479_ (net)
                  0.10    0.00    6.07 ^ _3514_/B (Xnor)
                  0.32    0.30    6.37 ^ _3514_/Y (Xnor)
     3    0.01                           _0480_ (net)
                  0.32    0.00    6.37 ^ _3515_/B (Xnor)
                  0.39    0.38    6.76 ^ _3515_/Y (Xnor)
     4    0.01                           _0481_ (net)
                  0.39    0.00    6.76 ^ _3567_/A (inverter)
                  0.07    0.06    6.82 v _3567_/Y (inverter)
     1    0.00                           _0537_ (net)
                  0.07    0.00    6.82 v _3568_/B (Nor_gate)
                  0.15    0.13    6.95 ^ _3568_/Y (Nor_gate)
     2    0.01                           _0539_ (net)
                  0.15    0.00    6.95 ^ _3569_/B (Nand_gate)
                  0.06    0.08    7.03 v _3569_/Y (Nand_gate)
     2    0.01                           _0540_ (net)
                  0.06    0.00    7.03 v _3679_/B (Nor_gate)
                  0.10    0.10    7.12 ^ _3679_/Y (Nor_gate)
     1    0.01                           _0659_ (net)
                  0.10    0.00    7.12 ^ _3690_/A (Nor_gate)
                  0.11    0.11    7.24 v _3690_/Y (Nor_gate)
     3    0.02                           _0671_ (net)
                  0.11    0.00    7.24 v _3692_/A (Nor_gate)
                  0.07    0.09    7.33 ^ _3692_/Y (Nor_gate)
     1    0.00                           _0673_ (net)
                  0.07    0.00    7.33 ^ _3693_/B (Nor_gate)
                  0.04    0.05    7.37 v _3693_/Y (Nor_gate)
     2    0.01                           _0674_ (net)
                  0.04    0.00    7.38 v _3694_/B (Nor_gate)
                  0.12    0.10    7.48 ^ _3694_/Y (Nor_gate)
     2    0.01                           _0675_ (net)
                  0.12    0.00    7.48 ^ _3735_/B (Nor_gate)
                  0.04    0.06    7.54 v _3735_/Y (Nor_gate)
     2    0.01                           _0719_ (net)
                  0.04    0.00    7.54 v _3737_/B (Nand_gate)
                  0.05    0.05    7.58 ^ _3737_/Y (Nand_gate)
     1    0.00                           _0721_ (net)
                  0.05    0.00    7.58 ^ _3738_/B (Nand_gate)
                  0.05    0.04    7.63 v _3738_/Y (Nand_gate)
     1    0.00                           _0723_ (net)
                  0.05    0.00    7.63 v _3739_/B (Nor_gate)
                  0.12    0.11    7.73 ^ _3739_/Y (Nor_gate)
     1    0.01                           _0724_ (net)
                  0.12    0.00    7.74 ^ _3768_/A (Nor_gate)
                  0.07    0.09    7.83 v _3768_/Y (Nor_gate)
     2    0.01                           _0756_ (net)
                  0.07    0.00    7.83 v _3769_/A (inverter)
                  0.32    0.25    8.08 ^ _3769_/Y (inverter)
     1    0.04                           net79 (net)
                  0.32    0.00    8.08 ^ output79/A (sky130_fd_sc_hd__clkbuf_4)
                  0.18    0.47    8.55 ^ output79/X (sky130_fd_sc_hd__clkbuf_4)
     1    0.03                           result[19] (net)
                  0.18    0.00    8.55 ^ result[19] (out)
                                  8.55   data arrival time

                  0.00   20.00   20.00   clock clk (rise edge)
                          0.00   20.00   clock network delay (ideal)
                         -0.25   19.75   clock uncertainty
                          0.00   19.75   clock reconvergence pessimism
                         -4.00   15.75   output external delay
                                 15.75   data required time
-----------------------------------------------------------------------------
                                 15.75   data required time
                                 -8.55   data arrival time
-----------------------------------------------------------------------------
                                  7.20   slack (MET)


Startpoint: alu_control[3] (input port clocked by clk)
Endpoint: result[22] (output port clocked by clk)
Path Group: clk
Path Type: max
Corner: Slowest

Fanout     Cap    Slew   Delay    Time   Description
-----------------------------------------------------------------------------
                  0.00    0.00    0.00   clock clk (rise edge)
                          0.00    0.00   clock network delay (ideal)
                          4.00    4.00 v input external delay
                  0.02    0.01    4.01 v alu_control[3] (in)
     1    0.00                           alu_control[3] (net)
                  0.02    0.00    4.01 v input36/A (sky130_fd_sc_hd__buf_2)
                  0.20    0.37    4.38 v input36/X (sky130_fd_sc_hd__buf_2)
     6    0.04                           net36 (net)
                  0.20    0.01    4.38 v _2490_/A (inverter)
                  0.16    0.17    4.55 ^ _2490_/Y (inverter)
     5    0.02                           _1599_ (net)
                  0.16    0.00    4.55 ^ _2571_/B (Nand_gate)
                  0.09    0.11    4.66 v _2571_/Y (Nand_gate)
     4    0.01                           _1680_ (net)
                  0.09    0.00    4.66 v _2669_/B (Nor_gate)
                  0.23    0.20    4.86 ^ _2669_/Y (Nor_gate)
     3    0.01                           _1777_ (net)
                  0.23    0.00    4.86 ^ _2706_/A (sky130_fd_sc_hd__clkbuf_4)
                  0.30    0.52    5.38 ^ _2706_/X (sky130_fd_sc_hd__clkbuf_4)
    10    0.06                           _1813_ (net)
                  0.30    0.01    5.38 ^ _3398_/A (sky130_fd_sc_hd__clkbuf_4)
                  0.28    0.53    5.91 ^ _3398_/X (sky130_fd_sc_hd__clkbuf_4)
    10    0.06                           _0355_ (net)
                  0.28    0.00    5.91 ^ _3512_/B (Nor_gate)
                  0.05    0.06    5.98 v _3512_/Y (Nor_gate)
     1    0.00                           _0478_ (net)
                  0.05    0.00    5.98 v _3513_/B (Nor_gate)
                  0.10    0.09    6.07 ^ _3513_/Y (Nor_gate)
     1    0.00                           _0479_ (net)
                  0.10    0.00    6.07 ^ _3514_/B (Xnor)
                  0.32    0.30    6.37 ^ _3514_/Y (Xnor)
     3    0.01                           _0480_ (net)
                  0.32    0.00    6.37 ^ _3515_/B (Xnor)
                  0.39    0.38    6.76 ^ _3515_/Y (Xnor)
     4    0.01                           _0481_ (net)
                  0.39    0.00    6.76 ^ _3567_/A (inverter)
                  0.07    0.06    6.82 v _3567_/Y (inverter)
     1    0.00                           _0537_ (net)
                  0.07    0.00    6.82 v _3568_/B (Nor_gate)
                  0.15    0.13    6.95 ^ _3568_/Y (Nor_gate)
     2    0.01                           _0539_ (net)
                  0.15    0.00    6.95 ^ _3569_/B (Nand_gate)
                  0.06    0.08    7.03 v _3569_/Y (Nand_gate)
     2    0.01                           _0540_ (net)
                  0.06    0.00    7.03 v _3679_/B (Nor_gate)
                  0.10    0.10    7.12 ^ _3679_/Y (Nor_gate)
     1    0.01                           _0659_ (net)
                  0.10    0.00    7.12 ^ _3690_/A (Nor_gate)
                  0.11    0.11    7.24 v _3690_/Y (Nor_gate)
     3    0.02                           _0671_ (net)
                  0.11    0.00    7.24 v _3883_/A (Nor_gate)
                  0.07    0.09    7.33 ^ _3883_/Y (Nor_gate)
     1    0.00                           _0879_ (net)
                  0.07    0.00    7.33 ^ _3884_/B (Nor_gate)
                  0.03    0.04    7.37 v _3884_/Y (Nor_gate)
     1    0.00                           _0880_ (net)
                  0.03    0.00    7.37 v _3886_/A (Nor_gate)
                  0.08    0.08    7.45 ^ _3886_/Y (Nor_gate)
     1    0.00                           _0882_ (net)
                  0.08    0.00    7.45 ^ _3887_/B (Nor_gate)
                  0.04    0.05    7.50 v _3887_/Y (Nor_gate)
     2    0.01                           _0883_ (net)
                  0.04    0.00    7.50 v _3888_/B (Nor_gate)
                  0.13    0.12    7.62 ^ _3888_/Y (Nor_gate)
     2    0.01                           _0885_ (net)
                  0.13    0.00    7.62 ^ _3891_/A (Nor_gate)
                  0.05    0.07    7.69 v _3891_/Y (Nor_gate)
     1    0.01                           _0888_ (net)
                  0.05    0.00    7.69 v _3919_/A (Nor_gate)
                  0.45    0.37    8.05 ^ _3919_/Y (Nor_gate)
     2    0.03                           _0919_ (net)
                  0.45    0.00    8.06 ^ _3920_/A (inverter)
                  0.08    0.08    8.14 v _3920_/Y (inverter)
     1    0.00                           net83 (net)
                  0.08    0.00    8.14 v output83/A (sky130_fd_sc_hd__clkbuf_4)
                  0.14    0.35    8.49 v output83/X (sky130_fd_sc_hd__clkbuf_4)
     1    0.04                           result[22] (net)
                  0.14    0.00    8.49 v result[22] (out)
                                  8.49   data arrival time

                  0.00   20.00   20.00   clock clk (rise edge)
                          0.00   20.00   clock network delay (ideal)
                         -0.25   19.75   clock uncertainty
                          0.00   19.75   clock reconvergence pessimism
                         -4.00   15.75   output external delay
                                 15.75   data required time
-----------------------------------------------------------------------------
                                 15.75   data required time
                                 -8.49   data arrival time
-----------------------------------------------------------------------------
                                  7.26   slack (MET)


Startpoint: alu_control[3] (input port clocked by clk)
Endpoint: result[16] (output port clocked by clk)
Path Group: clk
Path Type: max
Corner: Slowest

Fanout     Cap    Slew   Delay    Time   Description
-----------------------------------------------------------------------------
                  0.00    0.00    0.00   clock clk (rise edge)
                          0.00    0.00   clock network delay (ideal)
                          4.00    4.00 v input external delay
                  0.02    0.01    4.01 v alu_control[3] (in)
     1    0.00                           alu_control[3] (net)
                  0.02    0.00    4.01 v input36/A (sky130_fd_sc_hd__buf_2)
                  0.20    0.37    4.38 v input36/X (sky130_fd_sc_hd__buf_2)
     6    0.04                           net36 (net)
                  0.20    0.01    4.38 v _2490_/A (inverter)
                  0.16    0.17    4.55 ^ _2490_/Y (inverter)
     5    0.02                           _1599_ (net)
                  0.16    0.00    4.55 ^ _2571_/B (Nand_gate)
                  0.09    0.11    4.66 v _2571_/Y (Nand_gate)
     4    0.01                           _1680_ (net)
                  0.09    0.00    4.66 v _2669_/B (Nor_gate)
                  0.23    0.20    4.86 ^ _2669_/Y (Nor_gate)
     3    0.01                           _1777_ (net)
                  0.23    0.00    4.86 ^ _2706_/A (sky130_fd_sc_hd__clkbuf_4)
                  0.30    0.52    5.38 ^ _2706_/X (sky130_fd_sc_hd__clkbuf_4)
    10    0.06                           _1813_ (net)
                  0.30    0.01    5.38 ^ _3398_/A (sky130_fd_sc_hd__clkbuf_4)
                  0.28    0.53    5.91 ^ _3398_/X (sky130_fd_sc_hd__clkbuf_4)
    10    0.06                           _0355_ (net)
                  0.28    0.00    5.91 ^ _3512_/B (Nor_gate)
                  0.05    0.06    5.98 v _3512_/Y (Nor_gate)
     1    0.00                           _0478_ (net)
                  0.05    0.00    5.98 v _3513_/B (Nor_gate)
                  0.10    0.09    6.07 ^ _3513_/Y (Nor_gate)
     1    0.00                           _0479_ (net)
                  0.10    0.00    6.07 ^ _3514_/B (Xnor)
                  0.32    0.30    6.37 ^ _3514_/Y (Xnor)
     3    0.01                           _0480_ (net)
                  0.32    0.00    6.37 ^ _3515_/B (Xnor)
                  0.39    0.38    6.76 ^ _3515_/Y (Xnor)
     4    0.01                           _0481_ (net)
                  0.39    0.00    6.76 ^ _3567_/A (inverter)
                  0.07    0.06    6.82 v _3567_/Y (inverter)
     1    0.00                           _0537_ (net)
                  0.07    0.00    6.82 v _3568_/B (Nor_gate)
                  0.15    0.13    6.95 ^ _3568_/Y (Nor_gate)
     2    0.01                           _0539_ (net)
                  0.15    0.00    6.95 ^ _3569_/B (Nand_gate)
                  0.06    0.08    7.03 v _3569_/Y (Nand_gate)
     2    0.01                           _0540_ (net)
                  0.06    0.00    7.03 v _3570_/B (Nor_gate)
                  0.07    0.07    7.10 ^ _3570_/Y (Nor_gate)
     1    0.00                           _0541_ (net)
                  0.07    0.00    7.10 ^ _3579_/A (Nor_gate)
                  0.02    0.04    7.14 v _3579_/Y (Nor_gate)
     1    0.00                           _0551_ (net)
                  0.02    0.00    7.14 v _3580_/B (Nand_gate)
                  0.19    0.15    7.28 ^ _3580_/Y (Nand_gate)
     4    0.02                           _0552_ (net)
                  0.19    0.00    7.28 ^ _3591_/A (Nor_gate)
                  0.04    0.06    7.34 v _3591_/Y (Nor_gate)
     1    0.00                           _0564_ (net)
                  0.04    0.00    7.34 v _3592_/B (Nor_gate)
                  0.08    0.07    7.41 ^ _3592_/Y (Nor_gate)
     1    0.00                           _0565_ (net)
                  0.08    0.00    7.41 ^ _3593_/B (Nand_gate)
                  0.04    0.05    7.46 v _3593_/Y (Nand_gate)
     1    0.00                           _0566_ (net)
                  0.04    0.00    7.47 v _3626_/A (Nand_gate)
                  0.04    0.05    7.51 ^ _3626_/Y (Nand_gate)
     1    0.00                           _0602_ (net)
                  0.04    0.00    7.51 ^ _3627_/A (sky130_fd_sc_hd__buf_1)
                  0.45    0.43    7.94 ^ _3627_/X (sky130_fd_sc_hd__buf_1)
     2    0.02                           net76 (net)
                  0.45    0.00    7.94 ^ output76/A (sky130_fd_sc_hd__clkbuf_4)
                  0.18    0.52    8.46 ^ output76/X (sky130_fd_sc_hd__clkbuf_4)
     1    0.03                           result[16] (net)
                  0.18    0.00    8.46 ^ result[16] (out)
                                  8.46   data arrival time

                  0.00   20.00   20.00   clock clk (rise edge)
                          0.00   20.00   clock network delay (ideal)
                         -0.25   19.75   clock uncertainty
                          0.00   19.75   clock reconvergence pessimism
                         -4.00   15.75   output external delay
                                 15.75   data required time
-----------------------------------------------------------------------------
                                 15.75   data required time
                                 -8.46   data arrival time
-----------------------------------------------------------------------------
                                  7.29   slack (MET)


Startpoint: b[0] (input port clocked by clk)
Endpoint: result[25] (output port clocked by clk)
Path Group: clk
Path Type: max
Corner: Slowest

Fanout     Cap    Slew   Delay    Time   Description
-----------------------------------------------------------------------------
                  0.00    0.00    0.00   clock clk (rise edge)
                          0.00    0.00   clock network delay (ideal)
                          4.00    4.00 ^ input external delay
                  0.04    0.02    4.02 ^ b[0] (in)
     1    0.00                           b[0] (net)
                  0.04    0.00    4.02 ^ input37/A (sky130_fd_sc_hd__clkbuf_4)
                  0.25    0.38    4.40 ^ input37/X (sky130_fd_sc_hd__clkbuf_4)
    10    0.05                           net37 (net)
                  0.25    0.00    4.41 ^ _2324_/A (sky130_fd_sc_hd__clkbuf_4)
                  0.32    0.54    4.94 ^ _2324_/X (sky130_fd_sc_hd__clkbuf_4)
    10    0.07                           _1433_ (net)
                  0.32    0.00    4.95 ^ _2498_/A (sky130_fd_sc_hd__buf_4)
                  0.31    0.51    5.46 ^ _2498_/X (sky130_fd_sc_hd__buf_4)
    10    0.07                           _1607_ (net)
                  0.31    0.01    5.47 ^ _2499_/A (sky130_fd_sc_hd__clkbuf_4)
                  0.29    0.54    6.00 ^ _2499_/X (sky130_fd_sc_hd__clkbuf_4)
    10    0.06                           _1608_ (net)
                  0.29    0.01    6.02 ^ _2567_/A (sky130_fd_sc_hd__clkbuf_4)
                  0.31    0.55    6.57 ^ _2567_/X (sky130_fd_sc_hd__clkbuf_4)
    10    0.07                           _1676_ (net)
                  0.31    0.00    6.57 ^ _3939_/S (Mux)
                  0.06    0.28    6.85 v _3939_/Y (Mux)
     2    0.01                           _0940_ (net)
                  0.06    0.00    6.85 v _4044_/A (Mux)
                  0.07    0.26    7.11 v _4044_/Y (Mux)
     2    0.01                           _1053_ (net)
                  0.07    0.00    7.11 v _4045_/B (Mux)
                  0.05    0.18    7.29 v _4045_/Y (Mux)
     1    0.00                           _1054_ (net)
                  0.05    0.00    7.29 v _4046_/A (inverter)
                  0.03    0.04    7.32 ^ _4046_/Y (inverter)
     1    0.00                           _1055_ (net)
                  0.03    0.00    7.32 ^ _4047_/B (Nor_gate)
                  0.05    0.03    7.35 v _4047_/Y (Nor_gate)
     1    0.00                           _1056_ (net)
                  0.05    0.00    7.35 v _4048_/B (Nor_gate)
                  0.07    0.07    7.42 ^ _4048_/Y (Nor_gate)
     1    0.00                           _1058_ (net)
                  0.07    0.00    7.42 ^ _4049_/B (Nand_gate)
                  0.03    0.05    7.46 v _4049_/Y (Nand_gate)
     1    0.00                           _1059_ (net)
                  0.03    0.00    7.46 v _4050_/B (Nand_gate)
                  0.06    0.05    7.51 ^ _4050_/Y (Nand_gate)
     1    0.00                           _1060_ (net)
                  0.06    0.00    7.51 ^ _4051_/B (Nor_gate)
                  0.07    0.07    7.58 v _4051_/Y (Nor_gate)
     1    0.02                           _1061_ (net)
                  0.07    0.00    7.59 v _4062_/A (Nor_gate)
                  0.07    0.09    7.68 ^ _4062_/Y (Nor_gate)
     1    0.00                           _1073_ (net)
                  0.07    0.00    7.68 ^ _4063_/B (Nand_gate)
                  0.05    0.06    7.74 v _4063_/Y (Nand_gate)
     1    0.01                           _1074_ (net)
                  0.05    0.00    7.74 v _4064_/B (Nor_gate)
                  0.08    0.07    7.81 ^ _4064_/Y (Nor_gate)
     1    0.00                           _1075_ (net)
                  0.08    0.00    7.81 ^ _4065_/A (inverter)
                  0.04    0.05    7.86 v _4065_/Y (inverter)
     1    0.01                           _1076_ (net)
                  0.04    0.00    7.86 v _4066_/B (Nor_gate)
                  0.26    0.21    8.07 ^ _4066_/Y (Nor_gate)
     2    0.02                           _1077_ (net)
                  0.26    0.00    8.08 ^ _4067_/A (inverter)
                  0.04    0.04    8.11 v _4067_/Y (inverter)
     1    0.00                           net86 (net)
                  0.04    0.00    8.11 v output86/A (sky130_fd_sc_hd__buf_2)
                  0.17    0.35    8.46 v output86/X (sky130_fd_sc_hd__buf_2)
     1    0.03                           result[25] (net)
                  0.17    0.00    8.46 v result[25] (out)
                                  8.46   data arrival time

                  0.00   20.00   20.00   clock clk (rise edge)
                          0.00   20.00   clock network delay (ideal)
                         -0.25   19.75   clock uncertainty
                          0.00   19.75   clock reconvergence pessimism
                         -4.00   15.75   output external delay
                                 15.75   data required time
-----------------------------------------------------------------------------
                                 15.75   data required time
                                 -8.46   data arrival time
-----------------------------------------------------------------------------
                                  7.29   slack (MET)


Startpoint: b[0] (input port clocked by clk)
Endpoint: result[18] (output port clocked by clk)
Path Group: clk
Path Type: max
Corner: Slowest

Fanout     Cap    Slew   Delay    Time   Description
-----------------------------------------------------------------------------
                  0.00    0.00    0.00   clock clk (rise edge)
                          0.00    0.00   clock network delay (ideal)
                          4.00    4.00 ^ input external delay
                  0.04    0.02    4.02 ^ b[0] (in)
     1    0.00                           b[0] (net)
                  0.04    0.00    4.02 ^ input37/A (sky130_fd_sc_hd__clkbuf_4)
                  0.25    0.38    4.40 ^ input37/X (sky130_fd_sc_hd__clkbuf_4)
    10    0.05                           net37 (net)
                  0.25    0.00    4.41 ^ _2324_/A (sky130_fd_sc_hd__clkbuf_4)
                  0.32    0.54    4.94 ^ _2324_/X (sky130_fd_sc_hd__clkbuf_4)
    10    0.07                           _1433_ (net)
                  0.32    0.00    4.95 ^ _2498_/A (sky130_fd_sc_hd__buf_4)
                  0.31    0.51    5.46 ^ _2498_/X (sky130_fd_sc_hd__buf_4)
    10    0.07                           _1607_ (net)
                  0.31    0.01    5.47 ^ _2499_/A (sky130_fd_sc_hd__clkbuf_4)
                  0.29    0.54    6.00 ^ _2499_/X (sky130_fd_sc_hd__clkbuf_4)
    10    0.06                           _1608_ (net)
                  0.29    0.01    6.01 ^ _3711_/S (Mux)
                  0.05    0.25    6.26 v _3711_/Y (Mux)
     1    0.00                           _0694_ (net)
                  0.05    0.00    6.26 v _3712_/A (Mux)
                  0.08    0.28    6.54 v _3712_/Y (Mux)
     1    0.01                           _0695_ (net)
                  0.08    0.00    6.54 v _3715_/A (Mux)
                  0.10    0.31    6.85 v _3715_/Y (Mux)
     2    0.02                           _0698_ (net)
                  0.10    0.00    6.85 v _3716_/B (Mux)
                  0.07    0.21    7.07 v _3716_/Y (Mux)
     1    0.01                           _0699_ (net)
                  0.07    0.00    7.07 v _3717_/B (Mux)
                  0.08    0.21    7.28 v _3717_/Y (Mux)
     1    0.01                           _0700_ (net)
                  0.08    0.00    7.28 v _3718_/B (Nand_gate)
                  0.14    0.12    7.40 ^ _3718_/Y (Nand_gate)
     1    0.02                           _0702_ (net)
                  0.14    0.00    7.40 ^ _3725_/A (Nand_gate)
                  0.03    0.06    7.46 v _3725_/Y (Nand_gate)
     1    0.00                           _0709_ (net)
                  0.03    0.00    7.46 v _3726_/B (Nor_gate)
                  0.14    0.12    7.58 ^ _3726_/Y (Nor_gate)
     1    0.01                           _0710_ (net)
                  0.14    0.00    7.58 ^ _3727_/B (Nand_gate)
                  0.04    0.06    7.63 v _3727_/Y (Nand_gate)
     1    0.00                           _0711_ (net)
                  0.04    0.00    7.63 v _3728_/B (Nor_gate)
                  0.49    0.38    8.02 ^ _3728_/Y (Nor_gate)
     2    0.03                           _0713_ (net)
                  0.49    0.01    8.02 ^ _3729_/A (inverter)
                  0.08    0.06    8.09 v _3729_/Y (inverter)
     1    0.00                           net78 (net)
                  0.08    0.00    8.09 v output78/A (sky130_fd_sc_hd__clkbuf_4)
                  0.14    0.34    8.43 v output78/X (sky130_fd_sc_hd__clkbuf_4)
     1    0.03                           result[18] (net)
                  0.14    0.00    8.43 v result[18] (out)
                                  8.43   data arrival time

                  0.00   20.00   20.00   clock clk (rise edge)
                          0.00   20.00   clock network delay (ideal)
                         -0.25   19.75   clock uncertainty
                          0.00   19.75   clock reconvergence pessimism
                         -4.00   15.75   output external delay
                                 15.75   data required time
-----------------------------------------------------------------------------
                                 15.75   data required time
                                 -8.43   data arrival time
-----------------------------------------------------------------------------
                                  7.32   slack (MET)


Startpoint: alu_control[3] (input port clocked by clk)
Endpoint: result[20] (output port clocked by clk)
Path Group: clk
Path Type: max
Corner: Slowest

Fanout     Cap    Slew   Delay    Time   Description
-----------------------------------------------------------------------------
                  0.00    0.00    0.00   clock clk (rise edge)
                          0.00    0.00   clock network delay (ideal)
                          4.00    4.00 v input external delay
                  0.02    0.01    4.01 v alu_control[3] (in)
     1    0.00                           alu_control[3] (net)
                  0.02    0.00    4.01 v input36/A (sky130_fd_sc_hd__buf_2)
                  0.20    0.37    4.38 v input36/X (sky130_fd_sc_hd__buf_2)
     6    0.04                           net36 (net)
                  0.20    0.01    4.38 v _2490_/A (inverter)
                  0.16    0.17    4.55 ^ _2490_/Y (inverter)
     5    0.02                           _1599_ (net)
                  0.16    0.00    4.55 ^ _2571_/B (Nand_gate)
                  0.09    0.11    4.66 v _2571_/Y (Nand_gate)
     4    0.01                           _1680_ (net)
                  0.09    0.00    4.66 v _2669_/B (Nor_gate)
                  0.23    0.20    4.86 ^ _2669_/Y (Nor_gate)
     3    0.01                           _1777_ (net)
                  0.23    0.00    4.86 ^ _2706_/A (sky130_fd_sc_hd__clkbuf_4)
                  0.30    0.52    5.38 ^ _2706_/X (sky130_fd_sc_hd__clkbuf_4)
    10    0.06                           _1813_ (net)
                  0.30    0.01    5.38 ^ _3398_/A (sky130_fd_sc_hd__clkbuf_4)
                  0.28    0.53    5.91 ^ _3398_/X (sky130_fd_sc_hd__clkbuf_4)
    10    0.06                           _0355_ (net)
                  0.28    0.00    5.91 ^ _3512_/B (Nor_gate)
                  0.05    0.06    5.98 v _3512_/Y (Nor_gate)
     1    0.00                           _0478_ (net)
                  0.05    0.00    5.98 v _3513_/B (Nor_gate)
                  0.10    0.09    6.07 ^ _3513_/Y (Nor_gate)
     1    0.00                           _0479_ (net)
                  0.10    0.00    6.07 ^ _3514_/B (Xnor)
                  0.32    0.30    6.37 ^ _3514_/Y (Xnor)
     3    0.01                           _0480_ (net)
                  0.32    0.00    6.37 ^ _3515_/B (Xnor)
                  0.39    0.38    6.76 ^ _3515_/Y (Xnor)
     4    0.01                           _0481_ (net)
                  0.39    0.00    6.76 ^ _3567_/A (inverter)
                  0.07    0.06    6.82 v _3567_/Y (inverter)
     1    0.00                           _0537_ (net)
                  0.07    0.00    6.82 v _3568_/B (Nor_gate)
                  0.15    0.13    6.95 ^ _3568_/Y (Nor_gate)
     2    0.01                           _0539_ (net)
                  0.15    0.00    6.95 ^ _3569_/B (Nand_gate)
                  0.06    0.08    7.03 v _3569_/Y (Nand_gate)
     2    0.01                           _0540_ (net)
                  0.06    0.00    7.03 v _3570_/B (Nor_gate)
                  0.07    0.07    7.10 ^ _3570_/Y (Nor_gate)
     1    0.00                           _0541_ (net)
                  0.07    0.00    7.10 ^ _3579_/A (Nor_gate)
                  0.02    0.04    7.14 v _3579_/Y (Nor_gate)
     1    0.00                           _0551_ (net)
                  0.02    0.00    7.14 v _3580_/B (Nand_gate)
                  0.19    0.15    7.28 ^ _3580_/Y (Nand_gate)
     4    0.02                           _0552_ (net)
                  0.19    0.00    7.29 ^ _3794_/A (Nand_gate)
                  0.04    0.07    7.35 v _3794_/Y (Nand_gate)
     1    0.00                           _0783_ (net)
                  0.04    0.00    7.35 v _3795_/B (Nand_gate)
                  0.06    0.05    7.41 ^ _3795_/Y (Nand_gate)
     2    0.01                           _0784_ (net)
                  0.06    0.00    7.41 ^ _3797_/B (Nand_gate)
                  0.05    0.06    7.46 v _3797_/Y (Nand_gate)
     2    0.01                           _0786_ (net)
                  0.05    0.00    7.46 v _3798_/B (Nand_gate)
                  0.06    0.04    7.50 ^ _3798_/Y (Nand_gate)
     1    0.00                           _0788_ (net)
                  0.06    0.00    7.50 ^ _3799_/B (Nor_gate)
                  0.03    0.03    7.53 v _3799_/Y (Nor_gate)
     1    0.00                           _0789_ (net)
                  0.03    0.00    7.53 v _3825_/A (Nor_gate)
                  0.42    0.34    7.88 ^ _3825_/Y (Nor_gate)
     2    0.03                           _0817_ (net)
                  0.42    0.00    7.88 ^ _3826_/A (inverter)
                  0.09    0.12    8.00 v _3826_/Y (inverter)
     1    0.01                           net81 (net)
                  0.09    0.00    8.00 v output81/A (sky130_fd_sc_hd__clkbuf_4)
                  0.14    0.35    8.36 v output81/X (sky130_fd_sc_hd__clkbuf_4)
     1    0.03                           result[20] (net)
                  0.14    0.00    8.36 v result[20] (out)
                                  8.36   data arrival time

                  0.00   20.00   20.00   clock clk (rise edge)
                          0.00   20.00   clock network delay (ideal)
                         -0.25   19.75   clock uncertainty
                          0.00   19.75   clock reconvergence pessimism
                         -4.00   15.75   output external delay
                                 15.75   data required time
-----------------------------------------------------------------------------
                                 15.75   data required time
                                 -8.36   data arrival time
-----------------------------------------------------------------------------
                                  7.39   slack (MET)


Startpoint: alu_control[3] (input port clocked by clk)
Endpoint: result[15] (output port clocked by clk)
Path Group: clk
Path Type: max
Corner: Slowest

Fanout     Cap    Slew   Delay    Time   Description
-----------------------------------------------------------------------------
                  0.00    0.00    0.00   clock clk (rise edge)
                          0.00    0.00   clock network delay (ideal)
                          4.00    4.00 v input external delay
                  0.02    0.01    4.01 v alu_control[3] (in)
     1    0.00                           alu_control[3] (net)
                  0.02    0.00    4.01 v input36/A (sky130_fd_sc_hd__buf_2)
                  0.20    0.37    4.38 v input36/X (sky130_fd_sc_hd__buf_2)
     6    0.04                           net36 (net)
                  0.20    0.01    4.38 v _2490_/A (inverter)
                  0.16    0.17    4.55 ^ _2490_/Y (inverter)
     5    0.02                           _1599_ (net)
                  0.16    0.00    4.55 ^ _2571_/B (Nand_gate)
                  0.09    0.11    4.66 v _2571_/Y (Nand_gate)
     4    0.01                           _1680_ (net)
                  0.09    0.00    4.66 v _2669_/B (Nor_gate)
                  0.23    0.20    4.86 ^ _2669_/Y (Nor_gate)
     3    0.01                           _1777_ (net)
                  0.23    0.00    4.86 ^ _2706_/A (sky130_fd_sc_hd__clkbuf_4)
                  0.30    0.52    5.38 ^ _2706_/X (sky130_fd_sc_hd__clkbuf_4)
    10    0.06                           _1813_ (net)
                  0.30    0.01    5.38 ^ _2969_/A (Nor_gate)
                  0.07    0.11    5.49 v _2969_/Y (Nor_gate)
     2    0.01                           _2072_ (net)
                  0.07    0.00    5.49 v _3033_/A (Nor_gate)
                  0.12    0.12    5.61 ^ _3033_/Y (Nor_gate)
     1    0.01                           _2135_ (net)
                  0.12    0.00    5.61 ^ _3034_/B (Xnor)
                  0.34    0.32    5.94 ^ _3034_/Y (Xnor)
     3    0.01                           _2136_ (net)
                  0.34    0.00    5.94 ^ _3035_/B (Xnor)
                  0.31    0.33    6.26 ^ _3035_/Y (Xnor)
     3    0.01                           _2137_ (net)
                  0.31    0.00    6.26 ^ _3083_/B (Nand_gate)
                  0.10    0.14    6.40 v _3083_/Y (Nand_gate)
     3    0.01                           _0014_ (net)
                  0.10    0.00    6.40 v _3084_/B (Nor_gate)
                  0.11    0.11    6.51 ^ _3084_/Y (Nor_gate)
     2    0.01                           _0015_ (net)
                  0.11    0.00    6.51 ^ _3085_/B (Nand_gate)
                  0.04    0.05    6.57 v _3085_/Y (Nand_gate)
     1    0.00                           _0016_ (net)
                  0.04    0.00    6.57 v _3098_/A (Nand_gate)
                  0.16    0.13    6.70 ^ _3098_/Y (Nand_gate)
     3    0.02                           _0030_ (net)
                  0.16    0.00    6.70 ^ _3342_/A (Nand_gate)
                  0.08    0.10    6.80 v _3342_/Y (Nand_gate)
     2    0.01                           _0294_ (net)
                  0.08    0.00    6.80 v _3354_/A (Nand_gate)
                  0.09    0.09    6.89 ^ _3354_/Y (Nand_gate)
     3    0.01                           _0307_ (net)
                  0.09    0.00    6.90 ^ _3466_/A (inverter)
                  0.02    0.03    6.93 v _3466_/Y (inverter)
     1    0.00                           _0428_ (net)
                  0.02    0.00    6.93 v _3468_/A (Nor_gate)
                  0.09    0.09    7.02 ^ _3468_/Y (Nor_gate)
     1    0.00                           _0431_ (net)
                  0.09    0.00    7.02 ^ _3469_/B (Nor_gate)
                  0.04    0.05    7.07 v _3469_/Y (Nor_gate)
     2    0.01                           _0432_ (net)
                  0.04    0.00    7.07 v _3471_/B (Nor_gate)
                  0.12    0.10    7.17 ^ _3471_/Y (Nor_gate)
     2    0.01                           _0434_ (net)
                  0.12    0.00    7.17 ^ _3517_/A (inverter)
                  0.03    0.04    7.21 v _3517_/Y (inverter)
     1    0.00                           _0483_ (net)
                  0.03    0.00    7.21 v _3518_/B (Nand_gate)
                  0.06    0.05    7.26 ^ _3518_/Y (Nand_gate)
     2    0.01                           _0485_ (net)
                  0.06    0.00    7.27 ^ _3520_/B (Nor_gate)
                  0.06    0.03    7.30 v _3520_/Y (Nor_gate)
     1    0.00                           _0487_ (net)
                  0.06    0.00    7.30 v _3521_/B (Nor_gate)
                  0.08    0.07    7.37 ^ _3521_/Y (Nor_gate)
     1    0.00                           _0488_ (net)
                  0.08    0.00    7.37 ^ _3522_/B (Nand_gate)
                  0.03    0.05    7.41 v _3522_/Y (Nand_gate)
     1    0.00                           _0489_ (net)
                  0.03    0.00    7.41 v _3557_/A (Nand_gate)
                  0.04    0.04    7.46 ^ _3557_/Y (Nand_gate)
     1    0.00                           _0527_ (net)
                  0.04    0.00    7.46 ^ _3558_/A (sky130_fd_sc_hd__buf_1)
                  0.27    0.29    7.75 ^ _3558_/X (sky130_fd_sc_hd__buf_1)
     2    0.01                           net75 (net)
                  0.27    0.00    7.75 ^ output75/A (sky130_fd_sc_hd__clkbuf_4)
                  0.18    0.44    8.19 ^ output75/X (sky130_fd_sc_hd__clkbuf_4)
     1    0.03                           result[15] (net)
                  0.18    0.00    8.19 ^ result[15] (out)
                                  8.19   data arrival time

                  0.00   20.00   20.00   clock clk (rise edge)
                          0.00   20.00   clock network delay (ideal)
                         -0.25   19.75   clock uncertainty
                          0.00   19.75   clock reconvergence pessimism
                         -4.00   15.75   output external delay
                                 15.75   data required time
-----------------------------------------------------------------------------
                                 15.75   data required time
                                 -8.19   data arrival time
-----------------------------------------------------------------------------
                                  7.56   slack (MET)


Startpoint: b[1] (input port clocked by clk)
Endpoint: result[11] (output port clocked by clk)
Path Group: clk
Path Type: max
Corner: Slowest

Fanout     Cap    Slew   Delay    Time   Description
-----------------------------------------------------------------------------
                  0.00    0.00    0.00   clock clk (rise edge)
                          0.00    0.00   clock network delay (ideal)
                          4.00    4.00 v input external delay
                  0.02    0.01    4.01 v b[1] (in)
     1    0.00                           b[1] (net)
                  0.02    0.00    4.01 v input48/A (sky130_fd_sc_hd__buf_1)
                  0.19    0.26    4.27 v input48/X (sky130_fd_sc_hd__buf_1)
     3    0.02                           net48 (net)
                  0.19    0.00    4.27 v _2322_/A (inverter)
                  0.08    0.10    4.37 ^ _2322_/Y (inverter)
     2    0.01                           _1431_ (net)
                  0.08    0.00    4.37 ^ _2323_/A (sky130_fd_sc_hd__clkbuf_4)
                  0.29    0.43    4.80 ^ _2323_/X (sky130_fd_sc_hd__clkbuf_4)
    10    0.06                           _1432_ (net)
                  0.29    0.01    4.80 ^ _2832_/A (sky130_fd_sc_hd__clkbuf_4)
                  0.23    0.49    5.29 ^ _2832_/X (sky130_fd_sc_hd__clkbuf_4)
    10    0.05                           _1938_ (net)
                  0.23    0.00    5.30 ^ _3053_/A (sky130_fd_sc_hd__clkbuf_4)
                  0.25    0.47    5.77 ^ _3053_/X (sky130_fd_sc_hd__clkbuf_4)
    10    0.05                           _2155_ (net)
                  0.25    0.01    5.78 ^ _3306_/A (sky130_fd_sc_hd__clkbuf_4)
                  0.28    0.50    6.28 ^ _3306_/X (sky130_fd_sc_hd__clkbuf_4)
    10    0.06                           _0255_ (net)
                  0.28    0.01    6.29 ^ _3307_/S (Mux)
                  0.05    0.26    6.55 v _3307_/Y (Mux)
     1    0.00                           _0256_ (net)
                  0.05    0.00    6.55 v _3308_/A (Nand_gate)
                  0.04    0.05    6.60 ^ _3308_/Y (Nand_gate)
     1    0.00                           _0258_ (net)
                  0.04    0.00    6.60 ^ _3309_/B (Nand_gate)
                  0.13    0.12    6.72 v _3309_/Y (Nand_gate)
     2    0.02                           _0259_ (net)
                  0.13    0.00    6.72 v _3310_/B (Nand_gate)
                  0.24    0.20    6.92 ^ _3310_/Y (Nand_gate)
     1    0.03                           _0260_ (net)
                  0.24    0.00    6.93 ^ _3316_/A (Nand_gate)
                  0.04    0.07    7.00 v _3316_/Y (Nand_gate)
     1    0.00                           _0266_ (net)
                  0.04    0.00    7.00 v _3322_/A (Nor_gate)
                  0.08    0.09    7.09 ^ _3322_/Y (Nor_gate)
     1    0.00                           _0273_ (net)
                  0.08    0.00    7.09 ^ _3323_/A (inverter)
                  0.03    0.04    7.13 v _3323_/Y (inverter)
     1    0.01                           _0274_ (net)
                  0.03    0.00    7.13 v _3324_/B (Nor_gate)
                  0.07    0.06    7.19 ^ _3324_/Y (Nor_gate)
     1    0.00                           _0275_ (net)
                  0.07    0.00    7.19 ^ _3325_/B (Nand_gate)
                  0.06    0.07    7.27 v _3325_/Y (Nand_gate)
     1    0.01                           _0276_ (net)
                  0.06    0.00    7.27 v _3326_/B (Nor_gate)
                  0.54    0.43    7.69 ^ _3326_/Y (Nor_gate)
     2    0.04                           _0277_ (net)
                  0.54    0.00    7.70 ^ _3327_/A (inverter)
                  0.08    0.07    7.76 v _3327_/Y (inverter)
     1    0.00                           net71 (net)
                  0.08    0.00    7.76 v output71/A (sky130_fd_sc_hd__clkbuf_4)
                  0.14    0.35    8.11 v output71/X (sky130_fd_sc_hd__clkbuf_4)
     1    0.03                           result[11] (net)
                  0.14    0.00    8.11 v result[11] (out)
                                  8.11   data arrival time

                  0.00   20.00   20.00   clock clk (rise edge)
                          0.00   20.00   clock network delay (ideal)
                         -0.25   19.75   clock uncertainty
                          0.00   19.75   clock reconvergence pessimism
                         -4.00   15.75   output external delay
                                 15.75   data required time
-----------------------------------------------------------------------------
                                 15.75   data required time
                                 -8.11   data arrival time
-----------------------------------------------------------------------------
                                  7.64   slack (MET)


Startpoint: alu_control[3] (input port clocked by clk)
Endpoint: result[14] (output port clocked by clk)
Path Group: clk
Path Type: max
Corner: Slowest

Fanout     Cap    Slew   Delay    Time   Description
-----------------------------------------------------------------------------
                  0.00    0.00    0.00   clock clk (rise edge)
                          0.00    0.00   clock network delay (ideal)
                          4.00    4.00 v input external delay
                  0.02    0.01    4.01 v alu_control[3] (in)
     1    0.00                           alu_control[3] (net)
                  0.02    0.00    4.01 v input36/A (sky130_fd_sc_hd__buf_2)
                  0.20    0.37    4.38 v input36/X (sky130_fd_sc_hd__buf_2)
     6    0.04                           net36 (net)
                  0.20    0.01    4.38 v _2490_/A (inverter)
                  0.16    0.17    4.55 ^ _2490_/Y (inverter)
     5    0.02                           _1599_ (net)
                  0.16    0.00    4.55 ^ _2571_/B (Nand_gate)
                  0.09    0.11    4.66 v _2571_/Y (Nand_gate)
     4    0.01                           _1680_ (net)
                  0.09    0.00    4.66 v _2669_/B (Nor_gate)
                  0.23    0.20    4.86 ^ _2669_/Y (Nor_gate)
     3    0.01                           _1777_ (net)
                  0.23    0.00    4.86 ^ _2706_/A (sky130_fd_sc_hd__clkbuf_4)
                  0.30    0.52    5.38 ^ _2706_/X (sky130_fd_sc_hd__clkbuf_4)
    10    0.06                           _1813_ (net)
                  0.30    0.01    5.38 ^ _2969_/A (Nor_gate)
                  0.07    0.11    5.49 v _2969_/Y (Nor_gate)
     2    0.01                           _2072_ (net)
                  0.07    0.00    5.49 v _3033_/A (Nor_gate)
                  0.12    0.12    5.61 ^ _3033_/Y (Nor_gate)
     1    0.01                           _2135_ (net)
                  0.12    0.00    5.61 ^ _3034_/B (Xnor)
                  0.34    0.32    5.94 ^ _3034_/Y (Xnor)
     3    0.01                           _2136_ (net)
                  0.34    0.00    5.94 ^ _3035_/B (Xnor)
                  0.31    0.33    6.26 ^ _3035_/Y (Xnor)
     3    0.01                           _2137_ (net)
                  0.31    0.00    6.26 ^ _3083_/B (Nand_gate)
                  0.10    0.14    6.40 v _3083_/Y (Nand_gate)
     3    0.01                           _0014_ (net)
                  0.10    0.00    6.40 v _3084_/B (Nor_gate)
                  0.11    0.11    6.51 ^ _3084_/Y (Nor_gate)
     2    0.01                           _0015_ (net)
                  0.11    0.00    6.51 ^ _3085_/B (Nand_gate)
                  0.04    0.05    6.57 v _3085_/Y (Nand_gate)
     1    0.00                           _0016_ (net)
                  0.04    0.00    6.57 v _3098_/A (Nand_gate)
                  0.16    0.13    6.70 ^ _3098_/Y (Nand_gate)
     3    0.02                           _0030_ (net)
                  0.16    0.00    6.70 ^ _3342_/A (Nand_gate)
                  0.08    0.10    6.80 v _3342_/Y (Nand_gate)
     2    0.01                           _0294_ (net)
                  0.08    0.00    6.80 v _3354_/A (Nand_gate)
                  0.09    0.09    6.89 ^ _3354_/Y (Nand_gate)
     3    0.01                           _0307_ (net)
                  0.09    0.00    6.90 ^ _3466_/A (inverter)
                  0.02    0.03    6.93 v _3466_/Y (inverter)
     1    0.00                           _0428_ (net)
                  0.02    0.00    6.93 v _3468_/A (Nor_gate)
                  0.09    0.09    7.02 ^ _3468_/Y (Nor_gate)
     1    0.00                           _0431_ (net)
                  0.09    0.00    7.02 ^ _3469_/B (Nor_gate)
                  0.04    0.05    7.07 v _3469_/Y (Nor_gate)
     2    0.01                           _0432_ (net)
                  0.04    0.00    7.07 v _3470_/B (Nand_gate)
                  0.05    0.04    7.11 ^ _3470_/Y (Nand_gate)
     1    0.00                           _0433_ (net)
                  0.05    0.00    7.11 ^ _3473_/A (Nand_gate)
                  0.03    0.05    7.15 v _3473_/Y (Nand_gate)
     1    0.00                           _0436_ (net)
                  0.03    0.00    7.15 v _3510_/A (Nand_gate)
                  0.04    0.04    7.20 ^ _3510_/Y (Nand_gate)
     1    0.00                           _0477_ (net)
                  0.04    0.00    7.20 ^ _3511_/A (sky130_fd_sc_hd__buf_1)
                  0.39    0.38    7.58 ^ _3511_/X (sky130_fd_sc_hd__buf_1)
     2    0.02                           net74 (net)
                  0.39    0.00    7.58 ^ output74/A (sky130_fd_sc_hd__clkbuf_4)
                  0.19    0.50    8.08 ^ output74/X (sky130_fd_sc_hd__clkbuf_4)
     1    0.04                           result[14] (net)
                  0.19    0.00    8.08 ^ result[14] (out)
                                  8.08   data arrival time

                  0.00   20.00   20.00   clock clk (rise edge)
                          0.00   20.00   clock network delay (ideal)
                         -0.25   19.75   clock uncertainty
                          0.00   19.75   clock reconvergence pessimism
                         -4.00   15.75   output external delay
                                 15.75   data required time
-----------------------------------------------------------------------------
                                 15.75   data required time
                                 -8.08   data arrival time
-----------------------------------------------------------------------------
                                  7.67   slack (MET)


Startpoint: alu_control[3] (input port clocked by clk)
Endpoint: result[12] (output port clocked by clk)
Path Group: clk
Path Type: max
Corner: Slowest

Fanout     Cap    Slew   Delay    Time   Description
-----------------------------------------------------------------------------
                  0.00    0.00    0.00   clock clk (rise edge)
                          0.00    0.00   clock network delay (ideal)
                          4.00    4.00 v input external delay
                  0.02    0.01    4.01 v alu_control[3] (in)
     1    0.00                           alu_control[3] (net)
                  0.02    0.00    4.01 v input36/A (sky130_fd_sc_hd__buf_2)
                  0.20    0.37    4.38 v input36/X (sky130_fd_sc_hd__buf_2)
     6    0.04                           net36 (net)
                  0.20    0.01    4.38 v _2490_/A (inverter)
                  0.16    0.17    4.55 ^ _2490_/Y (inverter)
     5    0.02                           _1599_ (net)
                  0.16    0.00    4.55 ^ _2571_/B (Nand_gate)
                  0.09    0.11    4.66 v _2571_/Y (Nand_gate)
     4    0.01                           _1680_ (net)
                  0.09    0.00    4.66 v _2669_/B (Nor_gate)
                  0.23    0.20    4.86 ^ _2669_/Y (Nor_gate)
     3    0.01                           _1777_ (net)
                  0.23    0.00    4.86 ^ _2706_/A (sky130_fd_sc_hd__clkbuf_4)
                  0.30    0.52    5.38 ^ _2706_/X (sky130_fd_sc_hd__clkbuf_4)
    10    0.06                           _1813_ (net)
                  0.30    0.01    5.38 ^ _2969_/A (Nor_gate)
                  0.07    0.11    5.49 v _2969_/Y (Nor_gate)
     2    0.01                           _2072_ (net)
                  0.07    0.00    5.49 v _3033_/A (Nor_gate)
                  0.12    0.12    5.61 ^ _3033_/Y (Nor_gate)
     1    0.01                           _2135_ (net)
                  0.12    0.00    5.61 ^ _3034_/B (Xnor)
                  0.34    0.32    5.94 ^ _3034_/Y (Xnor)
     3    0.01                           _2136_ (net)
                  0.34    0.00    5.94 ^ _3035_/B (Xnor)
                  0.31    0.33    6.26 ^ _3035_/Y (Xnor)
     3    0.01                           _2137_ (net)
                  0.31    0.00    6.26 ^ _3083_/B (Nand_gate)
                  0.10    0.14    6.40 v _3083_/Y (Nand_gate)
     3    0.01                           _0014_ (net)
                  0.10    0.00    6.40 v _3084_/B (Nor_gate)
                  0.11    0.11    6.51 ^ _3084_/Y (Nor_gate)
     2    0.01                           _0015_ (net)
                  0.11    0.00    6.51 ^ _3085_/B (Nand_gate)
                  0.04    0.05    6.57 v _3085_/Y (Nand_gate)
     1    0.00                           _0016_ (net)
                  0.04    0.00    6.57 v _3098_/A (Nand_gate)
                  0.16    0.13    6.70 ^ _3098_/Y (Nand_gate)
     3    0.02                           _0030_ (net)
                  0.16    0.00    6.70 ^ _3342_/A (Nand_gate)
                  0.08    0.10    6.80 v _3342_/Y (Nand_gate)
     2    0.01                           _0294_ (net)
                  0.08    0.00    6.80 v _3354_/A (Nand_gate)
                  0.09    0.09    6.89 ^ _3354_/Y (Nand_gate)
     3    0.01                           _0307_ (net)
                  0.09    0.00    6.90 ^ _3356_/B (Nor_gate)
                  0.03    0.04    6.93 v _3356_/Y (Nor_gate)
     1    0.00                           _0309_ (net)
                  0.03    0.00    6.93 v _3357_/B (Nor_gate)
                  0.08    0.07    7.00 ^ _3357_/Y (Nor_gate)
     1    0.00                           _0310_ (net)
                  0.08    0.00    7.00 ^ _3358_/B (Nand_gate)
                  0.06    0.07    7.07 v _3358_/Y (Nand_gate)
     1    0.01                           _0312_ (net)
                  0.06    0.00    7.07 v _3396_/A (Nand_gate)
                  0.04    0.05    7.12 ^ _3396_/Y (Nand_gate)
     1    0.00                           _0353_ (net)
                  0.04    0.00    7.12 ^ _3397_/A (sky130_fd_sc_hd__buf_1)
                  0.42    0.40    7.53 ^ _3397_/X (sky130_fd_sc_hd__buf_1)
     2    0.02                           net72 (net)
                  0.42    0.00    7.53 ^ output72/A (sky130_fd_sc_hd__clkbuf_4)
                  0.18    0.51    8.04 ^ output72/X (sky130_fd_sc_hd__clkbuf_4)
     1    0.03                           result[12] (net)
                  0.18    0.00    8.04 ^ result[12] (out)
                                  8.04   data arrival time

                  0.00   20.00   20.00   clock clk (rise edge)
                          0.00   20.00   clock network delay (ideal)
                         -0.25   19.75   clock uncertainty
                          0.00   19.75   clock reconvergence pessimism
                         -4.00   15.75   output external delay
                                 15.75   data required time
-----------------------------------------------------------------------------
                                 15.75   data required time
                                 -8.04   data arrival time
-----------------------------------------------------------------------------
                                  7.71   slack (MET)


Startpoint: b[0] (input port clocked by clk)
Endpoint: result[4] (output port clocked by clk)
Path Group: clk
Path Type: max
Corner: Slowest

Fanout     Cap    Slew   Delay    Time   Description
-----------------------------------------------------------------------------
                  0.00    0.00    0.00   clock clk (rise edge)
                          0.00    0.00   clock network delay (ideal)
                          4.00    4.00 ^ input external delay
                  0.04    0.02    4.02 ^ b[0] (in)
     1    0.00                           b[0] (net)
                  0.04    0.00    4.02 ^ input37/A (sky130_fd_sc_hd__clkbuf_4)
                  0.25    0.38    4.40 ^ input37/X (sky130_fd_sc_hd__clkbuf_4)
    10    0.05                           net37 (net)
                  0.25    0.00    4.41 ^ _2324_/A (sky130_fd_sc_hd__clkbuf_4)
                  0.32    0.54    4.94 ^ _2324_/X (sky130_fd_sc_hd__clkbuf_4)
    10    0.07                           _1433_ (net)
                  0.32    0.00    4.95 ^ _2498_/A (sky130_fd_sc_hd__buf_4)
                  0.31    0.51    5.46 ^ _2498_/X (sky130_fd_sc_hd__buf_4)
    10    0.07                           _1607_ (net)
                  0.31    0.01    5.47 ^ _2499_/A (sky130_fd_sc_hd__clkbuf_4)
                  0.29    0.54    6.00 ^ _2499_/X (sky130_fd_sc_hd__clkbuf_4)
    10    0.06                           _1608_ (net)
                  0.29    0.00    6.01 ^ _2500_/S (Mux)
                  0.04    0.25    6.26 v _2500_/Y (Mux)
     1    0.00                           _1609_ (net)
                  0.04    0.00    6.26 v _2503_/A (Mux)
                  0.09    0.29    6.54 v _2503_/Y (Mux)
     2    0.01                           _1612_ (net)
                  0.09    0.00    6.55 v _2900_/A (Mux)
                  0.05    0.24    6.79 v _2900_/Y (Mux)
     1    0.00                           _2005_ (net)
                  0.05    0.00    6.79 v _2904_/A (Mux)
                  0.06    0.25    7.03 v _2904_/Y (Mux)
     1    0.01                           _2009_ (net)
                  0.06    0.00    7.03 v _2905_/B (Nand_gate)
                  0.05    0.05    7.08 ^ _2905_/Y (Nand_gate)
     1    0.00                           _2010_ (net)
                  0.05    0.00    7.08 ^ _2914_/A (Nand_gate)
                  0.04    0.05    7.14 v _2914_/Y (Nand_gate)
     1    0.01                           _2019_ (net)
                  0.04    0.00    7.14 v _2915_/B (Nand_gate)
                  0.06    0.06    7.19 ^ _2915_/Y (Nand_gate)
     1    0.01                           _2020_ (net)
                  0.06    0.00    7.19 ^ _2916_/B (Nand_gate)
                  0.05    0.06    7.25 v _2916_/Y (Nand_gate)
     1    0.01                           _2021_ (net)
                  0.05    0.00    7.25 v _2917_/B (Nor_gate)
                  0.11    0.10    7.35 ^ _2917_/Y (Nor_gate)
     2    0.01                           _2022_ (net)
                  0.11    0.00    7.35 ^ _2918_/A (inverter)
                  0.19    0.18    7.53 v _2918_/Y (inverter)
     2    0.04                           net95 (net)
                  0.19    0.00    7.54 v output95/A (sky130_fd_sc_hd__clkbuf_4)
                  0.14    0.40    7.94 v output95/X (sky130_fd_sc_hd__clkbuf_4)
     1    0.03                           result[4] (net)
                  0.14    0.00    7.94 v result[4] (out)
                                  7.94   data arrival time

                  0.00   20.00   20.00   clock clk (rise edge)
                          0.00   20.00   clock network delay (ideal)
                         -0.25   19.75   clock uncertainty
                          0.00   19.75   clock reconvergence pessimism
                         -4.00   15.75   output external delay
                                 15.75   data required time
-----------------------------------------------------------------------------
                                 15.75   data required time
                                 -7.94   data arrival time
-----------------------------------------------------------------------------
                                  7.81   slack (MET)


Startpoint: alu_control[3] (input port clocked by clk)
Endpoint: result[10] (output port clocked by clk)
Path Group: clk
Path Type: max
Corner: Slowest

Fanout     Cap    Slew   Delay    Time   Description
-----------------------------------------------------------------------------
                  0.00    0.00    0.00   clock clk (rise edge)
                          0.00    0.00   clock network delay (ideal)
                          4.00    4.00 v input external delay
                  0.02    0.01    4.01 v alu_control[3] (in)
     1    0.00                           alu_control[3] (net)
                  0.02    0.00    4.01 v input36/A (sky130_fd_sc_hd__buf_2)
                  0.20    0.37    4.38 v input36/X (sky130_fd_sc_hd__buf_2)
     6    0.04                           net36 (net)
                  0.20    0.01    4.38 v _2490_/A (inverter)
                  0.16    0.17    4.55 ^ _2490_/Y (inverter)
     5    0.02                           _1599_ (net)
                  0.16    0.00    4.55 ^ _2571_/B (Nand_gate)
                  0.09    0.11    4.66 v _2571_/Y (Nand_gate)
     4    0.01                           _1680_ (net)
                  0.09    0.00    4.66 v _2669_/B (Nor_gate)
                  0.23    0.20    4.86 ^ _2669_/Y (Nor_gate)
     3    0.01                           _1777_ (net)
                  0.23    0.00    4.86 ^ _2706_/A (sky130_fd_sc_hd__clkbuf_4)
                  0.30    0.52    5.38 ^ _2706_/X (sky130_fd_sc_hd__clkbuf_4)
    10    0.06                           _1813_ (net)
                  0.30    0.01    5.38 ^ _2969_/A (Nor_gate)
                  0.07    0.11    5.49 v _2969_/Y (Nor_gate)
     2    0.01                           _2072_ (net)
                  0.07    0.00    5.49 v _3033_/A (Nor_gate)
                  0.12    0.12    5.61 ^ _3033_/Y (Nor_gate)
     1    0.01                           _2135_ (net)
                  0.12    0.00    5.61 ^ _3034_/B (Xnor)
                  0.34    0.32    5.94 ^ _3034_/Y (Xnor)
     3    0.01                           _2136_ (net)
                  0.34    0.00    5.94 ^ _3035_/B (Xnor)
                  0.31    0.33    6.26 ^ _3035_/Y (Xnor)
     3    0.01                           _2137_ (net)
                  0.31    0.00    6.26 ^ _3083_/B (Nand_gate)
                  0.10    0.14    6.40 v _3083_/Y (Nand_gate)
     3    0.01                           _0014_ (net)
                  0.10    0.00    6.40 v _3084_/B (Nor_gate)
                  0.11    0.11    6.51 ^ _3084_/Y (Nor_gate)
     2    0.01                           _0015_ (net)
                  0.11    0.00    6.51 ^ _3218_/A (inverter)
                  0.03    0.03    6.55 v _3218_/Y (inverter)
     1    0.00                           _0160_ (net)
                  0.03    0.00    6.55 v _3219_/B (Nor_gate)
                  0.07    0.06    6.61 ^ _3219_/Y (Nor_gate)
     1    0.00                           _0161_ (net)
                  0.07    0.00    6.61 ^ _3223_/A (Nor_gate)
                  0.08    0.09    6.70 v _3223_/Y (Nor_gate)
     2    0.02                           _0165_ (net)
                  0.08    0.00    6.70 v _3225_/A (Nor_gate)
                  0.06    0.08    6.78 ^ _3225_/Y (Nor_gate)
     1    0.00                           _0167_ (net)
                  0.06    0.00    6.78 ^ _3226_/B (Nor_gate)
                  0.04    0.05    6.83 v _3226_/Y (Nor_gate)
     2    0.01                           _0168_ (net)
                  0.04    0.00    6.83 v _3228_/B (Nor_gate)
                  0.11    0.09    6.92 ^ _3228_/Y (Nor_gate)
     2    0.01                           _0171_ (net)
                  0.11    0.00    6.92 ^ _3229_/B (Nor_gate)
                  0.05    0.04    6.96 v _3229_/Y (Nor_gate)
     1    0.00                           _0172_ (net)
                  0.05    0.00    6.96 v _3230_/B (Nand_gate)
                  0.09    0.08    7.04 ^ _3230_/Y (Nand_gate)
     1    0.01                           _0173_ (net)
                  0.09    0.00    7.04 ^ _3267_/A (Nand_gate)
                  0.03    0.05    7.09 v _3267_/Y (Nand_gate)
     1    0.00                           _0213_ (net)
                  0.03    0.00    7.09 v _3268_/A (sky130_fd_sc_hd__clkbuf_2)
                  0.27    0.35    7.44 v _3268_/X (sky130_fd_sc_hd__clkbuf_2)
     3    0.04                           net70 (net)
                  0.27    0.00    7.45 v output70/A (sky130_fd_sc_hd__clkbuf_4)
                  0.14    0.44    7.89 v output70/X (sky130_fd_sc_hd__clkbuf_4)
     1    0.03                           result[10] (net)
                  0.14    0.00    7.89 v result[10] (out)
                                  7.89   data arrival time

                  0.00   20.00   20.00   clock clk (rise edge)
                          0.00   20.00   clock network delay (ideal)
                         -0.25   19.75   clock uncertainty
                          0.00   19.75   clock reconvergence pessimism
                         -4.00   15.75   output external delay
                                 15.75   data required time
-----------------------------------------------------------------------------
                                 15.75   data required time
                                 -7.89   data arrival time
-----------------------------------------------------------------------------
                                  7.86   slack (MET)


Startpoint: b[0] (input port clocked by clk)
Endpoint: result[0] (output port clocked by clk)
Path Group: clk
Path Type: max
Corner: Slowest

Fanout     Cap    Slew   Delay    Time   Description
-----------------------------------------------------------------------------
                  0.00    0.00    0.00   clock clk (rise edge)
                          0.00    0.00   clock network delay (ideal)
                          4.00    4.00 ^ input external delay
                  0.04    0.02    4.02 ^ b[0] (in)
     1    0.00                           b[0] (net)
                  0.04    0.00    4.02 ^ input37/A (sky130_fd_sc_hd__clkbuf_4)
                  0.25    0.38    4.40 ^ input37/X (sky130_fd_sc_hd__clkbuf_4)
    10    0.05                           net37 (net)
                  0.25    0.00    4.41 ^ _2324_/A (sky130_fd_sc_hd__clkbuf_4)
                  0.32    0.54    4.94 ^ _2324_/X (sky130_fd_sc_hd__clkbuf_4)
    10    0.07                           _1433_ (net)
                  0.32    0.00    4.95 ^ _2498_/A (sky130_fd_sc_hd__buf_4)
                  0.31    0.51    5.46 ^ _2498_/X (sky130_fd_sc_hd__buf_4)
    10    0.07                           _1607_ (net)
                  0.31    0.01    5.47 ^ _2499_/A (sky130_fd_sc_hd__clkbuf_4)
                  0.29    0.54    6.00 ^ _2499_/X (sky130_fd_sc_hd__clkbuf_4)
    10    0.06                           _1608_ (net)
                  0.29    0.00    6.01 ^ _2500_/S (Mux)
                  0.04    0.25    6.26 v _2500_/Y (Mux)
     1    0.00                           _1609_ (net)
                  0.04    0.00    6.26 v _2503_/A (Mux)
                  0.09    0.29    6.54 v _2503_/Y (Mux)
     2    0.01                           _1612_ (net)
                  0.09    0.00    6.55 v _2504_/B (Nor_gate)
                  0.08    0.08    6.63 ^ _2504_/Y (Nor_gate)
     1    0.00                           _1613_ (net)
                  0.08    0.00    6.63 ^ _2514_/A (Nor_gate)
                  0.03    0.04    6.67 v _2514_/Y (Nor_gate)
     1    0.00                           _1623_ (net)
                  0.03    0.00    6.67 v _2532_/A (Nor_gate)
                  0.10    0.10    6.77 ^ _2532_/Y (Nor_gate)
     1    0.00                           _1641_ (net)
                  0.10    0.00    6.77 ^ _2566_/A (Nor_gate)
                  0.04    0.06    6.83 v _2566_/Y (Nor_gate)
     1    0.01                           _1675_ (net)
                  0.04    0.00    6.83 v _2601_/A (Nor_gate)
                  0.19    0.17    7.00 ^ _2601_/Y (Nor_gate)
     1    0.01                           _1710_ (net)
                  0.19    0.00    7.00 ^ _2602_/B (Nand_gate)
                  0.05    0.07    7.07 v _2602_/Y (Nand_gate)
     1    0.00                           _1711_ (net)
                  0.05    0.00    7.07 v _2603_/A (sky130_fd_sc_hd__clkbuf_2)
                  0.25    0.35    7.42 v _2603_/X (sky130_fd_sc_hd__clkbuf_2)
     2    0.04                           net69 (net)
                  0.25    0.00    7.42 v output69/A (sky130_fd_sc_hd__clkbuf_4)
                  0.14    0.43    7.85 v output69/X (sky130_fd_sc_hd__clkbuf_4)
     1    0.03                           result[0] (net)
                  0.14    0.00    7.86 v result[0] (out)
                                  7.86   data arrival time

                  0.00   20.00   20.00   clock clk (rise edge)
                          0.00   20.00   clock network delay (ideal)
                         -0.25   19.75   clock uncertainty
                          0.00   19.75   clock reconvergence pessimism
                         -4.00   15.75   output external delay
                                 15.75   data required time
-----------------------------------------------------------------------------
                                 15.75   data required time
                                 -7.86   data arrival time
-----------------------------------------------------------------------------
                                  7.89   slack (MET)


Startpoint: alu_control[3] (input port clocked by clk)
Endpoint: result[9] (output port clocked by clk)
Path Group: clk
Path Type: max
Corner: Slowest

Fanout     Cap    Slew   Delay    Time   Description
-----------------------------------------------------------------------------
                  0.00    0.00    0.00   clock clk (rise edge)
                          0.00    0.00   clock network delay (ideal)
                          4.00    4.00 v input external delay
                  0.02    0.01    4.01 v alu_control[3] (in)
     1    0.00                           alu_control[3] (net)
                  0.02    0.00    4.01 v input36/A (sky130_fd_sc_hd__buf_2)
                  0.20    0.37    4.38 v input36/X (sky130_fd_sc_hd__buf_2)
     6    0.04                           net36 (net)
                  0.20    0.01    4.38 v _2490_/A (inverter)
                  0.16    0.17    4.55 ^ _2490_/Y (inverter)
     5    0.02                           _1599_ (net)
                  0.16    0.00    4.55 ^ _2571_/B (Nand_gate)
                  0.09    0.11    4.66 v _2571_/Y (Nand_gate)
     4    0.01                           _1680_ (net)
                  0.09    0.00    4.66 v _2669_/B (Nor_gate)
                  0.23    0.20    4.86 ^ _2669_/Y (Nor_gate)
     3    0.01                           _1777_ (net)
                  0.23    0.00    4.86 ^ _2706_/A (sky130_fd_sc_hd__clkbuf_4)
                  0.30    0.52    5.38 ^ _2706_/X (sky130_fd_sc_hd__clkbuf_4)
    10    0.06                           _1813_ (net)
                  0.30    0.01    5.38 ^ _2969_/A (Nor_gate)
                  0.07    0.11    5.49 v _2969_/Y (Nor_gate)
     2    0.01                           _2072_ (net)
                  0.07    0.00    5.49 v _3033_/A (Nor_gate)
                  0.12    0.12    5.61 ^ _3033_/Y (Nor_gate)
     1    0.01                           _2135_ (net)
                  0.12    0.00    5.61 ^ _3034_/B (Xnor)
                  0.34    0.32    5.94 ^ _3034_/Y (Xnor)
     3    0.01                           _2136_ (net)
                  0.34    0.00    5.94 ^ _3035_/B (Xnor)
                  0.31    0.33    6.26 ^ _3035_/Y (Xnor)
     3    0.01                           _2137_ (net)
                  0.31    0.00    6.26 ^ _3083_/B (Nand_gate)
                  0.10    0.14    6.40 v _3083_/Y (Nand_gate)
     3    0.01                           _0014_ (net)
                  0.10    0.00    6.40 v _3084_/B (Nor_gate)
                  0.11    0.11    6.51 ^ _3084_/Y (Nor_gate)
     2    0.01                           _0015_ (net)
                  0.11    0.00    6.51 ^ _3085_/B (Nand_gate)
                  0.04    0.05    6.57 v _3085_/Y (Nand_gate)
     1    0.00                           _0016_ (net)
                  0.04    0.00    6.57 v _3098_/A (Nand_gate)
                  0.16    0.13    6.70 ^ _3098_/Y (Nand_gate)
     3    0.02                           _0030_ (net)
                  0.16    0.00    6.70 ^ _3108_/A (Nand_gate)
                  0.06    0.08    6.78 v _3108_/Y (Nand_gate)
     2    0.01                           _0041_ (net)
                  0.06    0.00    6.78 v _3160_/B (Nand_gate)
                  0.06    0.06    6.84 ^ _3160_/Y (Nand_gate)
     2    0.01                           _0097_ (net)
                  0.06    0.00    6.84 ^ _3162_/B (Nand_gate)
                  0.04    0.04    6.88 v _3162_/Y (Nand_gate)
     1    0.00                           _0099_ (net)
                  0.04    0.00    6.88 v _3163_/B (Nand_gate)
                  0.06    0.04    6.92 ^ _3163_/Y (Nand_gate)
     1    0.00                           _0100_ (net)
                  0.06    0.00    6.92 ^ _3164_/B (Nor_gate)
                  0.03    0.04    6.96 v _3164_/Y (Nor_gate)
     1    0.01                           _0101_ (net)
                  0.03    0.00    6.96 v _3207_/A (Nor_gate)
                  0.40    0.32    7.28 ^ _3207_/Y (Nor_gate)
     2    0.03                           _0148_ (net)
                  0.40    0.00    7.29 ^ _3208_/A (inverter)
                  0.08    0.09    7.37 v _3208_/Y (inverter)
     1    0.01                           net100 (net)
                  0.08    0.00    7.37 v output100/A (sky130_fd_sc_hd__clkbuf_4)
                  0.14    0.35    7.72 v output100/X (sky130_fd_sc_hd__clkbuf_4)
     1    0.03                           result[9] (net)
                  0.14    0.00    7.72 v result[9] (out)
                                  7.72   data arrival time

                  0.00   20.00   20.00   clock clk (rise edge)
                          0.00   20.00   clock network delay (ideal)
                         -0.25   19.75   clock uncertainty
                          0.00   19.75   clock reconvergence pessimism
                         -4.00   15.75   output external delay
                                 15.75   data required time
-----------------------------------------------------------------------------
                                 15.75   data required time
                                 -7.72   data arrival time
-----------------------------------------------------------------------------
                                  8.03   slack (MET)


Startpoint: alu_control[3] (input port clocked by clk)
Endpoint: result[13] (output port clocked by clk)
Path Group: clk
Path Type: max
Corner: Slowest

Fanout     Cap    Slew   Delay    Time   Description
-----------------------------------------------------------------------------
                  0.00    0.00    0.00   clock clk (rise edge)
                          0.00    0.00   clock network delay (ideal)
                          4.00    4.00 v input external delay
                  0.02    0.01    4.01 v alu_control[3] (in)
     1    0.00                           alu_control[3] (net)
                  0.02    0.00    4.01 v input36/A (sky130_fd_sc_hd__buf_2)
                  0.20    0.37    4.38 v input36/X (sky130_fd_sc_hd__buf_2)
     6    0.04                           net36 (net)
                  0.20    0.01    4.38 v _2490_/A (inverter)
                  0.16    0.17    4.55 ^ _2490_/Y (inverter)
     5    0.02                           _1599_ (net)
                  0.16    0.00    4.55 ^ _2571_/B (Nand_gate)
                  0.09    0.11    4.66 v _2571_/Y (Nand_gate)
     4    0.01                           _1680_ (net)
                  0.09    0.00    4.66 v _2669_/B (Nor_gate)
                  0.23    0.20    4.86 ^ _2669_/Y (Nor_gate)
     3    0.01                           _1777_ (net)
                  0.23    0.00    4.86 ^ _2706_/A (sky130_fd_sc_hd__clkbuf_4)
                  0.30    0.52    5.38 ^ _2706_/X (sky130_fd_sc_hd__clkbuf_4)
    10    0.06                           _1813_ (net)
                  0.30    0.01    5.38 ^ _2969_/A (Nor_gate)
                  0.07    0.11    5.49 v _2969_/Y (Nor_gate)
     2    0.01                           _2072_ (net)
                  0.07    0.00    5.49 v _3033_/A (Nor_gate)
                  0.12    0.12    5.61 ^ _3033_/Y (Nor_gate)
     1    0.01                           _2135_ (net)
                  0.12    0.00    5.61 ^ _3034_/B (Xnor)
                  0.34    0.32    5.94 ^ _3034_/Y (Xnor)
     3    0.01                           _2136_ (net)
                  0.34    0.00    5.94 ^ _3035_/B (Xnor)
                  0.31    0.33    6.26 ^ _3035_/Y (Xnor)
     3    0.01                           _2137_ (net)
                  0.31    0.00    6.26 ^ _3083_/B (Nand_gate)
                  0.10    0.14    6.40 v _3083_/Y (Nand_gate)
     3    0.01                           _0014_ (net)
                  0.10    0.00    6.40 v _3084_/B (Nor_gate)
                  0.11    0.11    6.51 ^ _3084_/Y (Nor_gate)
     2    0.01                           _0015_ (net)
                  0.11    0.00    6.51 ^ _3085_/B (Nand_gate)
                  0.04    0.05    6.57 v _3085_/Y (Nand_gate)
     1    0.00                           _0016_ (net)
                  0.04    0.00    6.57 v _3098_/A (Nand_gate)
                  0.16    0.13    6.70 ^ _3098_/Y (Nand_gate)
     3    0.02                           _0030_ (net)
                  0.16    0.00    6.70 ^ _3342_/A (Nand_gate)
                  0.08    0.10    6.80 v _3342_/Y (Nand_gate)
     2    0.01                           _0294_ (net)
                  0.08    0.00    6.80 v _3354_/A (Nand_gate)
                  0.09    0.09    6.89 ^ _3354_/Y (Nand_gate)
     3    0.01                           _0307_ (net)
                  0.09    0.00    6.90 ^ _3355_/B (Nand_gate)
                  0.06    0.07    6.97 v _3355_/Y (Nand_gate)
     2    0.01                           _0308_ (net)
                  0.06    0.00    6.97 v _3405_/B (Nand_gate)
                  0.06    0.06    7.03 ^ _3405_/Y (Nand_gate)
     2    0.01                           _0362_ (net)
                  0.06    0.00    7.03 ^ _3407_/B (Nand_gate)
                  0.05    0.04    7.07 v _3407_/Y (Nand_gate)
     1    0.00                           _0364_ (net)
                  0.05    0.00    7.07 v _3408_/B (Nand_gate)
                  0.06    0.04    7.11 ^ _3408_/Y (Nand_gate)
     1    0.00                           _0366_ (net)
                  0.06    0.00    7.11 ^ _3409_/B (Nor_gate)
                  0.03    0.04    7.15 v _3409_/Y (Nor_gate)
     1    0.00                           _0367_ (net)
                  0.03    0.00    7.15 v _3452_/A (Nor_gate)
                  0.18    0.16    7.31 ^ _3452_/Y (Nor_gate)
     2    0.01                           _0414_ (net)
                  0.18    0.00    7.31 ^ _3453_/A (inverter)
                  0.04    0.05    7.36 v _3453_/Y (inverter)
     1    0.00                           net73 (net)
                  0.04    0.00    7.36 v output73/A (sky130_fd_sc_hd__clkbuf_4)
                  0.14    0.33    7.68 v output73/X (sky130_fd_sc_hd__clkbuf_4)
     1    0.03                           result[13] (net)
                  0.14    0.00    7.69 v result[13] (out)
                                  7.69   data arrival time

                  0.00   20.00   20.00   clock clk (rise edge)
                          0.00   20.00   clock network delay (ideal)
                         -0.25   19.75   clock uncertainty
                          0.00   19.75   clock reconvergence pessimism
                         -4.00   15.75   output external delay
                                 15.75   data required time
-----------------------------------------------------------------------------
                                 15.75   data required time
                                 -7.69   data arrival time
-----------------------------------------------------------------------------
                                  8.06   slack (MET)


Startpoint: alu_control[3] (input port clocked by clk)
Endpoint: result[6] (output port clocked by clk)
Path Group: clk
Path Type: max
Corner: Slowest

Fanout     Cap    Slew   Delay    Time   Description
-----------------------------------------------------------------------------
                  0.00    0.00    0.00   clock clk (rise edge)
                          0.00    0.00   clock network delay (ideal)
                          4.00    4.00 v input external delay
                  0.02    0.01    4.01 v alu_control[3] (in)
     1    0.00                           alu_control[3] (net)
                  0.02    0.00    4.01 v input36/A (sky130_fd_sc_hd__buf_2)
                  0.20    0.37    4.38 v input36/X (sky130_fd_sc_hd__buf_2)
     6    0.04                           net36 (net)
                  0.20    0.01    4.38 v _2490_/A (inverter)
                  0.16    0.17    4.55 ^ _2490_/Y (inverter)
     5    0.02                           _1599_ (net)
                  0.16    0.00    4.55 ^ _2571_/B (Nand_gate)
                  0.09    0.11    4.66 v _2571_/Y (Nand_gate)
     4    0.01                           _1680_ (net)
                  0.09    0.00    4.66 v _2669_/B (Nor_gate)
                  0.23    0.20    4.86 ^ _2669_/Y (Nor_gate)
     3    0.01                           _1777_ (net)
                  0.23    0.00    4.86 ^ _2706_/A (sky130_fd_sc_hd__clkbuf_4)
                  0.30    0.52    5.38 ^ _2706_/X (sky130_fd_sc_hd__clkbuf_4)
    10    0.06                           _1813_ (net)
                  0.30    0.00    5.38 ^ _2707_/B (Nor_gate)
                  0.11    0.09    5.48 v _2707_/Y (Nor_gate)
     1    0.01                           _1814_ (net)
                  0.11    0.00    5.48 v _2708_/B (Xnor)
                  0.25    0.12    5.60 ^ _2708_/Y (Xnor)
     2    0.01                           _1815_ (net)
                  0.25    0.00    5.60 ^ _2709_/B (Xnor)
                  0.38    0.37    5.96 ^ _2709_/Y (Xnor)
     4    0.01                           _1816_ (net)
                  0.38    0.00    5.97 ^ _2977_/A (inverter)
                  0.07    0.06    6.03 v _2977_/Y (inverter)
     1    0.00                           _2080_ (net)
                  0.07    0.00    6.03 v _2979_/A (Nand_gate)
                  0.04    0.05    6.08 ^ _2979_/Y (Nand_gate)
     1    0.00                           _2082_ (net)
                  0.04    0.00    6.08 ^ _2980_/B (Nor_gate)
                  0.04    0.03    6.11 v _2980_/Y (Nor_gate)
     1    0.00                           _2083_ (net)
                  0.04    0.00    6.11 v _2981_/A (Nor_gate)
                  0.19    0.17    6.29 ^ _2981_/Y (Nor_gate)
     2    0.01                           _2084_ (net)
                  0.19    0.00    6.29 ^ _2983_/A (Nor_gate)
                  0.04    0.06    6.35 v _2983_/Y (Nor_gate)
     1    0.00                           _2086_ (net)
                  0.04    0.00    6.35 v _2984_/B (Nor_gate)
                  0.14    0.12    6.47 ^ _2984_/Y (Nor_gate)
     2    0.01                           _2087_ (net)
                  0.14    0.00    6.47 ^ _2986_/B (Nor_gate)
                  0.06    0.06    6.53 v _2986_/Y (Nor_gate)
     2    0.01                           _2089_ (net)
                  0.06    0.00    6.53 v _2987_/B (Nor_gate)
                  0.09    0.08    6.61 ^ _2987_/Y (Nor_gate)
     1    0.00                           _2090_ (net)
                  0.09    0.00    6.61 ^ _2988_/B (Nand_gate)
                  0.08    0.09    6.70 v _2988_/Y (Nand_gate)
     1    0.01                           _2091_ (net)
                  0.08    0.00    6.70 v _3030_/A (Nand_gate)
                  0.04    0.05    6.75 ^ _3030_/Y (Nand_gate)
     1    0.00                           _2133_ (net)
                  0.04    0.00    6.75 ^ _3031_/A (sky130_fd_sc_hd__buf_1)
                  0.35    0.36    7.11 ^ _3031_/X (sky130_fd_sc_hd__buf_1)
     2    0.02                           net97 (net)
                  0.35    0.00    7.11 ^ output97/A (sky130_fd_sc_hd__clkbuf_4)
                  0.18    0.48    7.59 ^ output97/X (sky130_fd_sc_hd__clkbuf_4)
     1    0.03                           result[6] (net)
                  0.18    0.00    7.59 ^ result[6] (out)
                                  7.59   data arrival time

                  0.00   20.00   20.00   clock clk (rise edge)
                          0.00   20.00   clock network delay (ideal)
                         -0.25   19.75   clock uncertainty
                          0.00   19.75   clock reconvergence pessimism
                         -4.00   15.75   output external delay
                                 15.75   data required time
-----------------------------------------------------------------------------
                                 15.75   data required time
                                 -7.59   data arrival time
-----------------------------------------------------------------------------
                                  8.16   slack (MET)


Startpoint: b[2] (input port clocked by clk)
Endpoint: result[7] (output port clocked by clk)
Path Group: clk
Path Type: max
Corner: Slowest

Fanout     Cap    Slew   Delay    Time   Description
-----------------------------------------------------------------------------
                  0.00    0.00    0.00   clock clk (rise edge)
                          0.00    0.00   clock network delay (ideal)
                          4.00    4.00 v input external delay
                  0.02    0.01    4.01 v b[2] (in)
     1    0.00                           b[2] (net)
                  0.02    0.00    4.01 v input59/A (sky130_fd_sc_hd__buf_1)
                  0.12    0.20    4.21 v input59/X (sky130_fd_sc_hd__buf_1)
     2    0.01                           net59 (net)
                  0.12    0.00    4.21 v _2318_/A (inverter)
                  0.35    0.28    4.49 ^ _2318_/Y (inverter)
     5    0.04                           _1427_ (net)
                  0.35    0.01    4.50 ^ _2496_/A (sky130_fd_sc_hd__clkbuf_4)
                  0.23    0.51    5.01 ^ _2496_/X (sky130_fd_sc_hd__clkbuf_4)
    10    0.04                           _1605_ (net)
                  0.23    0.01    5.02 ^ _2497_/A (sky130_fd_sc_hd__clkbuf_4)
                  0.27    0.49    5.51 ^ _2497_/X (sky130_fd_sc_hd__clkbuf_4)
    10    0.05                           _1606_ (net)
                  0.27    0.00    5.51 ^ _2763_/A (sky130_fd_sc_hd__clkbuf_4)
                  0.29    0.52    6.03 ^ _2763_/X (sky130_fd_sc_hd__clkbuf_4)
    10    0.06                           _1870_ (net)
                  0.29    0.00    6.04 ^ _3056_/S (Mux)
                  0.11    0.32    6.36 v _3056_/Y (Mux)
     2    0.02                           _2158_ (net)
                  0.11    0.00    6.36 v _3057_/B (Nor_gate)
                  0.18    0.17    6.53 ^ _3057_/Y (Nor_gate)
     2    0.01                           _2159_ (net)
                  0.18    0.00    6.53 ^ _3063_/A (Nor_gate)
                  0.04    0.06    6.59 v _3063_/Y (Nor_gate)
     1    0.00                           _2165_ (net)
                  0.04    0.00    6.59 v _3064_/B (Nor_gate)
                  0.36    0.29    6.88 ^ _3064_/Y (Nor_gate)
     1    0.02                           _2166_ (net)
                  0.36    0.00    6.88 ^ _3078_/A (Nor_gate)
                  0.06    0.08    6.96 v _3078_/Y (Nor_gate)
     1    0.00                           _0010_ (net)
                  0.06    0.00    6.96 v _3079_/A (inverter)
                  0.03    0.04    7.00 ^ _3079_/Y (inverter)
     1    0.00                           _0011_ (net)
                  0.03    0.00    7.00 ^ _3080_/B (Nor_gate)
                  0.05    0.05    7.05 v _3080_/Y (Nor_gate)
     2    0.01                           _0012_ (net)
                  0.05    0.00    7.05 v _3081_/A (inverter)
                  0.17    0.14    7.19 ^ _3081_/Y (inverter)
     1    0.02                           net98 (net)
                  0.17    0.00    7.19 ^ output98/A (sky130_fd_sc_hd__clkbuf_4)
                  0.18    0.39    7.58 ^ output98/X (sky130_fd_sc_hd__clkbuf_4)
     1    0.03                           result[7] (net)
                  0.18    0.00    7.59 ^ result[7] (out)
                                  7.59   data arrival time

                  0.00   20.00   20.00   clock clk (rise edge)
                          0.00   20.00   clock network delay (ideal)
                         -0.25   19.75   clock uncertainty
                          0.00   19.75   clock reconvergence pessimism
                         -4.00   15.75   output external delay
                                 15.75   data required time
-----------------------------------------------------------------------------
                                 15.75   data required time
                                 -7.59   data arrival time
-----------------------------------------------------------------------------
                                  8.16   slack (MET)


Startpoint: b[0] (input port clocked by clk)
Endpoint: result[5] (output port clocked by clk)
Path Group: clk
Path Type: max
Corner: Slowest

Fanout     Cap    Slew   Delay    Time   Description
-----------------------------------------------------------------------------
                  0.00    0.00    0.00   clock clk (rise edge)
                          0.00    0.00   clock network delay (ideal)
                          4.00    4.00 ^ input external delay
                  0.04    0.02    4.02 ^ b[0] (in)
     1    0.00                           b[0] (net)
                  0.04    0.00    4.02 ^ input37/A (sky130_fd_sc_hd__clkbuf_4)
                  0.25    0.38    4.40 ^ input37/X (sky130_fd_sc_hd__clkbuf_4)
    10    0.05                           net37 (net)
                  0.25    0.00    4.41 ^ _2324_/A (sky130_fd_sc_hd__clkbuf_4)
                  0.32    0.54    4.94 ^ _2324_/X (sky130_fd_sc_hd__clkbuf_4)
    10    0.07                           _1433_ (net)
                  0.32    0.00    4.95 ^ _2498_/A (sky130_fd_sc_hd__buf_4)
                  0.31    0.51    5.46 ^ _2498_/X (sky130_fd_sc_hd__buf_4)
    10    0.07                           _1607_ (net)
                  0.31    0.01    5.47 ^ _2499_/A (sky130_fd_sc_hd__clkbuf_4)
                  0.29    0.54    6.00 ^ _2499_/X (sky130_fd_sc_hd__clkbuf_4)
    10    0.06                           _1608_ (net)
                  0.29    0.01    6.02 ^ _2646_/A (Nor_gate)
                  0.06    0.09    6.10 v _2646_/Y (Nor_gate)
     1    0.01                           _1754_ (net)
                  0.06    0.00    6.10 v _2647_/B (Nor_gate)
                  0.19    0.16    6.27 ^ _2647_/Y (Nor_gate)
     3    0.01                           _1755_ (net)
                  0.19    0.00    6.27 ^ _2930_/A (Nor_gate)
                  0.04    0.06    6.33 v _2930_/Y (Nor_gate)
     1    0.00                           _2034_ (net)
                  0.04    0.00    6.33 v _2931_/B (Nor_gate)
                  0.07    0.07    6.39 ^ _2931_/Y (Nor_gate)
     1    0.00                           _2035_ (net)
                  0.07    0.00    6.39 ^ _2932_/B (Nor_gate)
                  0.06    0.03    6.43 v _2932_/Y (Nor_gate)
     1    0.00                           _2036_ (net)
                  0.06    0.00    6.43 v _2939_/A (Nor_gate)
                  0.13    0.13    6.56 ^ _2939_/Y (Nor_gate)
     2    0.01                           _2043_ (net)
                  0.13    0.00    6.56 ^ _2940_/B (Nor_gate)
                  0.10    0.10    6.66 v _2940_/Y (Nor_gate)
     2    0.02                           _2044_ (net)
                  0.10    0.00    6.66 v _2963_/A (Nor_gate)
                  0.15    0.16    6.82 ^ _2963_/Y (Nor_gate)
     1    0.01                           _2067_ (net)
                  0.15    0.00    6.82 ^ _2964_/B (Nand_gate)
                  0.04    0.06    6.88 v _2964_/Y (Nand_gate)
     1    0.00                           _2068_ (net)
                  0.04    0.00    6.88 v _2965_/A (sky130_fd_sc_hd__buf_1)
                  0.19    0.27    7.15 v _2965_/X (sky130_fd_sc_hd__buf_1)
     2    0.02                           net96 (net)
                  0.19    0.00    7.15 v output96/A (sky130_fd_sc_hd__buf_2)
                  0.17    0.43    7.57 v output96/X (sky130_fd_sc_hd__buf_2)
     1    0.03                           result[5] (net)
                  0.17    0.00    7.58 v result[5] (out)
                                  7.58   data arrival time

                  0.00   20.00   20.00   clock clk (rise edge)
                          0.00   20.00   clock network delay (ideal)
                         -0.25   19.75   clock uncertainty
                          0.00   19.75   clock reconvergence pessimism
                         -4.00   15.75   output external delay
                                 15.75   data required time
-----------------------------------------------------------------------------
                                 15.75   data required time
                                 -7.58   data arrival time
-----------------------------------------------------------------------------
                                  8.17   slack (MET)


Startpoint: alu_control[3] (input port clocked by clk)
Endpoint: result[8] (output port clocked by clk)
Path Group: clk
Path Type: max
Corner: Slowest

Fanout     Cap    Slew   Delay    Time   Description
-----------------------------------------------------------------------------
                  0.00    0.00    0.00   clock clk (rise edge)
                          0.00    0.00   clock network delay (ideal)
                          4.00    4.00 v input external delay
                  0.02    0.01    4.01 v alu_control[3] (in)
     1    0.00                           alu_control[3] (net)
                  0.02    0.00    4.01 v input36/A (sky130_fd_sc_hd__buf_2)
                  0.20    0.37    4.38 v input36/X (sky130_fd_sc_hd__buf_2)
     6    0.04                           net36 (net)
                  0.20    0.01    4.38 v _2490_/A (inverter)
                  0.16    0.17    4.55 ^ _2490_/Y (inverter)
     5    0.02                           _1599_ (net)
                  0.16    0.00    4.55 ^ _2571_/B (Nand_gate)
                  0.09    0.11    4.66 v _2571_/Y (Nand_gate)
     4    0.01                           _1680_ (net)
                  0.09    0.00    4.66 v _2669_/B (Nor_gate)
                  0.23    0.20    4.86 ^ _2669_/Y (Nor_gate)
     3    0.01                           _1777_ (net)
                  0.23    0.00    4.86 ^ _2706_/A (sky130_fd_sc_hd__clkbuf_4)
                  0.30    0.52    5.38 ^ _2706_/X (sky130_fd_sc_hd__clkbuf_4)
    10    0.06                           _1813_ (net)
                  0.30    0.01    5.38 ^ _2969_/A (Nor_gate)
                  0.07    0.11    5.49 v _2969_/Y (Nor_gate)
     2    0.01                           _2072_ (net)
                  0.07    0.00    5.49 v _3033_/A (Nor_gate)
                  0.12    0.12    5.61 ^ _3033_/Y (Nor_gate)
     1    0.01                           _2135_ (net)
                  0.12    0.00    5.61 ^ _3034_/B (Xnor)
                  0.34    0.32    5.94 ^ _3034_/Y (Xnor)
     3    0.01                           _2136_ (net)
                  0.34    0.00    5.94 ^ _3035_/B (Xnor)
                  0.31    0.33    6.26 ^ _3035_/Y (Xnor)
     3    0.01                           _2137_ (net)
                  0.31    0.00    6.26 ^ _3083_/B (Nand_gate)
                  0.10    0.14    6.40 v _3083_/Y (Nand_gate)
     3    0.01                           _0014_ (net)
                  0.10    0.00    6.40 v _3084_/B (Nor_gate)
                  0.11    0.11    6.51 ^ _3084_/Y (Nor_gate)
     2    0.01                           _0015_ (net)
                  0.11    0.00    6.51 ^ _3085_/B (Nand_gate)
                  0.04    0.05    6.57 v _3085_/Y (Nand_gate)
     1    0.00                           _0016_ (net)
                  0.04    0.00    6.57 v _3098_/A (Nand_gate)
                  0.16    0.13    6.70 ^ _3098_/Y (Nand_gate)
     3    0.02                           _0030_ (net)
                  0.16    0.00    6.70 ^ _3110_/A (Nor_gate)
                  0.04    0.06    6.76 v _3110_/Y (Nor_gate)
     1    0.00                           _0043_ (net)
                  0.04    0.00    6.76 v _3111_/B (Nor_gate)
                  0.08    0.07    6.83 ^ _3111_/Y (Nor_gate)
     1    0.00                           _0044_ (net)
                  0.08    0.00    6.83 ^ _3112_/B (Nand_gate)
                  0.03    0.05    6.88 v _3112_/Y (Nand_gate)
     1    0.00                           _0045_ (net)
                  0.03    0.00    6.88 v _3150_/A (Nand_gate)
                  0.04    0.05    6.92 ^ _3150_/Y (Nand_gate)
     1    0.00                           _0087_ (net)
                  0.04    0.00    6.92 ^ _3151_/A (sky130_fd_sc_hd__buf_1)
                  0.16    0.21    7.14 ^ _3151_/X (sky130_fd_sc_hd__buf_1)
     2    0.01                           net99 (net)
                  0.16    0.00    7.14 ^ output99/A (sky130_fd_sc_hd__clkbuf_4)
                  0.18    0.39    7.52 ^ output99/X (sky130_fd_sc_hd__clkbuf_4)
     1    0.03                           result[8] (net)
                  0.18    0.00    7.53 ^ result[8] (out)
                                  7.53   data arrival time

                  0.00   20.00   20.00   clock clk (rise edge)
                          0.00   20.00   clock network delay (ideal)
                         -0.25   19.75   clock uncertainty
                          0.00   19.75   clock reconvergence pessimism
                         -4.00   15.75   output external delay
                                 15.75   data required time
-----------------------------------------------------------------------------
                                 15.75   data required time
                                 -7.53   data arrival time
-----------------------------------------------------------------------------
                                  8.22   slack (MET)


Startpoint: b[0] (input port clocked by clk)
Endpoint: result[1] (output port clocked by clk)
Path Group: clk
Path Type: max
Corner: Slowest

Fanout     Cap    Slew   Delay    Time   Description
-----------------------------------------------------------------------------
                  0.00    0.00    0.00   clock clk (rise edge)
                          0.00    0.00   clock network delay (ideal)
                          4.00    4.00 ^ input external delay
                  0.04    0.02    4.02 ^ b[0] (in)
     1    0.00                           b[0] (net)
                  0.04    0.00    4.02 ^ input37/A (sky130_fd_sc_hd__clkbuf_4)
                  0.25    0.38    4.40 ^ input37/X (sky130_fd_sc_hd__clkbuf_4)
    10    0.05                           net37 (net)
                  0.25    0.00    4.41 ^ _2324_/A (sky130_fd_sc_hd__clkbuf_4)
                  0.32    0.54    4.94 ^ _2324_/X (sky130_fd_sc_hd__clkbuf_4)
    10    0.07                           _1433_ (net)
                  0.32    0.00    4.95 ^ _2498_/A (sky130_fd_sc_hd__buf_4)
                  0.31    0.51    5.46 ^ _2498_/X (sky130_fd_sc_hd__buf_4)
    10    0.07                           _1607_ (net)
                  0.31    0.01    5.47 ^ _2499_/A (sky130_fd_sc_hd__clkbuf_4)
                  0.29    0.54    6.00 ^ _2499_/X (sky130_fd_sc_hd__clkbuf_4)
    10    0.06                           _1608_ (net)
                  0.29    0.01    6.02 ^ _2646_/A (Nor_gate)
                  0.06    0.09    6.10 v _2646_/Y (Nor_gate)
     1    0.01                           _1754_ (net)
                  0.06    0.00    6.10 v _2647_/B (Nor_gate)
                  0.19    0.16    6.27 ^ _2647_/Y (Nor_gate)
     3    0.01                           _1755_ (net)
                  0.19    0.00    6.27 ^ _2648_/B (Mux)
                  0.08    0.16    6.43 ^ _2648_/Y (Mux)
     2    0.01                           _1756_ (net)
                  0.08    0.00    6.43 ^ _2649_/A (inverter)
                  0.04    0.05    6.47 v _2649_/Y (inverter)
     1    0.01                           _1757_ (net)
                  0.04    0.00    6.47 v _2650_/B (Nand_gate)
                  0.06    0.04    6.51 ^ _2650_/Y (Nand_gate)
     1    0.00                           _1758_ (net)
                  0.06    0.00    6.51 ^ _2651_/B (Nand_gate)
                  0.07    0.07    6.59 v _2651_/Y (Nand_gate)
     2    0.01                           _1759_ (net)
                  0.07    0.00    6.59 v _2652_/B (Nand_gate)
                  0.07    0.06    6.65 ^ _2652_/Y (Nand_gate)
     1    0.01                           _1760_ (net)
                  0.07    0.00    6.65 ^ _2653_/B (Nand_gate)
                  0.03    0.05    6.69 v _2653_/Y (Nand_gate)
     1    0.00                           _1761_ (net)
                  0.03    0.00    6.69 v _2654_/A (inverter)
                  0.03    0.04    6.73 ^ _2654_/Y (inverter)
     1    0.00                           _1762_ (net)
                  0.03    0.00    6.73 ^ _2655_/B (Nor_gate)
                  0.09    0.05    6.78 v _2655_/Y (Nor_gate)
     1    0.01                           _1763_ (net)
                  0.09    0.00    6.78 v _2701_/A (Nor_gate)
                  0.30    0.26    7.04 ^ _2701_/Y (Nor_gate)
     2    0.02                           _1809_ (net)
                  0.30    0.00    7.04 ^ _2702_/A (inverter)
                  0.05    0.05    7.09 v _2702_/Y (inverter)
     1    0.00                           net80 (net)
                  0.05    0.00    7.09 v output80/A (sky130_fd_sc_hd__clkbuf_4)
                  0.14    0.33    7.42 v output80/X (sky130_fd_sc_hd__clkbuf_4)
     1    0.03                           result[1] (net)
                  0.14    0.00    7.43 v result[1] (out)
                                  7.43   data arrival time

                  0.00   20.00   20.00   clock clk (rise edge)
                          0.00   20.00   clock network delay (ideal)
                         -0.25   19.75   clock uncertainty
                          0.00   19.75   clock reconvergence pessimism
                         -4.00   15.75   output external delay
                                 15.75   data required time
-----------------------------------------------------------------------------
                                 15.75   data required time
                                 -7.43   data arrival time
-----------------------------------------------------------------------------
                                  8.32   slack (MET)


Startpoint: b[0] (input port clocked by clk)
Endpoint: result[3] (output port clocked by clk)
Path Group: clk
Path Type: max
Corner: Slowest

Fanout     Cap    Slew   Delay    Time   Description
-----------------------------------------------------------------------------
                  0.00    0.00    0.00   clock clk (rise edge)
                          0.00    0.00   clock network delay (ideal)
                          4.00    4.00 ^ input external delay
                  0.04    0.02    4.02 ^ b[0] (in)
     1    0.00                           b[0] (net)
                  0.04    0.00    4.02 ^ input37/A (sky130_fd_sc_hd__clkbuf_4)
                  0.25    0.38    4.40 ^ input37/X (sky130_fd_sc_hd__clkbuf_4)
    10    0.05                           net37 (net)
                  0.25    0.00    4.41 ^ _2324_/A (sky130_fd_sc_hd__clkbuf_4)
                  0.32    0.54    4.94 ^ _2324_/X (sky130_fd_sc_hd__clkbuf_4)
    10    0.07                           _1433_ (net)
                  0.32    0.00    4.95 ^ _2498_/A (sky130_fd_sc_hd__buf_4)
                  0.31    0.51    5.46 ^ _2498_/X (sky130_fd_sc_hd__buf_4)
    10    0.07                           _1607_ (net)
                  0.31    0.01    5.47 ^ _2686_/A (Nor_gate)
                  0.05    0.07    5.54 v _2686_/Y (Nor_gate)
     1    0.00                           _1794_ (net)
                  0.05    0.00    5.54 v _2687_/B (Nor_gate)
                  0.13    0.11    5.66 ^ _2687_/Y (Nor_gate)
     2    0.01                           _1795_ (net)
                  0.13    0.00    5.66 ^ _2688_/A (inverter)
                  0.04    0.05    5.71 v _2688_/Y (inverter)
     2    0.01                           _1796_ (net)
                  0.04    0.00    5.71 v _2833_/A (Mux)
                  0.09    0.28    6.00 v _2833_/Y (Mux)
     2    0.01                           _1939_ (net)
                  0.09    0.00    6.00 v _2834_/B (Nor_gate)
                  0.24    0.21    6.21 ^ _2834_/Y (Nor_gate)
     2    0.01                           _1940_ (net)
                  0.24    0.00    6.21 ^ _2835_/B (Nand_gate)
                  0.09    0.10    6.31 v _2835_/Y (Nand_gate)
     1    0.01                           _1941_ (net)
                  0.09    0.00    6.31 v _2847_/A (Nand_gate)
                  0.04    0.06    6.37 ^ _2847_/Y (Nand_gate)
     1    0.00                           _1953_ (net)
                  0.04    0.00    6.37 ^ _2848_/B (Nor_gate)
                  0.05    0.05    6.42 v _2848_/Y (Nor_gate)
     1    0.01                           _1954_ (net)
                  0.05    0.00    6.42 v _2849_/B (Nand_gate)
                  0.04    0.04    6.46 ^ _2849_/Y (Nand_gate)
     1    0.00                           _1955_ (net)
                  0.04    0.00    6.46 ^ _2850_/A (sky130_fd_sc_hd__buf_1)
                  0.35    0.35    6.82 ^ _2850_/X (sky130_fd_sc_hd__buf_1)
     2    0.02                           net94 (net)
                  0.35    0.00    6.82 ^ output94/A (sky130_fd_sc_hd__clkbuf_4)
                  0.18    0.48    7.29 ^ output94/X (sky130_fd_sc_hd__clkbuf_4)
     1    0.03                           result[3] (net)
                  0.18    0.00    7.30 ^ result[3] (out)
                                  7.30   data arrival time

                  0.00   20.00   20.00   clock clk (rise edge)
                          0.00   20.00   clock network delay (ideal)
                         -0.25   19.75   clock uncertainty
                          0.00   19.75   clock reconvergence pessimism
                         -4.00   15.75   output external delay
                                 15.75   data required time
-----------------------------------------------------------------------------
                                 15.75   data required time
                                 -7.30   data arrival time
-----------------------------------------------------------------------------
                                  8.45   slack (MET)


Startpoint: b[0] (input port clocked by clk)
Endpoint: result[2] (output port clocked by clk)
Path Group: clk
Path Type: max
Corner: Slowest

Fanout     Cap    Slew   Delay    Time   Description
-----------------------------------------------------------------------------
                  0.00    0.00    0.00   clock clk (rise edge)
                          0.00    0.00   clock network delay (ideal)
                          4.00    4.00 ^ input external delay
                  0.04    0.02    4.02 ^ b[0] (in)
     1    0.00                           b[0] (net)
                  0.04    0.00    4.02 ^ input37/A (sky130_fd_sc_hd__clkbuf_4)
                  0.25    0.38    4.40 ^ input37/X (sky130_fd_sc_hd__clkbuf_4)
    10    0.05                           net37 (net)
                  0.25    0.00    4.41 ^ _2324_/A (sky130_fd_sc_hd__clkbuf_4)
                  0.32    0.54    4.94 ^ _2324_/X (sky130_fd_sc_hd__clkbuf_4)
    10    0.07                           _1433_ (net)
                  0.32    0.00    4.95 ^ _2498_/A (sky130_fd_sc_hd__buf_4)
                  0.31    0.51    5.46 ^ _2498_/X (sky130_fd_sc_hd__buf_4)
    10    0.07                           _1607_ (net)
                  0.31    0.01    5.47 ^ _2732_/S (Mux)
                  0.04    0.25    5.72 v _2732_/Y (Mux)
     1    0.00                           _1839_ (net)
                  0.04    0.00    5.72 v _2734_/A (Mux)
                  0.08    0.27    5.99 v _2734_/Y (Mux)
     1    0.01                           _1841_ (net)
                  0.08    0.00    5.99 v _2738_/A (Mux)
                  0.10    0.30    6.30 v _2738_/Y (Mux)
     2    0.02                           _1845_ (net)
                  0.10    0.00    6.30 v _2739_/B (Nand_gate)
                  0.08    0.08    6.37 ^ _2739_/Y (Nand_gate)
     2    0.01                           _1846_ (net)
                  0.08    0.00    6.37 ^ _2740_/B (Nand_gate)
                  0.03    0.05    6.42 v _2740_/Y (Nand_gate)
     1    0.00                           _1847_ (net)
                  0.03    0.00    6.42 v _2741_/B (Nand_gate)
                  0.07    0.06    6.47 ^ _2741_/Y (Nand_gate)
     1    0.01                           _1848_ (net)
                  0.07    0.00    6.48 ^ _2742_/B (Nand_gate)
                  0.03    0.05    6.52 v _2742_/Y (Nand_gate)
     1    0.00                           _1849_ (net)
                  0.03    0.00    6.52 v _2743_/B (Nand_gate)
                  0.06    0.04    6.56 ^ _2743_/Y (Nand_gate)
     1    0.00                           _1850_ (net)
                  0.06    0.00    6.56 ^ _2780_/A (Nand_gate)
                  0.06    0.07    6.63 v _2780_/Y (Nand_gate)
     1    0.01                           _1887_ (net)
                  0.06    0.00    6.63 v _2781_/B (Nor_gate)
                  0.28    0.23    6.85 ^ _2781_/Y (Nor_gate)
     2    0.02                           _1888_ (net)
                  0.28    0.00    6.86 ^ _2782_/A (inverter)
                  0.05    0.05    6.90 v _2782_/Y (inverter)
     1    0.00                           net91 (net)
                  0.05    0.00    6.90 v output91/A (sky130_fd_sc_hd__clkbuf_4)
                  0.14    0.33    7.23 v output91/X (sky130_fd_sc_hd__clkbuf_4)
     1    0.03                           result[2] (net)
                  0.14    0.00    7.23 v result[2] (out)
                                  7.23   data arrival time

                  0.00   20.00   20.00   clock clk (rise edge)
                          0.00   20.00   clock network delay (ideal)
                         -0.25   19.75   clock uncertainty
                          0.00   19.75   clock reconvergence pessimism
                         -4.00   15.75   output external delay
                                 15.75   data required time
-----------------------------------------------------------------------------
                                 15.75   data required time
                                 -7.23   data arrival time
-----------------------------------------------------------------------------
                                  8.52   slack (MET)



======================= Typical Corner ===================================

Startpoint: b[0] (input port clocked by clk)
Endpoint: zero (output port clocked by clk)
Path Group: clk
Path Type: max
Corner: Typical

Fanout     Cap    Slew   Delay    Time   Description
-----------------------------------------------------------------------------
                  0.00    0.00    0.00   clock clk (rise edge)
                          0.00    0.00   clock network delay (ideal)
                          4.00    4.00 v input external delay
                  0.01    0.01    4.01 v b[0] (in)
     1    0.00                           b[0] (net)
                  0.01    0.00    4.01 v input37/A (sky130_fd_sc_hd__clkbuf_4)
                  0.11    0.20    4.20 v input37/X (sky130_fd_sc_hd__clkbuf_4)
    10    0.05                           net37 (net)
                  0.11    0.01    4.21 v _2331_/A (Nor_gate)
                  0.72    0.58    4.79 ^ _2331_/Y (Nor_gate)
     5    0.05                           _1440_ (net)
                  0.72    0.00    4.79 ^ _2590_/A (Nand_gate)
                  0.19    0.26    5.05 v _2590_/Y (Nand_gate)
     4    0.02                           _1699_ (net)
                  0.19    0.00    5.05 v _3101_/A (Nor_gate)
                  0.29    0.28    5.33 ^ _3101_/Y (Nor_gate)
     3    0.02                           _0033_ (net)
                  0.29    0.00    5.33 ^ _3331_/A (Nand_gate)
                  0.13    0.17    5.50 v _3331_/Y (Nand_gate)
     4    0.02                           _0282_ (net)
                  0.13    0.00    5.50 v _3583_/A (Nor_gate)
                  0.23    0.22    5.72 ^ _3583_/Y (Nor_gate)
     3    0.01                           _0555_ (net)
                  0.23    0.00    5.72 ^ _3773_/A (Nand_gate)
                  0.09    0.12    5.84 v _3773_/Y (Nand_gate)
     2    0.01                           _0760_ (net)
                  0.09    0.00    5.84 v _3872_/A (Nor_gate)
                  0.07    0.09    5.93 ^ _3872_/Y (Nor_gate)
     1    0.00                           _0867_ (net)
                  0.07    0.00    5.93 ^ _3873_/B (Nor_gate)
                  0.05    0.05    5.98 v _3873_/Y (Nor_gate)
     2    0.01                           _0868_ (net)
                  0.05    0.00    5.98 v _3922_/A (Nor_gate)
                  0.14    0.14    6.12 ^ _3922_/Y (Nor_gate)
     2    0.01                           _0921_ (net)
                  0.14    0.00    6.12 ^ _3923_/B (Xnor)
                  0.34    0.32    6.44 ^ _3923_/Y (Xnor)
     3    0.01                           _0922_ (net)
                  0.34    0.00    6.45 ^ _3924_/B (Xnor)
                  0.28    0.30    6.75 ^ _3924_/Y (Xnor)
     3    0.01                           _0923_ (net)
                  0.28    0.00    6.75 ^ _3959_/B (Nor_gate)
                  0.08    0.11    6.85 v _3959_/Y (Nor_gate)
     3    0.01                           _0961_ (net)
                  0.08    0.00    6.85 v _3964_/B (Nand_gate)
                  0.04    0.05    6.91 ^ _3964_/Y (Nand_gate)
     1    0.00                           _0966_ (net)
                  0.04    0.00    6.91 ^ _3970_/A (Nand_gate)
                  0.04    0.06    6.96 v _3970_/Y (Nand_gate)
     2    0.01                           _0973_ (net)
                  0.04    0.00    6.96 v _4080_/A (inverter)
                  0.03    0.04    7.00 ^ _4080_/Y (inverter)
     1    0.00                           _1092_ (net)
                  0.03    0.00    7.00 ^ _4081_/B (Nand_gate)
                  0.03    0.04    7.04 v _4081_/Y (Nand_gate)
     1    0.00                           _1093_ (net)
                  0.03    0.00    7.04 v _4082_/B (Nor_gate)
                  0.34    0.27    7.31 ^ _4082_/Y (Nor_gate)
     2    0.02                           _1094_ (net)
                  0.34    0.00    7.31 ^ _4167_/A (Nor_gate)
                  0.05    0.08    7.39 v _4167_/Y (Nor_gate)
     1    0.00                           _1185_ (net)
                  0.05    0.00    7.39 v _4176_/A (Nor_gate)
                  0.13    0.13    7.52 ^ _4176_/Y (Nor_gate)
     2    0.01                           _1195_ (net)
                  0.13    0.00    7.52 ^ _4183_/A (Nor_gate)
                  0.05    0.07    7.59 v _4183_/Y (Nor_gate)
     3    0.01                           _1203_ (net)
                  0.05    0.00    7.59 v _4265_/A (Nor_gate)
                  0.07    0.08    7.67 ^ _4265_/Y (Nor_gate)
     1    0.00                           _1291_ (net)
                  0.07    0.00    7.67 ^ _4266_/B (Nor_gate)
                  0.04    0.04    7.72 v _4266_/Y (Nor_gate)
     2    0.01                           _1292_ (net)
                  0.04    0.00    7.72 v _4267_/B (Nand_gate)
                  0.07    0.06    7.78 ^ _4267_/Y (Nand_gate)
     2    0.01                           _1293_ (net)
                  0.07    0.00    7.78 ^ _4302_/B (Nand_gate)
                  0.06    0.07    7.84 v _4302_/Y (Nand_gate)
     2    0.01                           _1331_ (net)
                  0.06    0.00    7.84 v _4307_/A (Nor_gate)
                  0.09    0.10    7.94 ^ _4307_/Y (Nor_gate)
     1    0.00                           _1336_ (net)
                  0.09    0.00    7.94 ^ _4308_/B (Nor_gate)
                  0.04    0.04    7.98 v _4308_/Y (Nor_gate)
     1    0.00                           _1338_ (net)
                  0.04    0.00    7.98 v _4309_/B (Nand_gate)
                  0.04    0.04    8.03 ^ _4309_/Y (Nand_gate)
     1    0.00                           _1339_ (net)
                  0.04    0.00    8.03 ^ _4337_/A (Nand_gate)
                  0.03    0.04    8.07 v _4337_/Y (Nand_gate)
     1    0.00                           _1369_ (net)
                  0.03    0.00    8.07 v _4338_/A (sky130_fd_sc_hd__dlymetal6s2s_1)
                  0.16    0.24    8.31 v _4338_/X (sky130_fd_sc_hd__dlymetal6s2s_1)
     2    0.03                           net93 (net)
                  0.16    0.00    8.31 v _4371_/A (Nor_gate)
                  0.07    0.10    8.42 ^ _4371_/Y (Nor_gate)
     1    0.00                           _1406_ (net)
                  0.07    0.00    8.42 ^ _4372_/A (sky130_fd_sc_hd__clkbuf_1)
                  0.05    0.09    8.51 ^ _4372_/X (sky130_fd_sc_hd__clkbuf_1)
     1    0.00                           net101 (net)
                  0.05    0.00    8.51 ^ output101/A (sky130_fd_sc_hd__buf_2)
                  0.17    0.21    8.72 ^ output101/X (sky130_fd_sc_hd__buf_2)
     1    0.03                           zero (net)
                  0.17    0.00    8.72 ^ zero (out)
                                  8.72   data arrival time

                  0.00   20.00   20.00   clock clk (rise edge)
                          0.00   20.00   clock network delay (ideal)
                         -0.25   19.75   clock uncertainty
                          0.00   19.75   clock reconvergence pessimism
                         -4.00   15.75   output external delay
                                 15.75   data required time
-----------------------------------------------------------------------------
                                 15.75   data required time
                                 -8.72   data arrival time
-----------------------------------------------------------------------------
                                  7.03   slack (MET)


Startpoint: b[0] (input port clocked by clk)
Endpoint: result[31] (output port clocked by clk)
Path Group: clk
Path Type: max
Corner: Typical

Fanout     Cap    Slew   Delay    Time   Description
-----------------------------------------------------------------------------
                  0.00    0.00    0.00   clock clk (rise edge)
                          0.00    0.00   clock network delay (ideal)
                          4.00    4.00 v input external delay
                  0.01    0.01    4.01 v b[0] (in)
     1    0.00                           b[0] (net)
                  0.01    0.00    4.01 v input37/A (sky130_fd_sc_hd__clkbuf_4)
                  0.11    0.20    4.20 v input37/X (sky130_fd_sc_hd__clkbuf_4)
    10    0.05                           net37 (net)
                  0.11    0.01    4.21 v _2331_/A (Nor_gate)
                  0.72    0.58    4.79 ^ _2331_/Y (Nor_gate)
     5    0.05                           _1440_ (net)
                  0.72    0.00    4.79 ^ _2590_/A (Nand_gate)
                  0.19    0.26    5.05 v _2590_/Y (Nand_gate)
     4    0.02                           _1699_ (net)
                  0.19    0.00    5.05 v _3101_/A (Nor_gate)
                  0.29    0.28    5.33 ^ _3101_/Y (Nor_gate)
     3    0.02                           _0033_ (net)
                  0.29    0.00    5.33 ^ _3331_/A (Nand_gate)
                  0.13    0.17    5.50 v _3331_/Y (Nand_gate)
     4    0.02                           _0282_ (net)
                  0.13    0.00    5.50 v _3583_/A (Nor_gate)
                  0.23    0.22    5.72 ^ _3583_/Y (Nor_gate)
     3    0.01                           _0555_ (net)
                  0.23    0.00    5.72 ^ _3773_/A (Nand_gate)
                  0.09    0.12    5.84 v _3773_/Y (Nand_gate)
     2    0.01                           _0760_ (net)
                  0.09    0.00    5.84 v _3872_/A (Nor_gate)
                  0.07    0.09    5.93 ^ _3872_/Y (Nor_gate)
     1    0.00                           _0867_ (net)
                  0.07    0.00    5.93 ^ _3873_/B (Nor_gate)
                  0.05    0.05    5.98 v _3873_/Y (Nor_gate)
     2    0.01                           _0868_ (net)
                  0.05    0.00    5.98 v _3922_/A (Nor_gate)
                  0.14    0.14    6.12 ^ _3922_/Y (Nor_gate)
     2    0.01                           _0921_ (net)
                  0.14    0.00    6.12 ^ _3923_/B (Xnor)
                  0.34    0.32    6.44 ^ _3923_/Y (Xnor)
     3    0.01                           _0922_ (net)
                  0.34    0.00    6.45 ^ _3924_/B (Xnor)
                  0.28    0.30    6.75 ^ _3924_/Y (Xnor)
     3    0.01                           _0923_ (net)
                  0.28    0.00    6.75 ^ _3959_/B (Nor_gate)
                  0.08    0.11    6.85 v _3959_/Y (Nor_gate)
     3    0.01                           _0961_ (net)
                  0.08    0.00    6.85 v _3964_/B (Nand_gate)
                  0.04    0.05    6.91 ^ _3964_/Y (Nand_gate)
     1    0.00                           _0966_ (net)
                  0.04    0.00    6.91 ^ _3970_/A (Nand_gate)
                  0.04    0.06    6.96 v _3970_/Y (Nand_gate)
     2    0.01                           _0973_ (net)
                  0.04    0.00    6.96 v _4080_/A (inverter)
                  0.03    0.04    7.00 ^ _4080_/Y (inverter)
     1    0.00                           _1092_ (net)
                  0.03    0.00    7.00 ^ _4081_/B (Nand_gate)
                  0.03    0.04    7.04 v _4081_/Y (Nand_gate)
     1    0.00                           _1093_ (net)
                  0.03    0.00    7.04 v _4082_/B (Nor_gate)
                  0.34    0.27    7.31 ^ _4082_/Y (Nor_gate)
     2    0.02                           _1094_ (net)
                  0.34    0.00    7.31 ^ _4167_/A (Nor_gate)
                  0.05    0.08    7.39 v _4167_/Y (Nor_gate)
     1    0.00                           _1185_ (net)
                  0.05    0.00    7.39 v _4176_/A (Nor_gate)
                  0.13    0.13    7.52 ^ _4176_/Y (Nor_gate)
     2    0.01                           _1195_ (net)
                  0.13    0.00    7.52 ^ _4183_/A (Nor_gate)
                  0.05    0.07    7.59 v _4183_/Y (Nor_gate)
     3    0.01                           _1203_ (net)
                  0.05    0.00    7.59 v _4265_/A (Nor_gate)
                  0.07    0.08    7.67 ^ _4265_/Y (Nor_gate)
     1    0.00                           _1291_ (net)
                  0.07    0.00    7.67 ^ _4266_/B (Nor_gate)
                  0.04    0.04    7.72 v _4266_/Y (Nor_gate)
     2    0.01                           _1292_ (net)
                  0.04    0.00    7.72 v _4267_/B (Nand_gate)
                  0.07    0.06    7.78 ^ _4267_/Y (Nand_gate)
     2    0.01                           _1293_ (net)
                  0.07    0.00    7.78 ^ _4302_/B (Nand_gate)
                  0.06    0.07    7.84 v _4302_/Y (Nand_gate)
     2    0.01                           _1331_ (net)
                  0.06    0.00    7.84 v _4306_/A (Nand_gate)
                  0.05    0.06    7.90 ^ _4306_/Y (Nand_gate)
     1    0.00                           _1335_ (net)
                  0.05    0.00    7.90 ^ _4309_/A (Nand_gate)
                  0.04    0.05    7.95 v _4309_/Y (Nand_gate)
     1    0.00                           _1339_ (net)
                  0.04    0.00    7.95 v _4337_/A (Nand_gate)
                  0.04    0.04    8.00 ^ _4337_/Y (Nand_gate)
     1    0.00                           _1369_ (net)
                  0.04    0.00    8.00 ^ _4338_/A (sky130_fd_sc_hd__dlymetal6s2s_1)
                  0.32    0.30    8.29 ^ _4338_/X (sky130_fd_sc_hd__dlymetal6s2s_1)
     2    0.03                           net93 (net)
                  0.32    0.00    8.29 ^ output93/A (sky130_fd_sc_hd__clkbuf_4)
                  0.12    0.29    8.58 ^ output93/X (sky130_fd_sc_hd__clkbuf_4)
     1    0.03                           result[31] (net)
                  0.12    0.00    8.59 ^ result[31] (out)
                                  8.59   data arrival time

                  0.00   20.00   20.00   clock clk (rise edge)
                          0.00   20.00   clock network delay (ideal)
                         -0.25   19.75   clock uncertainty
                          0.00   19.75   clock reconvergence pessimism
                         -4.00   15.75   output external delay
                                 15.75   data required time
-----------------------------------------------------------------------------
                                 15.75   data required time
                                 -8.59   data arrival time
-----------------------------------------------------------------------------
                                  7.16   slack (MET)


Startpoint: b[0] (input port clocked by clk)
Endpoint: result[29] (output port clocked by clk)
Path Group: clk
Path Type: max
Corner: Typical

Fanout     Cap    Slew   Delay    Time   Description
-----------------------------------------------------------------------------
                  0.00    0.00    0.00   clock clk (rise edge)
                          0.00    0.00   clock network delay (ideal)
                          4.00    4.00 v input external delay
                  0.01    0.01    4.01 v b[0] (in)
     1    0.00                           b[0] (net)
                  0.01    0.00    4.01 v input37/A (sky130_fd_sc_hd__clkbuf_4)
                  0.11    0.20    4.20 v input37/X (sky130_fd_sc_hd__clkbuf_4)
    10    0.05                           net37 (net)
                  0.11    0.01    4.21 v _2331_/A (Nor_gate)
                  0.72    0.58    4.79 ^ _2331_/Y (Nor_gate)
     5    0.05                           _1440_ (net)
                  0.72    0.00    4.79 ^ _2590_/A (Nand_gate)
                  0.19    0.26    5.05 v _2590_/Y (Nand_gate)
     4    0.02                           _1699_ (net)
                  0.19    0.00    5.05 v _3101_/A (Nor_gate)
                  0.29    0.28    5.33 ^ _3101_/Y (Nor_gate)
     3    0.02                           _0033_ (net)
                  0.29    0.00    5.33 ^ _3331_/A (Nand_gate)
                  0.13    0.17    5.50 v _3331_/Y (Nand_gate)
     4    0.02                           _0282_ (net)
                  0.13    0.00    5.50 v _3583_/A (Nor_gate)
                  0.23    0.22    5.72 ^ _3583_/Y (Nor_gate)
     3    0.01                           _0555_ (net)
                  0.23    0.00    5.72 ^ _3773_/A (Nand_gate)
                  0.09    0.12    5.84 v _3773_/Y (Nand_gate)
     2    0.01                           _0760_ (net)
                  0.09    0.00    5.84 v _3872_/A (Nor_gate)
                  0.07    0.09    5.93 ^ _3872_/Y (Nor_gate)
     1    0.00                           _0867_ (net)
                  0.07    0.00    5.93 ^ _3873_/B (Nor_gate)
                  0.05    0.05    5.98 v _3873_/Y (Nor_gate)
     2    0.01                           _0868_ (net)
                  0.05    0.00    5.98 v _3922_/A (Nor_gate)
                  0.14    0.14    6.12 ^ _3922_/Y (Nor_gate)
     2    0.01                           _0921_ (net)
                  0.14    0.00    6.12 ^ _3923_/B (Xnor)
                  0.34    0.32    6.44 ^ _3923_/Y (Xnor)
     3    0.01                           _0922_ (net)
                  0.34    0.00    6.45 ^ _3924_/B (Xnor)
                  0.28    0.30    6.75 ^ _3924_/Y (Xnor)
     3    0.01                           _0923_ (net)
                  0.28    0.00    6.75 ^ _3959_/B (Nor_gate)
                  0.08    0.11    6.85 v _3959_/Y (Nor_gate)
     3    0.01                           _0961_ (net)
                  0.08    0.00    6.85 v _3964_/B (Nand_gate)
                  0.04    0.05    6.91 ^ _3964_/Y (Nand_gate)
     1    0.00                           _0966_ (net)
                  0.04    0.00    6.91 ^ _3970_/A (Nand_gate)
                  0.04    0.06    6.96 v _3970_/Y (Nand_gate)
     2    0.01                           _0973_ (net)
                  0.04    0.00    6.96 v _4080_/A (inverter)
                  0.03    0.04    7.00 ^ _4080_/Y (inverter)
     1    0.00                           _1092_ (net)
                  0.03    0.00    7.00 ^ _4081_/B (Nand_gate)
                  0.03    0.04    7.04 v _4081_/Y (Nand_gate)
     1    0.00                           _1093_ (net)
                  0.03    0.00    7.04 v _4082_/B (Nor_gate)
                  0.34    0.27    7.31 ^ _4082_/Y (Nor_gate)
     2    0.02                           _1094_ (net)
                  0.34    0.00    7.31 ^ _4167_/A (Nor_gate)
                  0.05    0.08    7.39 v _4167_/Y (Nor_gate)
     1    0.00                           _1185_ (net)
                  0.05    0.00    7.39 v _4176_/A (Nor_gate)
                  0.13    0.13    7.52 ^ _4176_/Y (Nor_gate)
     2    0.01                           _1195_ (net)
                  0.13    0.00    7.52 ^ _4183_/A (Nor_gate)
                  0.05    0.07    7.59 v _4183_/Y (Nor_gate)
     3    0.01                           _1203_ (net)
                  0.05    0.00    7.59 v _4226_/B (Nor_gate)
                  0.11    0.10    7.69 ^ _4226_/Y (Nor_gate)
     2    0.01                           _1249_ (net)
                  0.11    0.00    7.70 ^ _4227_/B (Nor_gate)
                  0.03    0.04    7.74 v _4227_/Y (Nor_gate)
     1    0.00                           _1250_ (net)
                  0.03    0.00    7.74 v _4230_/A (Nor_gate)
                  0.09    0.09    7.83 ^ _4230_/Y (Nor_gate)
     1    0.00                           _1254_ (net)
                  0.09    0.00    7.83 ^ _4257_/A (Nor_gate)
                  0.04    0.05    7.88 v _4257_/Y (Nor_gate)
     2    0.01                           _1283_ (net)
                  0.04    0.00    7.88 v _4258_/A (inverter)
                  0.29    0.22    8.10 ^ _4258_/Y (inverter)
     1    0.04                           net90 (net)
                  0.29    0.01    8.10 ^ output90/A (sky130_fd_sc_hd__clkbuf_4)
                  0.11    0.28    8.39 ^ output90/X (sky130_fd_sc_hd__clkbuf_4)
     1    0.03                           result[29] (net)
                  0.11    0.00    8.39 ^ result[29] (out)
                                  8.39   data arrival time

                  0.00   20.00   20.00   clock clk (rise edge)
                          0.00   20.00   clock network delay (ideal)
                         -0.25   19.75   clock uncertainty
                          0.00   19.75   clock reconvergence pessimism
                         -4.00   15.75   output external delay
                                 15.75   data required time
-----------------------------------------------------------------------------
                                 15.75   data required time
                                 -8.39   data arrival time
-----------------------------------------------------------------------------
                                  7.36   slack (MET)


Startpoint: b[0] (input port clocked by clk)
Endpoint: result[26] (output port clocked by clk)
Path Group: clk
Path Type: max
Corner: Typical

Fanout     Cap    Slew   Delay    Time   Description
-----------------------------------------------------------------------------
                  0.00    0.00    0.00   clock clk (rise edge)
                          0.00    0.00   clock network delay (ideal)
                          4.00    4.00 v input external delay
                  0.01    0.01    4.01 v b[0] (in)
     1    0.00                           b[0] (net)
                  0.01    0.00    4.01 v input37/A (sky130_fd_sc_hd__clkbuf_4)
                  0.11    0.20    4.20 v input37/X (sky130_fd_sc_hd__clkbuf_4)
    10    0.05                           net37 (net)
                  0.11    0.01    4.21 v _2331_/A (Nor_gate)
                  0.72    0.58    4.79 ^ _2331_/Y (Nor_gate)
     5    0.05                           _1440_ (net)
                  0.72    0.00    4.79 ^ _2590_/A (Nand_gate)
                  0.19    0.26    5.05 v _2590_/Y (Nand_gate)
     4    0.02                           _1699_ (net)
                  0.19    0.00    5.05 v _3101_/A (Nor_gate)
                  0.29    0.28    5.33 ^ _3101_/Y (Nor_gate)
     3    0.02                           _0033_ (net)
                  0.29    0.00    5.33 ^ _3331_/A (Nand_gate)
                  0.13    0.17    5.50 v _3331_/Y (Nand_gate)
     4    0.02                           _0282_ (net)
                  0.13    0.00    5.50 v _3583_/A (Nor_gate)
                  0.23    0.22    5.72 ^ _3583_/Y (Nor_gate)
     3    0.01                           _0555_ (net)
                  0.23    0.00    5.72 ^ _3773_/A (Nand_gate)
                  0.09    0.12    5.84 v _3773_/Y (Nand_gate)
     2    0.01                           _0760_ (net)
                  0.09    0.00    5.84 v _3872_/A (Nor_gate)
                  0.07    0.09    5.93 ^ _3872_/Y (Nor_gate)
     1    0.00                           _0867_ (net)
                  0.07    0.00    5.93 ^ _3873_/B (Nor_gate)
                  0.05    0.05    5.98 v _3873_/Y (Nor_gate)
     2    0.01                           _0868_ (net)
                  0.05    0.00    5.98 v _3922_/A (Nor_gate)
                  0.14    0.14    6.12 ^ _3922_/Y (Nor_gate)
     2    0.01                           _0921_ (net)
                  0.14    0.00    6.12 ^ _3923_/B (Xnor)
                  0.34    0.32    6.44 ^ _3923_/Y (Xnor)
     3    0.01                           _0922_ (net)
                  0.34    0.00    6.45 ^ _3924_/B (Xnor)
                  0.28    0.30    6.75 ^ _3924_/Y (Xnor)
     3    0.01                           _0923_ (net)
                  0.28    0.00    6.75 ^ _3959_/B (Nor_gate)
                  0.08    0.11    6.85 v _3959_/Y (Nor_gate)
     3    0.01                           _0961_ (net)
                  0.08    0.00    6.85 v _3964_/B (Nand_gate)
                  0.04    0.05    6.91 ^ _3964_/Y (Nand_gate)
     1    0.00                           _0966_ (net)
                  0.04    0.00    6.91 ^ _3970_/A (Nand_gate)
                  0.04    0.06    6.96 v _3970_/Y (Nand_gate)
     2    0.01                           _0973_ (net)
                  0.04    0.00    6.96 v _4080_/A (inverter)
                  0.03    0.04    7.00 ^ _4080_/Y (inverter)
     1    0.00                           _1092_ (net)
                  0.03    0.00    7.00 ^ _4081_/B (Nand_gate)
                  0.03    0.04    7.04 v _4081_/Y (Nand_gate)
     1    0.00                           _1093_ (net)
                  0.03    0.00    7.04 v _4082_/B (Nor_gate)
                  0.34    0.27    7.31 ^ _4082_/Y (Nor_gate)
     2    0.02                           _1094_ (net)
                  0.34    0.00    7.31 ^ _4084_/A (Nor_gate)
                  0.05    0.07    7.38 v _4084_/Y (Nor_gate)
     1    0.00                           _1096_ (net)
                  0.05    0.00    7.39 v _4085_/B (Nor_gate)
                  0.14    0.12    7.51 ^ _4085_/Y (Nor_gate)
     2    0.01                           _1097_ (net)
                  0.14    0.00    7.51 ^ _4087_/B (Nand_gate)
                  0.05    0.06    7.56 v _4087_/Y (Nand_gate)
     1    0.00                           _1099_ (net)
                  0.05    0.00    7.56 v _4088_/B (Nand_gate)
                  0.05    0.04    7.60 ^ _4088_/Y (Nand_gate)
     1    0.00                           _1101_ (net)
                  0.05    0.00    7.60 ^ _4089_/B (Nor_gate)
                  0.03    0.03    7.63 v _4089_/Y (Nor_gate)
     1    0.00                           _1102_ (net)
                  0.03    0.00    7.64 v _4118_/A (Nor_gate)
                  0.25    0.21    7.85 ^ _4118_/Y (Nor_gate)
     2    0.01                           _1134_ (net)
                  0.25    0.00    7.85 ^ _4119_/A (inverter)
                  0.17    0.19    8.04 v _4119_/Y (inverter)
     1    0.04                           net87 (net)
                  0.17    0.01    8.04 v output87/A (sky130_fd_sc_hd__clkbuf_4)
                  0.08    0.25    8.30 v output87/X (sky130_fd_sc_hd__clkbuf_4)
     1    0.04                           result[26] (net)
                  0.08    0.00    8.30 v result[26] (out)
                                  8.30   data arrival time

                  0.00   20.00   20.00   clock clk (rise edge)
                          0.00   20.00   clock network delay (ideal)
                         -0.25   19.75   clock uncertainty
                          0.00   19.75   clock reconvergence pessimism
                         -4.00   15.75   output external delay
                                 15.75   data required time
-----------------------------------------------------------------------------
                                 15.75   data required time
                                 -8.30   data arrival time
-----------------------------------------------------------------------------
                                  7.45   slack (MET)


Startpoint: b[0] (input port clocked by clk)
Endpoint: result[30] (output port clocked by clk)
Path Group: clk
Path Type: max
Corner: Typical

Fanout     Cap    Slew   Delay    Time   Description
-----------------------------------------------------------------------------
                  0.00    0.00    0.00   clock clk (rise edge)
                          0.00    0.00   clock network delay (ideal)
                          4.00    4.00 v input external delay
                  0.01    0.01    4.01 v b[0] (in)
     1    0.00                           b[0] (net)
                  0.01    0.00    4.01 v input37/A (sky130_fd_sc_hd__clkbuf_4)
                  0.11    0.20    4.20 v input37/X (sky130_fd_sc_hd__clkbuf_4)
    10    0.05                           net37 (net)
                  0.11    0.01    4.21 v _2331_/A (Nor_gate)
                  0.72    0.58    4.79 ^ _2331_/Y (Nor_gate)
     5    0.05                           _1440_ (net)
                  0.72    0.00    4.79 ^ _2590_/A (Nand_gate)
                  0.19    0.26    5.05 v _2590_/Y (Nand_gate)
     4    0.02                           _1699_ (net)
                  0.19    0.00    5.05 v _3101_/A (Nor_gate)
                  0.29    0.28    5.33 ^ _3101_/Y (Nor_gate)
     3    0.02                           _0033_ (net)
                  0.29    0.00    5.33 ^ _3331_/A (Nand_gate)
                  0.13    0.17    5.50 v _3331_/Y (Nand_gate)
     4    0.02                           _0282_ (net)
                  0.13    0.00    5.50 v _3583_/A (Nor_gate)
                  0.23    0.22    5.72 ^ _3583_/Y (Nor_gate)
     3    0.01                           _0555_ (net)
                  0.23    0.00    5.72 ^ _3773_/A (Nand_gate)
                  0.09    0.12    5.84 v _3773_/Y (Nand_gate)
     2    0.01                           _0760_ (net)
                  0.09    0.00    5.84 v _3872_/A (Nor_gate)
                  0.07    0.09    5.93 ^ _3872_/Y (Nor_gate)
     1    0.00                           _0867_ (net)
                  0.07    0.00    5.93 ^ _3873_/B (Nor_gate)
                  0.05    0.05    5.98 v _3873_/Y (Nor_gate)
     2    0.01                           _0868_ (net)
                  0.05    0.00    5.98 v _3922_/A (Nor_gate)
                  0.14    0.14    6.12 ^ _3922_/Y (Nor_gate)
     2    0.01                           _0921_ (net)
                  0.14    0.00    6.12 ^ _3923_/B (Xnor)
                  0.34    0.32    6.44 ^ _3923_/Y (Xnor)
     3    0.01                           _0922_ (net)
                  0.34    0.00    6.45 ^ _3924_/B (Xnor)
                  0.28    0.30    6.75 ^ _3924_/Y (Xnor)
     3    0.01                           _0923_ (net)
                  0.28    0.00    6.75 ^ _3959_/B (Nor_gate)
                  0.08    0.11    6.85 v _3959_/Y (Nor_gate)
     3    0.01                           _0961_ (net)
                  0.08    0.00    6.85 v _3964_/B (Nand_gate)
                  0.04    0.05    6.91 ^ _3964_/Y (Nand_gate)
     1    0.00                           _0966_ (net)
                  0.04    0.00    6.91 ^ _3970_/A (Nand_gate)
                  0.04    0.06    6.96 v _3970_/Y (Nand_gate)
     2    0.01                           _0973_ (net)
                  0.04    0.00    6.96 v _4080_/A (inverter)
                  0.03    0.04    7.00 ^ _4080_/Y (inverter)
     1    0.00                           _1092_ (net)
                  0.03    0.00    7.00 ^ _4081_/B (Nand_gate)
                  0.03    0.04    7.04 v _4081_/Y (Nand_gate)
     1    0.00                           _1093_ (net)
                  0.03    0.00    7.04 v _4082_/B (Nor_gate)
                  0.34    0.27    7.31 ^ _4082_/Y (Nor_gate)
     2    0.02                           _1094_ (net)
                  0.34    0.00    7.31 ^ _4167_/A (Nor_gate)
                  0.05    0.08    7.39 v _4167_/Y (Nor_gate)
     1    0.00                           _1185_ (net)
                  0.05    0.00    7.39 v _4176_/A (Nor_gate)
                  0.13    0.13    7.52 ^ _4176_/Y (Nor_gate)
     2    0.01                           _1195_ (net)
                  0.13    0.00    7.52 ^ _4183_/A (Nor_gate)
                  0.05    0.07    7.59 v _4183_/Y (Nor_gate)
     3    0.01                           _1203_ (net)
                  0.05    0.00    7.59 v _4265_/A (Nor_gate)
                  0.07    0.08    7.67 ^ _4265_/Y (Nor_gate)
     1    0.00                           _1291_ (net)
                  0.07    0.00    7.67 ^ _4266_/B (Nor_gate)
                  0.04    0.04    7.72 v _4266_/Y (Nor_gate)
     2    0.01                           _1292_ (net)
                  0.04    0.00    7.72 v _4267_/B (Nand_gate)
                  0.07    0.06    7.78 ^ _4267_/Y (Nand_gate)
     2    0.01                           _1293_ (net)
                  0.07    0.00    7.78 ^ _4270_/A (Nand_gate)
                  0.04    0.05    7.83 v _4270_/Y (Nand_gate)
     1    0.00                           _1297_ (net)
                  0.04    0.00    7.83 v _4299_/A (Nand_gate)
                  0.04    0.04    7.87 ^ _4299_/Y (Nand_gate)
     1    0.00                           _1329_ (net)
                  0.04    0.00    7.87 ^ _4300_/A (sky130_fd_sc_hd__buf_1)
                  0.13    0.15    8.02 ^ _4300_/X (sky130_fd_sc_hd__buf_1)
     2    0.01                           net92 (net)
                  0.13    0.00    8.02 ^ output92/A (sky130_fd_sc_hd__clkbuf_4)
                  0.11    0.23    8.25 ^ output92/X (sky130_fd_sc_hd__clkbuf_4)
     1    0.03                           result[30] (net)
                  0.11    0.00    8.25 ^ result[30] (out)
                                  8.25   data arrival time

                  0.00   20.00   20.00   clock clk (rise edge)
                          0.00   20.00   clock network delay (ideal)
                         -0.25   19.75   clock uncertainty
                          0.00   19.75   clock reconvergence pessimism
                         -4.00   15.75   output external delay
                                 15.75   data required time
-----------------------------------------------------------------------------
                                 15.75   data required time
                                 -8.25   data arrival time
-----------------------------------------------------------------------------
                                  7.50   slack (MET)


Startpoint: b[0] (input port clocked by clk)
Endpoint: result[28] (output port clocked by clk)
Path Group: clk
Path Type: max
Corner: Typical

Fanout     Cap    Slew   Delay    Time   Description
-----------------------------------------------------------------------------
                  0.00    0.00    0.00   clock clk (rise edge)
                          0.00    0.00   clock network delay (ideal)
                          4.00    4.00 v input external delay
                  0.01    0.01    4.01 v b[0] (in)
     1    0.00                           b[0] (net)
                  0.01    0.00    4.01 v input37/A (sky130_fd_sc_hd__clkbuf_4)
                  0.11    0.20    4.20 v input37/X (sky130_fd_sc_hd__clkbuf_4)
    10    0.05                           net37 (net)
                  0.11    0.01    4.21 v _2331_/A (Nor_gate)
                  0.72    0.58    4.79 ^ _2331_/Y (Nor_gate)
     5    0.05                           _1440_ (net)
                  0.72    0.00    4.79 ^ _2590_/A (Nand_gate)
                  0.19    0.26    5.05 v _2590_/Y (Nand_gate)
     4    0.02                           _1699_ (net)
                  0.19    0.00    5.05 v _3101_/A (Nor_gate)
                  0.29    0.28    5.33 ^ _3101_/Y (Nor_gate)
     3    0.02                           _0033_ (net)
                  0.29    0.00    5.33 ^ _3331_/A (Nand_gate)
                  0.13    0.17    5.50 v _3331_/Y (Nand_gate)
     4    0.02                           _0282_ (net)
                  0.13    0.00    5.50 v _3583_/A (Nor_gate)
                  0.23    0.22    5.72 ^ _3583_/Y (Nor_gate)
     3    0.01                           _0555_ (net)
                  0.23    0.00    5.72 ^ _3773_/A (Nand_gate)
                  0.09    0.12    5.84 v _3773_/Y (Nand_gate)
     2    0.01                           _0760_ (net)
                  0.09    0.00    5.84 v _3872_/A (Nor_gate)
                  0.07    0.09    5.93 ^ _3872_/Y (Nor_gate)
     1    0.00                           _0867_ (net)
                  0.07    0.00    5.93 ^ _3873_/B (Nor_gate)
                  0.05    0.05    5.98 v _3873_/Y (Nor_gate)
     2    0.01                           _0868_ (net)
                  0.05    0.00    5.98 v _3922_/A (Nor_gate)
                  0.14    0.14    6.12 ^ _3922_/Y (Nor_gate)
     2    0.01                           _0921_ (net)
                  0.14    0.00    6.12 ^ _3923_/B (Xnor)
                  0.34    0.32    6.44 ^ _3923_/Y (Xnor)
     3    0.01                           _0922_ (net)
                  0.34    0.00    6.45 ^ _3924_/B (Xnor)
                  0.28    0.30    6.75 ^ _3924_/Y (Xnor)
     3    0.01                           _0923_ (net)
                  0.28    0.00    6.75 ^ _3959_/B (Nor_gate)
                  0.08    0.11    6.85 v _3959_/Y (Nor_gate)
     3    0.01                           _0961_ (net)
                  0.08    0.00    6.85 v _3964_/B (Nand_gate)
                  0.04    0.05    6.91 ^ _3964_/Y (Nand_gate)
     1    0.00                           _0966_ (net)
                  0.04    0.00    6.91 ^ _3970_/A (Nand_gate)
                  0.04    0.06    6.96 v _3970_/Y (Nand_gate)
     2    0.01                           _0973_ (net)
                  0.04    0.00    6.96 v _4080_/A (inverter)
                  0.03    0.04    7.00 ^ _4080_/Y (inverter)
     1    0.00                           _1092_ (net)
                  0.03    0.00    7.00 ^ _4081_/B (Nand_gate)
                  0.03    0.04    7.04 v _4081_/Y (Nand_gate)
     1    0.00                           _1093_ (net)
                  0.03    0.00    7.04 v _4082_/B (Nor_gate)
                  0.34    0.27    7.31 ^ _4082_/Y (Nor_gate)
     2    0.02                           _1094_ (net)
                  0.34    0.00    7.31 ^ _4167_/A (Nor_gate)
                  0.05    0.08    7.39 v _4167_/Y (Nor_gate)
     1    0.00                           _1185_ (net)
                  0.05    0.00    7.39 v _4176_/A (Nor_gate)
                  0.13    0.13    7.52 ^ _4176_/Y (Nor_gate)
     2    0.01                           _1195_ (net)
                  0.13    0.00    7.52 ^ _4183_/A (Nor_gate)
                  0.05    0.07    7.59 v _4183_/Y (Nor_gate)
     3    0.01                           _1203_ (net)
                  0.05    0.00    7.59 v _4184_/B (Nor_gate)
                  0.08    0.07    7.66 ^ _4184_/Y (Nor_gate)
     1    0.00                           _1204_ (net)
                  0.08    0.00    7.66 ^ _4185_/B (Nand_gate)
                  0.03    0.05    7.71 v _4185_/Y (Nand_gate)
     1    0.00                           _1205_ (net)
                  0.03    0.00    7.71 v _4216_/A (Nand_gate)
                  0.04    0.04    7.75 ^ _4216_/Y (Nand_gate)
     1    0.00                           _1239_ (net)
                  0.04    0.00    7.75 ^ _4217_/A (sky130_fd_sc_hd__clkbuf_2)
                  0.19    0.21    7.97 ^ _4217_/X (sky130_fd_sc_hd__clkbuf_2)
     2    0.03                           net89 (net)
                  0.19    0.01    7.97 ^ output89/A (sky130_fd_sc_hd__clkbuf_4)
                  0.11    0.25    8.22 ^ output89/X (sky130_fd_sc_hd__clkbuf_4)
     1    0.03                           result[28] (net)
                  0.11    0.00    8.22 ^ result[28] (out)
                                  8.22   data arrival time

                  0.00   20.00   20.00   clock clk (rise edge)
                          0.00   20.00   clock network delay (ideal)
                         -0.25   19.75   clock uncertainty
                          0.00   19.75   clock reconvergence pessimism
                         -4.00   15.75   output external delay
                                 15.75   data required time
-----------------------------------------------------------------------------
                                 15.75   data required time
                                 -8.22   data arrival time
-----------------------------------------------------------------------------
                                  7.53   slack (MET)


Startpoint: b[0] (input port clocked by clk)
Endpoint: result[27] (output port clocked by clk)
Path Group: clk
Path Type: max
Corner: Typical

Fanout     Cap    Slew   Delay    Time   Description
-----------------------------------------------------------------------------
                  0.00    0.00    0.00   clock clk (rise edge)
                          0.00    0.00   clock network delay (ideal)
                          4.00    4.00 v input external delay
                  0.01    0.01    4.01 v b[0] (in)
     1    0.00                           b[0] (net)
                  0.01    0.00    4.01 v input37/A (sky130_fd_sc_hd__clkbuf_4)
                  0.11    0.20    4.20 v input37/X (sky130_fd_sc_hd__clkbuf_4)
    10    0.05                           net37 (net)
                  0.11    0.01    4.21 v _2331_/A (Nor_gate)
                  0.72    0.58    4.79 ^ _2331_/Y (Nor_gate)
     5    0.05                           _1440_ (net)
                  0.72    0.00    4.79 ^ _2590_/A (Nand_gate)
                  0.19    0.26    5.05 v _2590_/Y (Nand_gate)
     4    0.02                           _1699_ (net)
                  0.19    0.00    5.05 v _3101_/A (Nor_gate)
                  0.29    0.28    5.33 ^ _3101_/Y (Nor_gate)
     3    0.02                           _0033_ (net)
                  0.29    0.00    5.33 ^ _3331_/A (Nand_gate)
                  0.13    0.17    5.50 v _3331_/Y (Nand_gate)
     4    0.02                           _0282_ (net)
                  0.13    0.00    5.50 v _3583_/A (Nor_gate)
                  0.23    0.22    5.72 ^ _3583_/Y (Nor_gate)
     3    0.01                           _0555_ (net)
                  0.23    0.00    5.72 ^ _3773_/A (Nand_gate)
                  0.09    0.12    5.84 v _3773_/Y (Nand_gate)
     2    0.01                           _0760_ (net)
                  0.09    0.00    5.84 v _3872_/A (Nor_gate)
                  0.07    0.09    5.93 ^ _3872_/Y (Nor_gate)
     1    0.00                           _0867_ (net)
                  0.07    0.00    5.93 ^ _3873_/B (Nor_gate)
                  0.05    0.05    5.98 v _3873_/Y (Nor_gate)
     2    0.01                           _0868_ (net)
                  0.05    0.00    5.98 v _3922_/A (Nor_gate)
                  0.14    0.14    6.12 ^ _3922_/Y (Nor_gate)
     2    0.01                           _0921_ (net)
                  0.14    0.00    6.12 ^ _3923_/B (Xnor)
                  0.34    0.32    6.44 ^ _3923_/Y (Xnor)
     3    0.01                           _0922_ (net)
                  0.34    0.00    6.45 ^ _3924_/B (Xnor)
                  0.28    0.30    6.75 ^ _3924_/Y (Xnor)
     3    0.01                           _0923_ (net)
                  0.28    0.00    6.75 ^ _3959_/B (Nor_gate)
                  0.08    0.11    6.85 v _3959_/Y (Nor_gate)
     3    0.01                           _0961_ (net)
                  0.08    0.00    6.85 v _3964_/B (Nand_gate)
                  0.04    0.05    6.91 ^ _3964_/Y (Nand_gate)
     1    0.00                           _0966_ (net)
                  0.04    0.00    6.91 ^ _3970_/A (Nand_gate)
                  0.04    0.06    6.96 v _3970_/Y (Nand_gate)
     2    0.01                           _0973_ (net)
                  0.04    0.00    6.96 v _4080_/A (inverter)
                  0.03    0.04    7.00 ^ _4080_/Y (inverter)
     1    0.00                           _1092_ (net)
                  0.03    0.00    7.00 ^ _4081_/B (Nand_gate)
                  0.03    0.04    7.04 v _4081_/Y (Nand_gate)
     1    0.00                           _1093_ (net)
                  0.03    0.00    7.04 v _4082_/B (Nor_gate)
                  0.34    0.27    7.31 ^ _4082_/Y (Nor_gate)
     2    0.02                           _1094_ (net)
                  0.34    0.00    7.31 ^ _4084_/A (Nor_gate)
                  0.05    0.07    7.38 v _4084_/Y (Nor_gate)
     1    0.00                           _1096_ (net)
                  0.05    0.00    7.39 v _4085_/B (Nor_gate)
                  0.14    0.12    7.51 ^ _4085_/Y (Nor_gate)
     2    0.01                           _1097_ (net)
                  0.14    0.00    7.51 ^ _4086_/B (Nor_gate)
                  0.06    0.06    7.57 v _4086_/Y (Nor_gate)
     2    0.01                           _1098_ (net)
                  0.06    0.00    7.57 v _4125_/B (Nor_gate)
                  0.10    0.10    7.67 ^ _4125_/Y (Nor_gate)
     2    0.01                           _1140_ (net)
                  0.10    0.00    7.67 ^ _4127_/B (Nand_gate)
                  0.05    0.05    7.72 v _4127_/Y (Nand_gate)
     1    0.00                           _1142_ (net)
                  0.05    0.00    7.72 v _4128_/B (Nand_gate)
                  0.05    0.04    7.76 ^ _4128_/Y (Nand_gate)
     1    0.00                           _1144_ (net)
                  0.05    0.00    7.76 ^ _4129_/B (Nor_gate)
                  0.03    0.03    7.80 v _4129_/Y (Nor_gate)
     1    0.00                           _1145_ (net)
                  0.03    0.00    7.80 v _4160_/A (Nor_gate)
                  0.20    0.18    7.97 ^ _4160_/Y (Nor_gate)
     2    0.01                           _1179_ (net)
                  0.20    0.00    7.97 ^ _4161_/A (inverter)
                  0.04    0.05    8.02 v _4161_/Y (inverter)
     1    0.00                           net88 (net)
                  0.04    0.00    8.02 v output88/A (sky130_fd_sc_hd__buf_2)
                  0.09    0.19    8.21 v output88/X (sky130_fd_sc_hd__buf_2)
     1    0.03                           result[27] (net)
                  0.09    0.00    8.21 v result[27] (out)
                                  8.21   data arrival time

                  0.00   20.00   20.00   clock clk (rise edge)
                          0.00   20.00   clock network delay (ideal)
                         -0.25   19.75   clock uncertainty
                          0.00   19.75   clock reconvergence pessimism
                         -4.00   15.75   output external delay
                                 15.75   data required time
-----------------------------------------------------------------------------
                                 15.75   data required time
                                 -8.21   data arrival time
-----------------------------------------------------------------------------
                                  7.54   slack (MET)


Startpoint: b[0] (input port clocked by clk)
Endpoint: result[19] (output port clocked by clk)
Path Group: clk
Path Type: max
Corner: Typical

Fanout     Cap    Slew   Delay    Time   Description
-----------------------------------------------------------------------------
                  0.00    0.00    0.00   clock clk (rise edge)
                          0.00    0.00   clock network delay (ideal)
                          4.00    4.00 v input external delay
                  0.01    0.01    4.01 v b[0] (in)
     1    0.00                           b[0] (net)
                  0.01    0.00    4.01 v input37/A (sky130_fd_sc_hd__clkbuf_4)
                  0.11    0.20    4.20 v input37/X (sky130_fd_sc_hd__clkbuf_4)
    10    0.05                           net37 (net)
                  0.11    0.01    4.21 v _2331_/A (Nor_gate)
                  0.72    0.58    4.79 ^ _2331_/Y (Nor_gate)
     5    0.05                           _1440_ (net)
                  0.72    0.00    4.79 ^ _2590_/A (Nand_gate)
                  0.19    0.26    5.05 v _2590_/Y (Nand_gate)
     4    0.02                           _1699_ (net)
                  0.19    0.00    5.05 v _3101_/A (Nor_gate)
                  0.29    0.28    5.33 ^ _3101_/Y (Nor_gate)
     3    0.02                           _0033_ (net)
                  0.29    0.00    5.33 ^ _3331_/A (Nand_gate)
                  0.13    0.17    5.50 v _3331_/Y (Nand_gate)
     4    0.02                           _0282_ (net)
                  0.13    0.00    5.50 v _3456_/A (Nor_gate)
                  0.07    0.09    5.59 ^ _3456_/Y (Nor_gate)
     1    0.00                           _0417_ (net)
                  0.07    0.00    5.59 ^ _3457_/B (Nor_gate)
                  0.05    0.05    5.64 v _3457_/Y (Nor_gate)
     2    0.01                           _0418_ (net)
                  0.05    0.00    5.64 v _3513_/A (Nor_gate)
                  0.10    0.11    5.75 ^ _3513_/Y (Nor_gate)
     1    0.00                           _0479_ (net)
                  0.10    0.00    5.75 ^ _3514_/B (Xnor)
                  0.32    0.30    6.05 ^ _3514_/Y (Xnor)
     3    0.01                           _0480_ (net)
                  0.32    0.00    6.05 ^ _3515_/B (Xnor)
                  0.39    0.38    6.44 ^ _3515_/Y (Xnor)
     4    0.01                           _0481_ (net)
                  0.39    0.00    6.44 ^ _3567_/A (inverter)
                  0.07    0.06    6.50 v _3567_/Y (inverter)
     1    0.00                           _0537_ (net)
                  0.07    0.00    6.50 v _3568_/B (Nor_gate)
                  0.15    0.13    6.63 ^ _3568_/Y (Nor_gate)
     2    0.01                           _0539_ (net)
                  0.15    0.00    6.63 ^ _3569_/B (Nand_gate)
                  0.06    0.08    6.71 v _3569_/Y (Nand_gate)
     2    0.01                           _0540_ (net)
                  0.06    0.00    6.71 v _3679_/B (Nor_gate)
                  0.10    0.10    6.80 ^ _3679_/Y (Nor_gate)
     1    0.01                           _0659_ (net)
                  0.10    0.00    6.80 ^ _3690_/A (Nor_gate)
                  0.11    0.11    6.92 v _3690_/Y (Nor_gate)
     3    0.02                           _0671_ (net)
                  0.11    0.00    6.92 v _3692_/A (Nor_gate)
                  0.07    0.09    7.01 ^ _3692_/Y (Nor_gate)
     1    0.00                           _0673_ (net)
                  0.07    0.00    7.01 ^ _3693_/B (Nor_gate)
                  0.04    0.05    7.05 v _3693_/Y (Nor_gate)
     2    0.01                           _0674_ (net)
                  0.04    0.00    7.05 v _3694_/B (Nor_gate)
                  0.12    0.10    7.16 ^ _3694_/Y (Nor_gate)
     2    0.01                           _0675_ (net)
                  0.12    0.00    7.16 ^ _3735_/B (Nor_gate)
                  0.04    0.06    7.21 v _3735_/Y (Nor_gate)
     2    0.01                           _0719_ (net)
                  0.04    0.00    7.21 v _3737_/B (Nand_gate)
                  0.05    0.05    7.26 ^ _3737_/Y (Nand_gate)
     1    0.00                           _0721_ (net)
                  0.05    0.00    7.26 ^ _3738_/B (Nand_gate)
                  0.04    0.04    7.30 v _3738_/Y (Nand_gate)
     1    0.00                           _0723_ (net)
                  0.04    0.00    7.30 v _3739_/B (Nor_gate)
                  0.12    0.11    7.41 ^ _3739_/Y (Nor_gate)
     1    0.01                           _0724_ (net)
                  0.12    0.00    7.41 ^ _3768_/A (Nor_gate)
                  0.07    0.09    7.50 v _3768_/Y (Nor_gate)
     2    0.01                           _0756_ (net)
                  0.07    0.00    7.50 v _3769_/A (inverter)
                  0.32    0.25    7.75 ^ _3769_/Y (inverter)
     1    0.04                           net79 (net)
                  0.32    0.00    7.76 ^ output79/A (sky130_fd_sc_hd__clkbuf_4)
                  0.12    0.29    8.05 ^ output79/X (sky130_fd_sc_hd__clkbuf_4)
     1    0.03                           result[19] (net)
                  0.12    0.00    8.05 ^ result[19] (out)
                                  8.05   data arrival time

                  0.00   20.00   20.00   clock clk (rise edge)
                          0.00   20.00   clock network delay (ideal)
                         -0.25   19.75   clock uncertainty
                          0.00   19.75   clock reconvergence pessimism
                         -4.00   15.75   output external delay
                                 15.75   data required time
-----------------------------------------------------------------------------
                                 15.75   data required time
                                 -8.05   data arrival time
-----------------------------------------------------------------------------
                                  7.70   slack (MET)


Startpoint: b[0] (input port clocked by clk)
Endpoint: result[22] (output port clocked by clk)
Path Group: clk
Path Type: max
Corner: Typical

Fanout     Cap    Slew   Delay    Time   Description
-----------------------------------------------------------------------------
                  0.00    0.00    0.00   clock clk (rise edge)
                          0.00    0.00   clock network delay (ideal)
                          4.00    4.00 v input external delay
                  0.01    0.01    4.01 v b[0] (in)
     1    0.00                           b[0] (net)
                  0.01    0.00    4.01 v input37/A (sky130_fd_sc_hd__clkbuf_4)
                  0.11    0.20    4.20 v input37/X (sky130_fd_sc_hd__clkbuf_4)
    10    0.05                           net37 (net)
                  0.11    0.01    4.21 v _2331_/A (Nor_gate)
                  0.72    0.58    4.79 ^ _2331_/Y (Nor_gate)
     5    0.05                           _1440_ (net)
                  0.72    0.00    4.79 ^ _2590_/A (Nand_gate)
                  0.19    0.26    5.05 v _2590_/Y (Nand_gate)
     4    0.02                           _1699_ (net)
                  0.19    0.00    5.05 v _3101_/A (Nor_gate)
                  0.29    0.28    5.33 ^ _3101_/Y (Nor_gate)
     3    0.02                           _0033_ (net)
                  0.29    0.00    5.33 ^ _3331_/A (Nand_gate)
                  0.13    0.17    5.50 v _3331_/Y (Nand_gate)
     4    0.02                           _0282_ (net)
                  0.13    0.00    5.50 v _3456_/A (Nor_gate)
                  0.07    0.09    5.59 ^ _3456_/Y (Nor_gate)
     1    0.00                           _0417_ (net)
                  0.07    0.00    5.59 ^ _3457_/B (Nor_gate)
                  0.05    0.05    5.64 v _3457_/Y (Nor_gate)
     2    0.01                           _0418_ (net)
                  0.05    0.00    5.64 v _3513_/A (Nor_gate)
                  0.10    0.11    5.75 ^ _3513_/Y (Nor_gate)
     1    0.00                           _0479_ (net)
                  0.10    0.00    5.75 ^ _3514_/B (Xnor)
                  0.32    0.30    6.05 ^ _3514_/Y (Xnor)
     3    0.01                           _0480_ (net)
                  0.32    0.00    6.05 ^ _3515_/B (Xnor)
                  0.39    0.38    6.44 ^ _3515_/Y (Xnor)
     4    0.01                           _0481_ (net)
                  0.39    0.00    6.44 ^ _3567_/A (inverter)
                  0.07    0.06    6.50 v _3567_/Y (inverter)
     1    0.00                           _0537_ (net)
                  0.07    0.00    6.50 v _3568_/B (Nor_gate)
                  0.15    0.13    6.63 ^ _3568_/Y (Nor_gate)
     2    0.01                           _0539_ (net)
                  0.15    0.00    6.63 ^ _3569_/B (Nand_gate)
                  0.06    0.08    6.71 v _3569_/Y (Nand_gate)
     2    0.01                           _0540_ (net)
                  0.06    0.00    6.71 v _3679_/B (Nor_gate)
                  0.10    0.10    6.80 ^ _3679_/Y (Nor_gate)
     1    0.01                           _0659_ (net)
                  0.10    0.00    6.80 ^ _3690_/A (Nor_gate)
                  0.11    0.11    6.92 v _3690_/Y (Nor_gate)
     3    0.02                           _0671_ (net)
                  0.11    0.00    6.92 v _3883_/A (Nor_gate)
                  0.07    0.09    7.01 ^ _3883_/Y (Nor_gate)
     1    0.00                           _0879_ (net)
                  0.07    0.00    7.01 ^ _3884_/B (Nor_gate)
                  0.03    0.04    7.05 v _3884_/Y (Nor_gate)
     1    0.00                           _0880_ (net)
                  0.03    0.00    7.05 v _3886_/A (Nor_gate)
                  0.08    0.08    7.13 ^ _3886_/Y (Nor_gate)
     1    0.00                           _0882_ (net)
                  0.08    0.00    7.13 ^ _3887_/B (Nor_gate)
                  0.04    0.05    7.18 v _3887_/Y (Nor_gate)
     2    0.01                           _0883_ (net)
                  0.04    0.00    7.18 v _3888_/B (Nor_gate)
                  0.13    0.12    7.30 ^ _3888_/Y (Nor_gate)
     2    0.01                           _0885_ (net)
                  0.13    0.00    7.30 ^ _3891_/A (Nor_gate)
                  0.05    0.07    7.36 v _3891_/Y (Nor_gate)
     1    0.01                           _0888_ (net)
                  0.05    0.00    7.37 v _3919_/A (Nor_gate)
                  0.45    0.37    7.73 ^ _3919_/Y (Nor_gate)
     2    0.03                           _0919_ (net)
                  0.45    0.00    7.73 ^ _3920_/A (inverter)
                  0.08    0.08    7.81 v _3920_/Y (inverter)
     1    0.00                           net83 (net)
                  0.08    0.00    7.82 v output83/A (sky130_fd_sc_hd__clkbuf_4)
                  0.08    0.21    8.03 v output83/X (sky130_fd_sc_hd__clkbuf_4)
     1    0.04                           result[22] (net)
                  0.08    0.00    8.03 v result[22] (out)
                                  8.03   data arrival time

                  0.00   20.00   20.00   clock clk (rise edge)
                          0.00   20.00   clock network delay (ideal)
                         -0.25   19.75   clock uncertainty
                          0.00   19.75   clock reconvergence pessimism
                         -4.00   15.75   output external delay
                                 15.75   data required time
-----------------------------------------------------------------------------
                                 15.75   data required time
                                 -8.03   data arrival time
-----------------------------------------------------------------------------
                                  7.72   slack (MET)


Startpoint: b[0] (input port clocked by clk)
Endpoint: result[23] (output port clocked by clk)
Path Group: clk
Path Type: max
Corner: Typical

Fanout     Cap    Slew   Delay    Time   Description
-----------------------------------------------------------------------------
                  0.00    0.00    0.00   clock clk (rise edge)
                          0.00    0.00   clock network delay (ideal)
                          4.00    4.00 v input external delay
                  0.01    0.01    4.01 v b[0] (in)
     1    0.00                           b[0] (net)
                  0.01    0.00    4.01 v input37/A (sky130_fd_sc_hd__clkbuf_4)
                  0.11    0.20    4.20 v input37/X (sky130_fd_sc_hd__clkbuf_4)
    10    0.05                           net37 (net)
                  0.11    0.01    4.21 v _2331_/A (Nor_gate)
                  0.72    0.58    4.79 ^ _2331_/Y (Nor_gate)
     5    0.05                           _1440_ (net)
                  0.72    0.00    4.79 ^ _2590_/A (Nand_gate)
                  0.19    0.26    5.05 v _2590_/Y (Nand_gate)
     4    0.02                           _1699_ (net)
                  0.19    0.00    5.05 v _3101_/A (Nor_gate)
                  0.29    0.28    5.33 ^ _3101_/Y (Nor_gate)
     3    0.02                           _0033_ (net)
                  0.29    0.00    5.33 ^ _3331_/A (Nand_gate)
                  0.13    0.17    5.50 v _3331_/Y (Nand_gate)
     4    0.02                           _0282_ (net)
                  0.13    0.00    5.50 v _3456_/A (Nor_gate)
                  0.07    0.09    5.59 ^ _3456_/Y (Nor_gate)
     1    0.00                           _0417_ (net)
                  0.07    0.00    5.59 ^ _3457_/B (Nor_gate)
                  0.05    0.05    5.64 v _3457_/Y (Nor_gate)
     2    0.01                           _0418_ (net)
                  0.05    0.00    5.64 v _3513_/A (Nor_gate)
                  0.10    0.11    5.75 ^ _3513_/Y (Nor_gate)
     1    0.00                           _0479_ (net)
                  0.10    0.00    5.75 ^ _3514_/B (Xnor)
                  0.32    0.30    6.05 ^ _3514_/Y (Xnor)
     3    0.01                           _0480_ (net)
                  0.32    0.00    6.05 ^ _3515_/B (Xnor)
                  0.39    0.38    6.44 ^ _3515_/Y (Xnor)
     4    0.01                           _0481_ (net)
                  0.39    0.00    6.44 ^ _3567_/A (inverter)
                  0.07    0.06    6.50 v _3567_/Y (inverter)
     1    0.00                           _0537_ (net)
                  0.07    0.00    6.50 v _3568_/B (Nor_gate)
                  0.15    0.13    6.63 ^ _3568_/Y (Nor_gate)
     2    0.01                           _0539_ (net)
                  0.15    0.00    6.63 ^ _3569_/B (Nand_gate)
                  0.06    0.08    6.71 v _3569_/Y (Nand_gate)
     2    0.01                           _0540_ (net)
                  0.06    0.00    6.71 v _3679_/B (Nor_gate)
                  0.10    0.10    6.80 ^ _3679_/Y (Nor_gate)
     1    0.01                           _0659_ (net)
                  0.10    0.00    6.80 ^ _3690_/A (Nor_gate)
                  0.11    0.11    6.92 v _3690_/Y (Nor_gate)
     3    0.02                           _0671_ (net)
                  0.11    0.00    6.92 v _3883_/A (Nor_gate)
                  0.07    0.09    7.01 ^ _3883_/Y (Nor_gate)
     1    0.00                           _0879_ (net)
                  0.07    0.00    7.01 ^ _3884_/B (Nor_gate)
                  0.03    0.04    7.05 v _3884_/Y (Nor_gate)
     1    0.00                           _0880_ (net)
                  0.03    0.00    7.05 v _3886_/A (Nor_gate)
                  0.08    0.08    7.13 ^ _3886_/Y (Nor_gate)
     1    0.00                           _0882_ (net)
                  0.08    0.00    7.13 ^ _3887_/B (Nor_gate)
                  0.04    0.05    7.18 v _3887_/Y (Nor_gate)
     2    0.01                           _0883_ (net)
                  0.04    0.00    7.18 v _3888_/B (Nor_gate)
                  0.13    0.12    7.30 ^ _3888_/Y (Nor_gate)
     2    0.01                           _0885_ (net)
                  0.13    0.00    7.30 ^ _3927_/B (Nor_gate)
                  0.04    0.06    7.35 v _3927_/Y (Nor_gate)
     2    0.01                           _0926_ (net)
                  0.04    0.00    7.35 v _3928_/B (Nor_gate)
                  0.09    0.08    7.43 ^ _3928_/Y (Nor_gate)
     1    0.00                           _0928_ (net)
                  0.09    0.00    7.43 ^ _3931_/A (Nor_gate)
                  0.03    0.04    7.47 v _3931_/Y (Nor_gate)
     1    0.00                           _0931_ (net)
                  0.03    0.00    7.48 v _3956_/A (Nor_gate)
                  0.25    0.21    7.69 ^ _3956_/Y (Nor_gate)
     2    0.01                           _0958_ (net)
                  0.25    0.00    7.69 ^ _3957_/A (inverter)
                  0.08    0.11    7.79 v _3957_/Y (inverter)
     1    0.01                           net84 (net)
                  0.08    0.00    7.79 v output84/A (sky130_fd_sc_hd__clkbuf_4)
                  0.08    0.21    8.00 v output84/X (sky130_fd_sc_hd__clkbuf_4)
     1    0.03                           result[23] (net)
                  0.08    0.00    8.01 v result[23] (out)
                                  8.01   data arrival time

                  0.00   20.00   20.00   clock clk (rise edge)
                          0.00   20.00   clock network delay (ideal)
                         -0.25   19.75   clock uncertainty
                          0.00   19.75   clock reconvergence pessimism
                         -4.00   15.75   output external delay
                                 15.75   data required time
-----------------------------------------------------------------------------
                                 15.75   data required time
                                 -8.01   data arrival time
-----------------------------------------------------------------------------
                                  7.74   slack (MET)


Startpoint: b[0] (input port clocked by clk)
Endpoint: result[21] (output port clocked by clk)
Path Group: clk
Path Type: max
Corner: Typical

Fanout     Cap    Slew   Delay    Time   Description
-----------------------------------------------------------------------------
                  0.00    0.00    0.00   clock clk (rise edge)
                          0.00    0.00   clock network delay (ideal)
                          4.00    4.00 v input external delay
                  0.01    0.01    4.01 v b[0] (in)
     1    0.00                           b[0] (net)
                  0.01    0.00    4.01 v input37/A (sky130_fd_sc_hd__clkbuf_4)
                  0.11    0.20    4.20 v input37/X (sky130_fd_sc_hd__clkbuf_4)
    10    0.05                           net37 (net)
                  0.11    0.01    4.21 v _2331_/A (Nor_gate)
                  0.72    0.58    4.79 ^ _2331_/Y (Nor_gate)
     5    0.05                           _1440_ (net)
                  0.72    0.00    4.79 ^ _2590_/A (Nand_gate)
                  0.19    0.26    5.05 v _2590_/Y (Nand_gate)
     4    0.02                           _1699_ (net)
                  0.19    0.00    5.05 v _3101_/A (Nor_gate)
                  0.29    0.28    5.33 ^ _3101_/Y (Nor_gate)
     3    0.02                           _0033_ (net)
                  0.29    0.00    5.33 ^ _3331_/A (Nand_gate)
                  0.13    0.17    5.50 v _3331_/Y (Nand_gate)
     4    0.02                           _0282_ (net)
                  0.13    0.00    5.50 v _3456_/A (Nor_gate)
                  0.07    0.09    5.59 ^ _3456_/Y (Nor_gate)
     1    0.00                           _0417_ (net)
                  0.07    0.00    5.59 ^ _3457_/B (Nor_gate)
                  0.05    0.05    5.64 v _3457_/Y (Nor_gate)
     2    0.01                           _0418_ (net)
                  0.05    0.00    5.64 v _3513_/A (Nor_gate)
                  0.10    0.11    5.75 ^ _3513_/Y (Nor_gate)
     1    0.00                           _0479_ (net)
                  0.10    0.00    5.75 ^ _3514_/B (Xnor)
                  0.32    0.30    6.05 ^ _3514_/Y (Xnor)
     3    0.01                           _0480_ (net)
                  0.32    0.00    6.05 ^ _3515_/B (Xnor)
                  0.39    0.38    6.44 ^ _3515_/Y (Xnor)
     4    0.01                           _0481_ (net)
                  0.39    0.00    6.44 ^ _3567_/A (inverter)
                  0.07    0.06    6.50 v _3567_/Y (inverter)
     1    0.00                           _0537_ (net)
                  0.07    0.00    6.50 v _3568_/B (Nor_gate)
                  0.15    0.13    6.63 ^ _3568_/Y (Nor_gate)
     2    0.01                           _0539_ (net)
                  0.15    0.00    6.63 ^ _3569_/B (Nand_gate)
                  0.06    0.08    6.71 v _3569_/Y (Nand_gate)
     2    0.01                           _0540_ (net)
                  0.06    0.00    6.71 v _3570_/B (Nor_gate)
                  0.07    0.07    6.78 ^ _3570_/Y (Nor_gate)
     1    0.00                           _0541_ (net)
                  0.07    0.00    6.78 ^ _3579_/A (Nor_gate)
                  0.02    0.04    6.81 v _3579_/Y (Nor_gate)
     1    0.00                           _0551_ (net)
                  0.02    0.00    6.81 v _3580_/B (Nand_gate)
                  0.19    0.15    6.96 ^ _3580_/Y (Nand_gate)
     4    0.02                           _0552_ (net)
                  0.19    0.00    6.96 ^ _3794_/A (Nand_gate)
                  0.04    0.07    7.03 v _3794_/Y (Nand_gate)
     1    0.00                           _0783_ (net)
                  0.04    0.00    7.03 v _3795_/B (Nand_gate)
                  0.06    0.05    7.08 ^ _3795_/Y (Nand_gate)
     2    0.01                           _0784_ (net)
                  0.06    0.00    7.08 ^ _3797_/B (Nand_gate)
                  0.05    0.06    7.14 v _3797_/Y (Nand_gate)
     2    0.01                           _0786_ (net)
                  0.05    0.00    7.14 v _3835_/B (Nand_gate)
                  0.06    0.06    7.20 ^ _3835_/Y (Nand_gate)
     2    0.01                           _0827_ (net)
                  0.06    0.00    7.20 ^ _3837_/B (Nand_gate)
                  0.04    0.04    7.24 v _3837_/Y (Nand_gate)
     1    0.00                           _0829_ (net)
                  0.04    0.00    7.25 v _3838_/B (Nand_gate)
                  0.04    0.04    7.28 ^ _3838_/Y (Nand_gate)
     1    0.00                           _0831_ (net)
                  0.04    0.00    7.28 ^ _3839_/B (Nor_gate)
                  0.03    0.04    7.32 v _3839_/Y (Nor_gate)
     1    0.00                           _0832_ (net)
                  0.03    0.00    7.32 v _3868_/A (Nor_gate)
                  0.45    0.36    7.68 ^ _3868_/Y (Nor_gate)
     2    0.03                           _0864_ (net)
                  0.45    0.00    7.68 ^ _3869_/A (inverter)
                  0.09    0.09    7.77 v _3869_/Y (inverter)
     1    0.00                           net82 (net)
                  0.09    0.00    7.77 v output82/A (sky130_fd_sc_hd__clkbuf_4)
                  0.08    0.21    7.98 v output82/X (sky130_fd_sc_hd__clkbuf_4)
     1    0.03                           result[21] (net)
                  0.08    0.00    7.99 v result[21] (out)
                                  7.99   data arrival time

                  0.00   20.00   20.00   clock clk (rise edge)
                          0.00   20.00   clock network delay (ideal)
                         -0.25   19.75   clock uncertainty
                          0.00   19.75   clock reconvergence pessimism
                         -4.00   15.75   output external delay
                                 15.75   data required time
-----------------------------------------------------------------------------
                                 15.75   data required time
                                 -7.99   data arrival time
-----------------------------------------------------------------------------
                                  7.76   slack (MET)


Startpoint: b[0] (input port clocked by clk)
Endpoint: result[24] (output port clocked by clk)
Path Group: clk
Path Type: max
Corner: Typical

Fanout     Cap    Slew   Delay    Time   Description
-----------------------------------------------------------------------------
                  0.00    0.00    0.00   clock clk (rise edge)
                          0.00    0.00   clock network delay (ideal)
                          4.00    4.00 v input external delay
                  0.01    0.01    4.01 v b[0] (in)
     1    0.00                           b[0] (net)
                  0.01    0.00    4.01 v input37/A (sky130_fd_sc_hd__clkbuf_4)
                  0.11    0.20    4.20 v input37/X (sky130_fd_sc_hd__clkbuf_4)
    10    0.05                           net37 (net)
                  0.11    0.01    4.21 v _2331_/A (Nor_gate)
                  0.72    0.58    4.79 ^ _2331_/Y (Nor_gate)
     5    0.05                           _1440_ (net)
                  0.72    0.00    4.79 ^ _2590_/A (Nand_gate)
                  0.19    0.26    5.05 v _2590_/Y (Nand_gate)
     4    0.02                           _1699_ (net)
                  0.19    0.00    5.05 v _3101_/A (Nor_gate)
                  0.29    0.28    5.33 ^ _3101_/Y (Nor_gate)
     3    0.02                           _0033_ (net)
                  0.29    0.00    5.33 ^ _3331_/A (Nand_gate)
                  0.13    0.17    5.50 v _3331_/Y (Nand_gate)
     4    0.02                           _0282_ (net)
                  0.13    0.00    5.50 v _3456_/A (Nor_gate)
                  0.07    0.09    5.59 ^ _3456_/Y (Nor_gate)
     1    0.00                           _0417_ (net)
                  0.07    0.00    5.59 ^ _3457_/B (Nor_gate)
                  0.05    0.05    5.64 v _3457_/Y (Nor_gate)
     2    0.01                           _0418_ (net)
                  0.05    0.00    5.64 v _3513_/A (Nor_gate)
                  0.10    0.11    5.75 ^ _3513_/Y (Nor_gate)
     1    0.00                           _0479_ (net)
                  0.10    0.00    5.75 ^ _3514_/B (Xnor)
                  0.32    0.30    6.05 ^ _3514_/Y (Xnor)
     3    0.01                           _0480_ (net)
                  0.32    0.00    6.05 ^ _3515_/B (Xnor)
                  0.39    0.38    6.44 ^ _3515_/Y (Xnor)
     4    0.01                           _0481_ (net)
                  0.39    0.00    6.44 ^ _3567_/A (inverter)
                  0.07    0.06    6.50 v _3567_/Y (inverter)
     1    0.00                           _0537_ (net)
                  0.07    0.00    6.50 v _3568_/B (Nor_gate)
                  0.15    0.13    6.63 ^ _3568_/Y (Nor_gate)
     2    0.01                           _0539_ (net)
                  0.15    0.00    6.63 ^ _3569_/B (Nand_gate)
                  0.06    0.08    6.71 v _3569_/Y (Nand_gate)
     2    0.01                           _0540_ (net)
                  0.06    0.00    6.71 v _3570_/B (Nor_gate)
                  0.07    0.07    6.78 ^ _3570_/Y (Nor_gate)
     1    0.00                           _0541_ (net)
                  0.07    0.00    6.78 ^ _3579_/A (Nor_gate)
                  0.02    0.04    6.81 v _3579_/Y (Nor_gate)
     1    0.00                           _0551_ (net)
                  0.02    0.00    6.81 v _3580_/B (Nand_gate)
                  0.19    0.15    6.96 ^ _3580_/Y (Nand_gate)
     4    0.02                           _0552_ (net)
                  0.19    0.00    6.96 ^ _3962_/A (Nand_gate)
                  0.05    0.08    7.04 v _3962_/Y (Nand_gate)
     1    0.00                           _0964_ (net)
                  0.05    0.00    7.04 v _3972_/A (Nand_gate)
                  0.15    0.13    7.17 ^ _3972_/Y (Nand_gate)
     2    0.02                           _0975_ (net)
                  0.15    0.00    7.17 ^ _3981_/A (Nor_gate)
                  0.04    0.05    7.23 v _3981_/Y (Nor_gate)
     1    0.00                           _0985_ (net)
                  0.04    0.00    7.23 v _3982_/B (Nor_gate)
                  0.08    0.07    7.30 ^ _3982_/Y (Nor_gate)
     1    0.00                           _0986_ (net)
                  0.08    0.00    7.30 ^ _3983_/B (Nand_gate)
                  0.03    0.05    7.35 v _3983_/Y (Nand_gate)
     1    0.00                           _0987_ (net)
                  0.03    0.00    7.35 v _4019_/A (Nand_gate)
                  0.04    0.04    7.39 ^ _4019_/Y (Nand_gate)
     1    0.00                           _1027_ (net)
                  0.04    0.00    7.39 ^ _4020_/A (sky130_fd_sc_hd__dlymetal6s2s_1)
                  0.29    0.27    7.66 ^ _4020_/X (sky130_fd_sc_hd__dlymetal6s2s_1)
     2    0.03                           net85 (net)
                  0.29    0.00    7.66 ^ output85/A (sky130_fd_sc_hd__clkbuf_4)
                  0.12    0.28    7.94 ^ output85/X (sky130_fd_sc_hd__clkbuf_4)
     1    0.04                           result[24] (net)
                  0.12    0.00    7.95 ^ result[24] (out)
                                  7.95   data arrival time

                  0.00   20.00   20.00   clock clk (rise edge)
                          0.00   20.00   clock network delay (ideal)
                         -0.25   19.75   clock uncertainty
                          0.00   19.75   clock reconvergence pessimism
                         -4.00   15.75   output external delay
                                 15.75   data required time
-----------------------------------------------------------------------------
                                 15.75   data required time
                                 -7.95   data arrival time
-----------------------------------------------------------------------------
                                  7.80   slack (MET)


Startpoint: b[0] (input port clocked by clk)
Endpoint: result[17] (output port clocked by clk)
Path Group: clk
Path Type: max
Corner: Typical

Fanout     Cap    Slew   Delay    Time   Description
-----------------------------------------------------------------------------
                  0.00    0.00    0.00   clock clk (rise edge)
                          0.00    0.00   clock network delay (ideal)
                          4.00    4.00 v input external delay
                  0.01    0.01    4.01 v b[0] (in)
     1    0.00                           b[0] (net)
                  0.01    0.00    4.01 v input37/A (sky130_fd_sc_hd__clkbuf_4)
                  0.11    0.20    4.20 v input37/X (sky130_fd_sc_hd__clkbuf_4)
    10    0.05                           net37 (net)
                  0.11    0.01    4.21 v _2331_/A (Nor_gate)
                  0.72    0.58    4.79 ^ _2331_/Y (Nor_gate)
     5    0.05                           _1440_ (net)
                  0.72    0.00    4.79 ^ _2590_/A (Nand_gate)
                  0.19    0.26    5.05 v _2590_/Y (Nand_gate)
     4    0.02                           _1699_ (net)
                  0.19    0.00    5.05 v _3101_/A (Nor_gate)
                  0.29    0.28    5.33 ^ _3101_/Y (Nor_gate)
     3    0.02                           _0033_ (net)
                  0.29    0.00    5.33 ^ _3331_/A (Nand_gate)
                  0.13    0.17    5.50 v _3331_/Y (Nand_gate)
     4    0.02                           _0282_ (net)
                  0.13    0.00    5.50 v _3456_/A (Nor_gate)
                  0.07    0.09    5.59 ^ _3456_/Y (Nor_gate)
     1    0.00                           _0417_ (net)
                  0.07    0.00    5.59 ^ _3457_/B (Nor_gate)
                  0.05    0.05    5.64 v _3457_/Y (Nor_gate)
     2    0.01                           _0418_ (net)
                  0.05    0.00    5.64 v _3513_/A (Nor_gate)
                  0.10    0.11    5.75 ^ _3513_/Y (Nor_gate)
     1    0.00                           _0479_ (net)
                  0.10    0.00    5.75 ^ _3514_/B (Xnor)
                  0.32    0.30    6.05 ^ _3514_/Y (Xnor)
     3    0.01                           _0480_ (net)
                  0.32    0.00    6.05 ^ _3515_/B (Xnor)
                  0.39    0.38    6.44 ^ _3515_/Y (Xnor)
     4    0.01                           _0481_ (net)
                  0.39    0.00    6.44 ^ _3567_/A (inverter)
                  0.07    0.06    6.50 v _3567_/Y (inverter)
     1    0.00                           _0537_ (net)
                  0.07    0.00    6.50 v _3568_/B (Nor_gate)
                  0.15    0.13    6.63 ^ _3568_/Y (Nor_gate)
     2    0.01                           _0539_ (net)
                  0.15    0.00    6.63 ^ _3569_/B (Nand_gate)
                  0.06    0.08    6.71 v _3569_/Y (Nand_gate)
     2    0.01                           _0540_ (net)
                  0.06    0.00    6.71 v _3570_/B (Nor_gate)
                  0.07    0.07    6.78 ^ _3570_/Y (Nor_gate)
     1    0.00                           _0541_ (net)
                  0.07    0.00    6.78 ^ _3579_/A (Nor_gate)
                  0.02    0.04    6.81 v _3579_/Y (Nor_gate)
     1    0.00                           _0551_ (net)
                  0.02    0.00    6.81 v _3580_/B (Nand_gate)
                  0.19    0.15    6.96 ^ _3580_/Y (Nand_gate)
     4    0.02                           _0552_ (net)
                  0.19    0.00    6.96 ^ _3590_/A (Nand_gate)
                  0.06    0.09    7.05 v _3590_/Y (Nand_gate)
     2    0.01                           _0563_ (net)
                  0.06    0.00    7.05 v _3635_/B (Nand_gate)
                  0.06    0.06    7.11 ^ _3635_/Y (Nand_gate)
     2    0.01                           _0611_ (net)
                  0.06    0.00    7.11 ^ _3637_/B (Nor_gate)
                  0.04    0.04    7.15 v _3637_/Y (Nor_gate)
     1    0.00                           _0613_ (net)
                  0.04    0.00    7.15 v _3638_/B (Nor_gate)
                  0.09    0.08    7.23 ^ _3638_/Y (Nor_gate)
     1    0.00                           _0615_ (net)
                  0.09    0.00    7.23 ^ _3639_/B (Nand_gate)
                  0.05    0.07    7.30 v _3639_/Y (Nand_gate)
     1    0.01                           _0616_ (net)
                  0.05    0.00    7.30 v _3670_/A (Nand_gate)
                  0.03    0.04    7.34 ^ _3670_/Y (Nand_gate)
     1    0.00                           _0650_ (net)
                  0.03    0.00    7.34 ^ _3671_/A (sky130_fd_sc_hd__dlymetal6s2s_1)
                  0.33    0.30    7.64 ^ _3671_/X (sky130_fd_sc_hd__dlymetal6s2s_1)
     2    0.03                           net77 (net)
                  0.33    0.00    7.64 ^ output77/A (sky130_fd_sc_hd__clkbuf_4)
                  0.12    0.29    7.93 ^ output77/X (sky130_fd_sc_hd__clkbuf_4)
     1    0.03                           result[17] (net)
                  0.12    0.00    7.93 ^ result[17] (out)
                                  7.93   data arrival time

                  0.00   20.00   20.00   clock clk (rise edge)
                          0.00   20.00   clock network delay (ideal)
                         -0.25   19.75   clock uncertainty
                          0.00   19.75   clock reconvergence pessimism
                         -4.00   15.75   output external delay
                                 15.75   data required time
-----------------------------------------------------------------------------
                                 15.75   data required time
                                 -7.93   data arrival time
-----------------------------------------------------------------------------
                                  7.82   slack (MET)


Startpoint: b[0] (input port clocked by clk)
Endpoint: result[25] (output port clocked by clk)
Path Group: clk
Path Type: max
Corner: Typical

Fanout     Cap    Slew   Delay    Time   Description
-----------------------------------------------------------------------------
                  0.00    0.00    0.00   clock clk (rise edge)
                          0.00    0.00   clock network delay (ideal)
                          4.00    4.00 v input external delay
                  0.01    0.01    4.01 v b[0] (in)
     1    0.00                           b[0] (net)
                  0.01    0.00    4.01 v input37/A (sky130_fd_sc_hd__clkbuf_4)
                  0.11    0.20    4.20 v input37/X (sky130_fd_sc_hd__clkbuf_4)
    10    0.05                           net37 (net)
                  0.11    0.01    4.21 v _2331_/A (Nor_gate)
                  0.72    0.58    4.79 ^ _2331_/Y (Nor_gate)
     5    0.05                           _1440_ (net)
                  0.72    0.00    4.79 ^ _2590_/A (Nand_gate)
                  0.19    0.26    5.05 v _2590_/Y (Nand_gate)
     4    0.02                           _1699_ (net)
                  0.19    0.00    5.05 v _3101_/A (Nor_gate)
                  0.29    0.28    5.33 ^ _3101_/Y (Nor_gate)
     3    0.02                           _0033_ (net)
                  0.29    0.00    5.33 ^ _3331_/A (Nand_gate)
                  0.13    0.17    5.50 v _3331_/Y (Nand_gate)
     4    0.02                           _0282_ (net)
                  0.13    0.00    5.50 v _3456_/A (Nor_gate)
                  0.07    0.09    5.59 ^ _3456_/Y (Nor_gate)
     1    0.00                           _0417_ (net)
                  0.07    0.00    5.59 ^ _3457_/B (Nor_gate)
                  0.05    0.05    5.64 v _3457_/Y (Nor_gate)
     2    0.01                           _0418_ (net)
                  0.05    0.00    5.64 v _3513_/A (Nor_gate)
                  0.10    0.11    5.75 ^ _3513_/Y (Nor_gate)
     1    0.00                           _0479_ (net)
                  0.10    0.00    5.75 ^ _3514_/B (Xnor)
                  0.32    0.30    6.05 ^ _3514_/Y (Xnor)
     3    0.01                           _0480_ (net)
                  0.32    0.00    6.05 ^ _3515_/B (Xnor)
                  0.39    0.38    6.44 ^ _3515_/Y (Xnor)
     4    0.01                           _0481_ (net)
                  0.39    0.00    6.44 ^ _3567_/A (inverter)
                  0.07    0.06    6.50 v _3567_/Y (inverter)
     1    0.00                           _0537_ (net)
                  0.07    0.00    6.50 v _3568_/B (Nor_gate)
                  0.15    0.13    6.63 ^ _3568_/Y (Nor_gate)
     2    0.01                           _0539_ (net)
                  0.15    0.00    6.63 ^ _3569_/B (Nand_gate)
                  0.06    0.08    6.71 v _3569_/Y (Nand_gate)
     2    0.01                           _0540_ (net)
                  0.06    0.00    6.71 v _3570_/B (Nor_gate)
                  0.07    0.07    6.78 ^ _3570_/Y (Nor_gate)
     1    0.00                           _0541_ (net)
                  0.07    0.00    6.78 ^ _3579_/A (Nor_gate)
                  0.02    0.04    6.81 v _3579_/Y (Nor_gate)
     1    0.00                           _0551_ (net)
                  0.02    0.00    6.81 v _3580_/B (Nand_gate)
                  0.19    0.15    6.96 ^ _3580_/Y (Nand_gate)
     4    0.02                           _0552_ (net)
                  0.19    0.00    6.96 ^ _3962_/A (Nand_gate)
                  0.05    0.08    7.04 v _3962_/Y (Nand_gate)
     1    0.00                           _0964_ (net)
                  0.05    0.00    7.04 v _3972_/A (Nand_gate)
                  0.15    0.13    7.17 ^ _3972_/Y (Nand_gate)
     2    0.02                           _0975_ (net)
                  0.15    0.00    7.17 ^ _3980_/A (Nand_gate)
                  0.10    0.11    7.28 v _3980_/Y (Nand_gate)
     2    0.01                           _0984_ (net)
                  0.10    0.00    7.28 v _4028_/B (Nand_gate)
                  0.06    0.07    7.35 ^ _4028_/Y (Nand_gate)
     2    0.01                           _1036_ (net)
                  0.06    0.00    7.35 ^ _4030_/B (Nand_gate)
                  0.04    0.04    7.39 v _4030_/Y (Nand_gate)
     1    0.00                           _1038_ (net)
                  0.04    0.00    7.39 v _4031_/B (Nand_gate)
                  0.05    0.04    7.43 ^ _4031_/Y (Nand_gate)
     1    0.00                           _1039_ (net)
                  0.05    0.00    7.43 ^ _4032_/B (Nor_gate)
                  0.03    0.03    7.46 v _4032_/Y (Nor_gate)
     1    0.00                           _1040_ (net)
                  0.03    0.00    7.46 v _4066_/A (Nor_gate)
                  0.26    0.22    7.68 ^ _4066_/Y (Nor_gate)
     2    0.02                           _1077_ (net)
                  0.26    0.00    7.69 ^ _4067_/A (inverter)
                  0.04    0.04    7.72 v _4067_/Y (inverter)
     1    0.00                           net86 (net)
                  0.04    0.00    7.72 v output86/A (sky130_fd_sc_hd__buf_2)
                  0.09    0.19    7.91 v output86/X (sky130_fd_sc_hd__buf_2)
     1    0.03                           result[25] (net)
                  0.09    0.00    7.91 v result[25] (out)
                                  7.91   data arrival time

                  0.00   20.00   20.00   clock clk (rise edge)
                          0.00   20.00   clock network delay (ideal)
                         -0.25   19.75   clock uncertainty
                          0.00   19.75   clock reconvergence pessimism
                         -4.00   15.75   output external delay
                                 15.75   data required time
-----------------------------------------------------------------------------
                                 15.75   data required time
                                 -7.91   data arrival time
-----------------------------------------------------------------------------
                                  7.84   slack (MET)


Startpoint: b[0] (input port clocked by clk)
Endpoint: result[20] (output port clocked by clk)
Path Group: clk
Path Type: max
Corner: Typical

Fanout     Cap    Slew   Delay    Time   Description
-----------------------------------------------------------------------------
                  0.00    0.00    0.00   clock clk (rise edge)
                          0.00    0.00   clock network delay (ideal)
                          4.00    4.00 v input external delay
                  0.01    0.01    4.01 v b[0] (in)
     1    0.00                           b[0] (net)
                  0.01    0.00    4.01 v input37/A (sky130_fd_sc_hd__clkbuf_4)
                  0.11    0.20    4.20 v input37/X (sky130_fd_sc_hd__clkbuf_4)
    10    0.05                           net37 (net)
                  0.11    0.01    4.21 v _2331_/A (Nor_gate)
                  0.72    0.58    4.79 ^ _2331_/Y (Nor_gate)
     5    0.05                           _1440_ (net)
                  0.72    0.00    4.79 ^ _2590_/A (Nand_gate)
                  0.19    0.26    5.05 v _2590_/Y (Nand_gate)
     4    0.02                           _1699_ (net)
                  0.19    0.00    5.05 v _3101_/A (Nor_gate)
                  0.29    0.28    5.33 ^ _3101_/Y (Nor_gate)
     3    0.02                           _0033_ (net)
                  0.29    0.00    5.33 ^ _3331_/A (Nand_gate)
                  0.13    0.17    5.50 v _3331_/Y (Nand_gate)
     4    0.02                           _0282_ (net)
                  0.13    0.00    5.50 v _3456_/A (Nor_gate)
                  0.07    0.09    5.59 ^ _3456_/Y (Nor_gate)
     1    0.00                           _0417_ (net)
                  0.07    0.00    5.59 ^ _3457_/B (Nor_gate)
                  0.05    0.05    5.64 v _3457_/Y (Nor_gate)
     2    0.01                           _0418_ (net)
                  0.05    0.00    5.64 v _3513_/A (Nor_gate)
                  0.10    0.11    5.75 ^ _3513_/Y (Nor_gate)
     1    0.00                           _0479_ (net)
                  0.10    0.00    5.75 ^ _3514_/B (Xnor)
                  0.32    0.30    6.05 ^ _3514_/Y (Xnor)
     3    0.01                           _0480_ (net)
                  0.32    0.00    6.05 ^ _3515_/B (Xnor)
                  0.39    0.38    6.44 ^ _3515_/Y (Xnor)
     4    0.01                           _0481_ (net)
                  0.39    0.00    6.44 ^ _3567_/A (inverter)
                  0.07    0.06    6.50 v _3567_/Y (inverter)
     1    0.00                           _0537_ (net)
                  0.07    0.00    6.50 v _3568_/B (Nor_gate)
                  0.15    0.13    6.63 ^ _3568_/Y (Nor_gate)
     2    0.01                           _0539_ (net)
                  0.15    0.00    6.63 ^ _3569_/B (Nand_gate)
                  0.06    0.08    6.71 v _3569_/Y (Nand_gate)
     2    0.01                           _0540_ (net)
                  0.06    0.00    6.71 v _3570_/B (Nor_gate)
                  0.07    0.07    6.78 ^ _3570_/Y (Nor_gate)
     1    0.00                           _0541_ (net)
                  0.07    0.00    6.78 ^ _3579_/A (Nor_gate)
                  0.02    0.04    6.81 v _3579_/Y (Nor_gate)
     1    0.00                           _0551_ (net)
                  0.02    0.00    6.81 v _3580_/B (Nand_gate)
                  0.19    0.15    6.96 ^ _3580_/Y (Nand_gate)
     4    0.02                           _0552_ (net)
                  0.19    0.00    6.96 ^ _3794_/A (Nand_gate)
                  0.04    0.07    7.03 v _3794_/Y (Nand_gate)
     1    0.00                           _0783_ (net)
                  0.04    0.00    7.03 v _3795_/B (Nand_gate)
                  0.06    0.05    7.08 ^ _3795_/Y (Nand_gate)
     2    0.01                           _0784_ (net)
                  0.06    0.00    7.08 ^ _3797_/B (Nand_gate)
                  0.05    0.06    7.14 v _3797_/Y (Nand_gate)
     2    0.01                           _0786_ (net)
                  0.05    0.00    7.14 v _3798_/B (Nand_gate)
                  0.04    0.04    7.18 ^ _3798_/Y (Nand_gate)
     1    0.00                           _0788_ (net)
                  0.04    0.00    7.18 ^ _3799_/B (Nor_gate)
                  0.03    0.03    7.21 v _3799_/Y (Nor_gate)
     1    0.00                           _0789_ (net)
                  0.03    0.00    7.21 v _3825_/A (Nor_gate)
                  0.42    0.34    7.55 ^ _3825_/Y (Nor_gate)
     2    0.03                           _0817_ (net)
                  0.42    0.00    7.55 ^ _3826_/A (inverter)
                  0.09    0.12    7.68 v _3826_/Y (inverter)
     1    0.01                           net81 (net)
                  0.09    0.00    7.68 v output81/A (sky130_fd_sc_hd__clkbuf_4)
                  0.08    0.21    7.89 v output81/X (sky130_fd_sc_hd__clkbuf_4)
     1    0.03                           result[20] (net)
                  0.08    0.00    7.90 v result[20] (out)
                                  7.90   data arrival time

                  0.00   20.00   20.00   clock clk (rise edge)
                          0.00   20.00   clock network delay (ideal)
                         -0.25   19.75   clock uncertainty
                          0.00   19.75   clock reconvergence pessimism
                         -4.00   15.75   output external delay
                                 15.75   data required time
-----------------------------------------------------------------------------
                                 15.75   data required time
                                 -7.90   data arrival time
-----------------------------------------------------------------------------
                                  7.85   slack (MET)


Startpoint: b[0] (input port clocked by clk)
Endpoint: result[18] (output port clocked by clk)
Path Group: clk
Path Type: max
Corner: Typical

Fanout     Cap    Slew   Delay    Time   Description
-----------------------------------------------------------------------------
                  0.00    0.00    0.00   clock clk (rise edge)
                          0.00    0.00   clock network delay (ideal)
                          4.00    4.00 v input external delay
                  0.01    0.01    4.01 v b[0] (in)
     1    0.00                           b[0] (net)
                  0.01    0.00    4.01 v input37/A (sky130_fd_sc_hd__clkbuf_4)
                  0.11    0.20    4.20 v input37/X (sky130_fd_sc_hd__clkbuf_4)
    10    0.05                           net37 (net)
                  0.11    0.01    4.21 v _2331_/A (Nor_gate)
                  0.72    0.58    4.79 ^ _2331_/Y (Nor_gate)
     5    0.05                           _1440_ (net)
                  0.72    0.00    4.79 ^ _2590_/A (Nand_gate)
                  0.19    0.26    5.05 v _2590_/Y (Nand_gate)
     4    0.02                           _1699_ (net)
                  0.19    0.00    5.05 v _3101_/A (Nor_gate)
                  0.29    0.28    5.33 ^ _3101_/Y (Nor_gate)
     3    0.02                           _0033_ (net)
                  0.29    0.00    5.33 ^ _3331_/A (Nand_gate)
                  0.13    0.17    5.50 v _3331_/Y (Nand_gate)
     4    0.02                           _0282_ (net)
                  0.13    0.00    5.50 v _3456_/A (Nor_gate)
                  0.07    0.09    5.59 ^ _3456_/Y (Nor_gate)
     1    0.00                           _0417_ (net)
                  0.07    0.00    5.59 ^ _3457_/B (Nor_gate)
                  0.05    0.05    5.64 v _3457_/Y (Nor_gate)
     2    0.01                           _0418_ (net)
                  0.05    0.00    5.64 v _3513_/A (Nor_gate)
                  0.10    0.11    5.75 ^ _3513_/Y (Nor_gate)
     1    0.00                           _0479_ (net)
                  0.10    0.00    5.75 ^ _3514_/B (Xnor)
                  0.32    0.30    6.05 ^ _3514_/Y (Xnor)
     3    0.01                           _0480_ (net)
                  0.32    0.00    6.05 ^ _3515_/B (Xnor)
                  0.39    0.38    6.44 ^ _3515_/Y (Xnor)
     4    0.01                           _0481_ (net)
                  0.39    0.00    6.44 ^ _3567_/A (inverter)
                  0.07    0.06    6.50 v _3567_/Y (inverter)
     1    0.00                           _0537_ (net)
                  0.07    0.00    6.50 v _3568_/B (Nor_gate)
                  0.15    0.13    6.63 ^ _3568_/Y (Nor_gate)
     2    0.01                           _0539_ (net)
                  0.15    0.00    6.63 ^ _3569_/B (Nand_gate)
                  0.06    0.08    6.71 v _3569_/Y (Nand_gate)
     2    0.01                           _0540_ (net)
                  0.06    0.00    6.71 v _3679_/B (Nor_gate)
                  0.10    0.10    6.80 ^ _3679_/Y (Nor_gate)
     1    0.01                           _0659_ (net)
                  0.10    0.00    6.80 ^ _3690_/A (Nor_gate)
                  0.11    0.11    6.92 v _3690_/Y (Nor_gate)
     3    0.02                           _0671_ (net)
                  0.11    0.00    6.92 v _3692_/A (Nor_gate)
                  0.07    0.09    7.01 ^ _3692_/Y (Nor_gate)
     1    0.00                           _0673_ (net)
                  0.07    0.00    7.01 ^ _3693_/B (Nor_gate)
                  0.04    0.05    7.05 v _3693_/Y (Nor_gate)
     2    0.01                           _0674_ (net)
                  0.04    0.00    7.05 v _3694_/B (Nor_gate)
                  0.12    0.10    7.16 ^ _3694_/Y (Nor_gate)
     2    0.01                           _0675_ (net)
                  0.12    0.00    7.16 ^ _3698_/A (Nor_gate)
                  0.04    0.06    7.22 v _3698_/Y (Nor_gate)
     1    0.01                           _0680_ (net)
                  0.04    0.00    7.22 v _3728_/A (Nor_gate)
                  0.49    0.40    7.62 ^ _3728_/Y (Nor_gate)
     2    0.03                           _0713_ (net)
                  0.49    0.01    7.62 ^ _3729_/A (inverter)
                  0.08    0.06    7.69 v _3729_/Y (inverter)
     1    0.00                           net78 (net)
                  0.08    0.00    7.69 v output78/A (sky130_fd_sc_hd__clkbuf_4)
                  0.08    0.21    7.89 v output78/X (sky130_fd_sc_hd__clkbuf_4)
     1    0.03                           result[18] (net)
                  0.08    0.00    7.89 v result[18] (out)
                                  7.89   data arrival time

                  0.00   20.00   20.00   clock clk (rise edge)
                          0.00   20.00   clock network delay (ideal)
                         -0.25   19.75   clock uncertainty
                          0.00   19.75   clock reconvergence pessimism
                         -4.00   15.75   output external delay
                                 15.75   data required time
-----------------------------------------------------------------------------
                                 15.75   data required time
                                 -7.89   data arrival time
-----------------------------------------------------------------------------
                                  7.86   slack (MET)


Startpoint: b[0] (input port clocked by clk)
Endpoint: result[16] (output port clocked by clk)
Path Group: clk
Path Type: max
Corner: Typical

Fanout     Cap    Slew   Delay    Time   Description
-----------------------------------------------------------------------------
                  0.00    0.00    0.00   clock clk (rise edge)
                          0.00    0.00   clock network delay (ideal)
                          4.00    4.00 v input external delay
                  0.01    0.01    4.01 v b[0] (in)
     1    0.00                           b[0] (net)
                  0.01    0.00    4.01 v input37/A (sky130_fd_sc_hd__clkbuf_4)
                  0.11    0.20    4.20 v input37/X (sky130_fd_sc_hd__clkbuf_4)
    10    0.05                           net37 (net)
                  0.11    0.01    4.21 v _2331_/A (Nor_gate)
                  0.72    0.58    4.79 ^ _2331_/Y (Nor_gate)
     5    0.05                           _1440_ (net)
                  0.72    0.00    4.79 ^ _2590_/A (Nand_gate)
                  0.19    0.26    5.05 v _2590_/Y (Nand_gate)
     4    0.02                           _1699_ (net)
                  0.19    0.00    5.05 v _3101_/A (Nor_gate)
                  0.29    0.28    5.33 ^ _3101_/Y (Nor_gate)
     3    0.02                           _0033_ (net)
                  0.29    0.00    5.33 ^ _3331_/A (Nand_gate)
                  0.13    0.17    5.50 v _3331_/Y (Nand_gate)
     4    0.02                           _0282_ (net)
                  0.13    0.00    5.50 v _3456_/A (Nor_gate)
                  0.07    0.09    5.59 ^ _3456_/Y (Nor_gate)
     1    0.00                           _0417_ (net)
                  0.07    0.00    5.59 ^ _3457_/B (Nor_gate)
                  0.05    0.05    5.64 v _3457_/Y (Nor_gate)
     2    0.01                           _0418_ (net)
                  0.05    0.00    5.64 v _3513_/A (Nor_gate)
                  0.10    0.11    5.75 ^ _3513_/Y (Nor_gate)
     1    0.00                           _0479_ (net)
                  0.10    0.00    5.75 ^ _3514_/B (Xnor)
                  0.32    0.30    6.05 ^ _3514_/Y (Xnor)
     3    0.01                           _0480_ (net)
                  0.32    0.00    6.05 ^ _3515_/B (Xnor)
                  0.39    0.38    6.44 ^ _3515_/Y (Xnor)
     4    0.01                           _0481_ (net)
                  0.39    0.00    6.44 ^ _3567_/A (inverter)
                  0.07    0.06    6.50 v _3567_/Y (inverter)
     1    0.00                           _0537_ (net)
                  0.07    0.00    6.50 v _3568_/B (Nor_gate)
                  0.15    0.13    6.63 ^ _3568_/Y (Nor_gate)
     2    0.01                           _0539_ (net)
                  0.15    0.00    6.63 ^ _3569_/B (Nand_gate)
                  0.06    0.08    6.71 v _3569_/Y (Nand_gate)
     2    0.01                           _0540_ (net)
                  0.06    0.00    6.71 v _3570_/B (Nor_gate)
                  0.07    0.07    6.78 ^ _3570_/Y (Nor_gate)
     1    0.00                           _0541_ (net)
                  0.07    0.00    6.78 ^ _3579_/A (Nor_gate)
                  0.02    0.04    6.81 v _3579_/Y (Nor_gate)
     1    0.00                           _0551_ (net)
                  0.02    0.00    6.81 v _3580_/B (Nand_gate)
                  0.19    0.15    6.96 ^ _3580_/Y (Nand_gate)
     4    0.02                           _0552_ (net)
                  0.19    0.00    6.96 ^ _3591_/A (Nor_gate)
                  0.04    0.06    7.02 v _3591_/Y (Nor_gate)
     1    0.00                           _0564_ (net)
                  0.04    0.00    7.02 v _3592_/B (Nor_gate)
                  0.08    0.07    7.09 ^ _3592_/Y (Nor_gate)
     1    0.00                           _0565_ (net)
                  0.08    0.00    7.09 ^ _3593_/B (Nand_gate)
                  0.04    0.05    7.14 v _3593_/Y (Nand_gate)
     1    0.00                           _0566_ (net)
                  0.04    0.00    7.14 v _3626_/A (Nand_gate)
                  0.04    0.05    7.19 ^ _3626_/Y (Nand_gate)
     1    0.00                           _0602_ (net)
                  0.04    0.00    7.19 ^ _3627_/A (sky130_fd_sc_hd__buf_1)
                  0.28    0.26    7.44 ^ _3627_/X (sky130_fd_sc_hd__buf_1)
     2    0.02                           net76 (net)
                  0.28    0.00    7.45 ^ output76/A (sky130_fd_sc_hd__clkbuf_4)
                  0.11    0.28    7.73 ^ output76/X (sky130_fd_sc_hd__clkbuf_4)
     1    0.03                           result[16] (net)
                  0.11    0.00    7.73 ^ result[16] (out)
                                  7.73   data arrival time

                  0.00   20.00   20.00   clock clk (rise edge)
                          0.00   20.00   clock network delay (ideal)
                         -0.25   19.75   clock uncertainty
                          0.00   19.75   clock reconvergence pessimism
                         -4.00   15.75   output external delay
                                 15.75   data required time
-----------------------------------------------------------------------------
                                 15.75   data required time
                                 -7.73   data arrival time
-----------------------------------------------------------------------------
                                  8.02   slack (MET)


Startpoint: b[0] (input port clocked by clk)
Endpoint: result[15] (output port clocked by clk)
Path Group: clk
Path Type: max
Corner: Typical

Fanout     Cap    Slew   Delay    Time   Description
-----------------------------------------------------------------------------
                  0.00    0.00    0.00   clock clk (rise edge)
                          0.00    0.00   clock network delay (ideal)
                          4.00    4.00 v input external delay
                  0.01    0.01    4.01 v b[0] (in)
     1    0.00                           b[0] (net)
                  0.01    0.00    4.01 v input37/A (sky130_fd_sc_hd__clkbuf_4)
                  0.11    0.20    4.20 v input37/X (sky130_fd_sc_hd__clkbuf_4)
    10    0.05                           net37 (net)
                  0.11    0.01    4.21 v _2331_/A (Nor_gate)
                  0.72    0.58    4.79 ^ _2331_/Y (Nor_gate)
     5    0.05                           _1440_ (net)
                  0.72    0.00    4.79 ^ _2590_/A (Nand_gate)
                  0.19    0.26    5.05 v _2590_/Y (Nand_gate)
     4    0.02                           _1699_ (net)
                  0.19    0.00    5.05 v _2968_/A (Nor_gate)
                  0.14    0.16    5.21 ^ _2968_/Y (Nor_gate)
     1    0.01                           _2071_ (net)
                  0.14    0.00    5.21 ^ _2969_/B (Nor_gate)
                  0.06    0.07    5.28 v _2969_/Y (Nor_gate)
     2    0.01                           _2072_ (net)
                  0.06    0.00    5.28 v _3033_/A (Nor_gate)
                  0.12    0.12    5.40 ^ _3033_/Y (Nor_gate)
     1    0.01                           _2135_ (net)
                  0.12    0.00    5.40 ^ _3034_/B (Xnor)
                  0.34    0.32    5.72 ^ _3034_/Y (Xnor)
     3    0.01                           _2136_ (net)
                  0.34    0.00    5.72 ^ _3035_/B (Xnor)
                  0.31    0.33    6.05 ^ _3035_/Y (Xnor)
     3    0.01                           _2137_ (net)
                  0.31    0.00    6.05 ^ _3083_/B (Nand_gate)
                  0.10    0.14    6.19 v _3083_/Y (Nand_gate)
     3    0.01                           _0014_ (net)
                  0.10    0.00    6.19 v _3084_/B (Nor_gate)
                  0.11    0.11    6.30 ^ _3084_/Y (Nor_gate)
     2    0.01                           _0015_ (net)
                  0.11    0.00    6.30 ^ _3085_/B (Nand_gate)
                  0.04    0.05    6.36 v _3085_/Y (Nand_gate)
     1    0.00                           _0016_ (net)
                  0.04    0.00    6.36 v _3098_/A (Nand_gate)
                  0.16    0.13    6.49 ^ _3098_/Y (Nand_gate)
     3    0.02                           _0030_ (net)
                  0.16    0.00    6.49 ^ _3342_/A (Nand_gate)
                  0.08    0.10    6.59 v _3342_/Y (Nand_gate)
     2    0.01                           _0294_ (net)
                  0.08    0.00    6.59 v _3354_/A (Nand_gate)
                  0.09    0.09    6.68 ^ _3354_/Y (Nand_gate)
     3    0.01                           _0307_ (net)
                  0.09    0.00    6.68 ^ _3466_/A (inverter)
                  0.02    0.03    6.72 v _3466_/Y (inverter)
     1    0.00                           _0428_ (net)
                  0.02    0.00    6.72 v _3468_/A (Nor_gate)
                  0.09    0.09    6.81 ^ _3468_/Y (Nor_gate)
     1    0.00                           _0431_ (net)
                  0.09    0.00    6.81 ^ _3469_/B (Nor_gate)
                  0.04    0.05    6.86 v _3469_/Y (Nor_gate)
     2    0.01                           _0432_ (net)
                  0.04    0.00    6.86 v _3471_/B (Nor_gate)
                  0.12    0.10    6.96 ^ _3471_/Y (Nor_gate)
     2    0.01                           _0434_ (net)
                  0.12    0.00    6.96 ^ _3517_/A (inverter)
                  0.03    0.04    7.00 v _3517_/Y (inverter)
     1    0.00                           _0483_ (net)
                  0.03    0.00    7.00 v _3518_/B (Nand_gate)
                  0.06    0.05    7.05 ^ _3518_/Y (Nand_gate)
     2    0.01                           _0485_ (net)
                  0.06    0.00    7.05 ^ _3520_/B (Nor_gate)
                  0.06    0.03    7.09 v _3520_/Y (Nor_gate)
     1    0.00                           _0487_ (net)
                  0.06    0.00    7.09 v _3521_/B (Nor_gate)
                  0.07    0.07    7.16 ^ _3521_/Y (Nor_gate)
     1    0.00                           _0488_ (net)
                  0.07    0.00    7.16 ^ _3522_/B (Nand_gate)
                  0.03    0.05    7.20 v _3522_/Y (Nand_gate)
     1    0.00                           _0489_ (net)
                  0.03    0.00    7.20 v _3557_/A (Nand_gate)
                  0.04    0.04    7.25 ^ _3557_/Y (Nand_gate)
     1    0.00                           _0527_ (net)
                  0.04    0.00    7.25 ^ _3558_/A (sky130_fd_sc_hd__buf_1)
                  0.17    0.17    7.42 ^ _3558_/X (sky130_fd_sc_hd__buf_1)
     2    0.01                           net75 (net)
                  0.17    0.00    7.42 ^ output75/A (sky130_fd_sc_hd__clkbuf_4)
                  0.11    0.24    7.66 ^ output75/X (sky130_fd_sc_hd__clkbuf_4)
     1    0.03                           result[15] (net)
                  0.11    0.00    7.66 ^ result[15] (out)
                                  7.66   data arrival time

                  0.00   20.00   20.00   clock clk (rise edge)
                          0.00   20.00   clock network delay (ideal)
                         -0.25   19.75   clock uncertainty
                          0.00   19.75   clock reconvergence pessimism
                         -4.00   15.75   output external delay
                                 15.75   data required time
-----------------------------------------------------------------------------
                                 15.75   data required time
                                 -7.66   data arrival time
-----------------------------------------------------------------------------
                                  8.09   slack (MET)


Startpoint: b[0] (input port clocked by clk)
Endpoint: result[11] (output port clocked by clk)
Path Group: clk
Path Type: max
Corner: Typical

Fanout     Cap    Slew   Delay    Time   Description
-----------------------------------------------------------------------------
                  0.00    0.00    0.00   clock clk (rise edge)
                          0.00    0.00   clock network delay (ideal)
                          4.00    4.00 v input external delay
                  0.01    0.01    4.01 v b[0] (in)
     1    0.00                           b[0] (net)
                  0.01    0.00    4.01 v input37/A (sky130_fd_sc_hd__clkbuf_4)
                  0.11    0.20    4.20 v input37/X (sky130_fd_sc_hd__clkbuf_4)
    10    0.05                           net37 (net)
                  0.11    0.01    4.21 v _2331_/A (Nor_gate)
                  0.72    0.58    4.79 ^ _2331_/Y (Nor_gate)
     5    0.05                           _1440_ (net)
                  0.72    0.00    4.79 ^ _2590_/A (Nand_gate)
                  0.19    0.26    5.05 v _2590_/Y (Nand_gate)
     4    0.02                           _1699_ (net)
                  0.19    0.00    5.05 v _2968_/A (Nor_gate)
                  0.14    0.16    5.21 ^ _2968_/Y (Nor_gate)
     1    0.01                           _2071_ (net)
                  0.14    0.00    5.21 ^ _2969_/B (Nor_gate)
                  0.06    0.07    5.28 v _2969_/Y (Nor_gate)
     2    0.01                           _2072_ (net)
                  0.06    0.00    5.28 v _3033_/A (Nor_gate)
                  0.12    0.12    5.40 ^ _3033_/Y (Nor_gate)
     1    0.01                           _2135_ (net)
                  0.12    0.00    5.40 ^ _3034_/B (Xnor)
                  0.34    0.32    5.72 ^ _3034_/Y (Xnor)
     3    0.01                           _2136_ (net)
                  0.34    0.00    5.72 ^ _3035_/B (Xnor)
                  0.31    0.33    6.05 ^ _3035_/Y (Xnor)
     3    0.01                           _2137_ (net)
                  0.31    0.00    6.05 ^ _3083_/B (Nand_gate)
                  0.10    0.14    6.19 v _3083_/Y (Nand_gate)
     3    0.01                           _0014_ (net)
                  0.10    0.00    6.19 v _3084_/B (Nor_gate)
                  0.11    0.11    6.30 ^ _3084_/Y (Nor_gate)
     2    0.01                           _0015_ (net)
                  0.11    0.00    6.30 ^ _3218_/A (inverter)
                  0.03    0.03    6.34 v _3218_/Y (inverter)
     1    0.00                           _0160_ (net)
                  0.03    0.00    6.34 v _3219_/B (Nor_gate)
                  0.07    0.06    6.40 ^ _3219_/Y (Nor_gate)
     1    0.00                           _0161_ (net)
                  0.07    0.00    6.40 ^ _3223_/A (Nor_gate)
                  0.08    0.09    6.48 v _3223_/Y (Nor_gate)
     2    0.02                           _0165_ (net)
                  0.08    0.00    6.49 v _3225_/A (Nor_gate)
                  0.06    0.08    6.57 ^ _3225_/Y (Nor_gate)
     1    0.00                           _0167_ (net)
                  0.06    0.00    6.57 ^ _3226_/B (Nor_gate)
                  0.04    0.05    6.61 v _3226_/Y (Nor_gate)
     2    0.01                           _0168_ (net)
                  0.04    0.00    6.62 v _3228_/B (Nor_gate)
                  0.11    0.09    6.71 ^ _3228_/Y (Nor_gate)
     2    0.01                           _0171_ (net)
                  0.11    0.00    6.71 ^ _3275_/B (Nor_gate)
                  0.04    0.05    6.76 v _3275_/Y (Nor_gate)
     2    0.01                           _0221_ (net)
                  0.04    0.00    6.76 v _3276_/B (Nor_gate)
                  0.08    0.07    6.83 ^ _3276_/Y (Nor_gate)
     1    0.00                           _0222_ (net)
                  0.08    0.00    6.83 ^ _3279_/A (Nor_gate)
                  0.03    0.05    6.88 v _3279_/Y (Nor_gate)
     1    0.00                           _0226_ (net)
                  0.03    0.00    6.88 v _3326_/A (Nor_gate)
                  0.54    0.43    7.31 ^ _3326_/Y (Nor_gate)
     2    0.04                           _0277_ (net)
                  0.54    0.00    7.31 ^ _3327_/A (inverter)
                  0.08    0.07    7.38 v _3327_/Y (inverter)
     1    0.00                           net71 (net)
                  0.08    0.00    7.38 v output71/A (sky130_fd_sc_hd__clkbuf_4)
                  0.08    0.21    7.59 v output71/X (sky130_fd_sc_hd__clkbuf_4)
     1    0.03                           result[11] (net)
                  0.08    0.00    7.59 v result[11] (out)
                                  7.59   data arrival time

                  0.00   20.00   20.00   clock clk (rise edge)
                          0.00   20.00   clock network delay (ideal)
                         -0.25   19.75   clock uncertainty
                          0.00   19.75   clock reconvergence pessimism
                         -4.00   15.75   output external delay
                                 15.75   data required time
-----------------------------------------------------------------------------
                                 15.75   data required time
                                 -7.59   data arrival time
-----------------------------------------------------------------------------
                                  8.16   slack (MET)


Startpoint: b[0] (input port clocked by clk)
Endpoint: result[14] (output port clocked by clk)
Path Group: clk
Path Type: max
Corner: Typical

Fanout     Cap    Slew   Delay    Time   Description
-----------------------------------------------------------------------------
                  0.00    0.00    0.00   clock clk (rise edge)
                          0.00    0.00   clock network delay (ideal)
                          4.00    4.00 v input external delay
                  0.01    0.01    4.01 v b[0] (in)
     1    0.00                           b[0] (net)
                  0.01    0.00    4.01 v input37/A (sky130_fd_sc_hd__clkbuf_4)
                  0.11    0.20    4.20 v input37/X (sky130_fd_sc_hd__clkbuf_4)
    10    0.05                           net37 (net)
                  0.11    0.01    4.21 v _2331_/A (Nor_gate)
                  0.72    0.58    4.79 ^ _2331_/Y (Nor_gate)
     5    0.05                           _1440_ (net)
                  0.72    0.00    4.79 ^ _2590_/A (Nand_gate)
                  0.19    0.26    5.05 v _2590_/Y (Nand_gate)
     4    0.02                           _1699_ (net)
                  0.19    0.00    5.05 v _2968_/A (Nor_gate)
                  0.14    0.16    5.21 ^ _2968_/Y (Nor_gate)
     1    0.01                           _2071_ (net)
                  0.14    0.00    5.21 ^ _2969_/B (Nor_gate)
                  0.06    0.07    5.28 v _2969_/Y (Nor_gate)
     2    0.01                           _2072_ (net)
                  0.06    0.00    5.28 v _3033_/A (Nor_gate)
                  0.12    0.12    5.40 ^ _3033_/Y (Nor_gate)
     1    0.01                           _2135_ (net)
                  0.12    0.00    5.40 ^ _3034_/B (Xnor)
                  0.34    0.32    5.72 ^ _3034_/Y (Xnor)
     3    0.01                           _2136_ (net)
                  0.34    0.00    5.72 ^ _3035_/B (Xnor)
                  0.31    0.33    6.05 ^ _3035_/Y (Xnor)
     3    0.01                           _2137_ (net)
                  0.31    0.00    6.05 ^ _3083_/B (Nand_gate)
                  0.10    0.14    6.19 v _3083_/Y (Nand_gate)
     3    0.01                           _0014_ (net)
                  0.10    0.00    6.19 v _3084_/B (Nor_gate)
                  0.11    0.11    6.30 ^ _3084_/Y (Nor_gate)
     2    0.01                           _0015_ (net)
                  0.11    0.00    6.30 ^ _3085_/B (Nand_gate)
                  0.04    0.05    6.36 v _3085_/Y (Nand_gate)
     1    0.00                           _0016_ (net)
                  0.04    0.00    6.36 v _3098_/A (Nand_gate)
                  0.16    0.13    6.49 ^ _3098_/Y (Nand_gate)
     3    0.02                           _0030_ (net)
                  0.16    0.00    6.49 ^ _3342_/A (Nand_gate)
                  0.08    0.10    6.59 v _3342_/Y (Nand_gate)
     2    0.01                           _0294_ (net)
                  0.08    0.00    6.59 v _3354_/A (Nand_gate)
                  0.09    0.09    6.68 ^ _3354_/Y (Nand_gate)
     3    0.01                           _0307_ (net)
                  0.09    0.00    6.68 ^ _3466_/A (inverter)
                  0.02    0.03    6.72 v _3466_/Y (inverter)
     1    0.00                           _0428_ (net)
                  0.02    0.00    6.72 v _3468_/A (Nor_gate)
                  0.09    0.09    6.81 ^ _3468_/Y (Nor_gate)
     1    0.00                           _0431_ (net)
                  0.09    0.00    6.81 ^ _3469_/B (Nor_gate)
                  0.04    0.05    6.86 v _3469_/Y (Nor_gate)
     2    0.01                           _0432_ (net)
                  0.04    0.00    6.86 v _3470_/B (Nand_gate)
                  0.05    0.04    6.90 ^ _3470_/Y (Nand_gate)
     1    0.00                           _0433_ (net)
                  0.05    0.00    6.90 ^ _3473_/A (Nand_gate)
                  0.03    0.05    6.94 v _3473_/Y (Nand_gate)
     1    0.00                           _0436_ (net)
                  0.03    0.00    6.94 v _3510_/A (Nand_gate)
                  0.04    0.04    6.98 ^ _3510_/Y (Nand_gate)
     1    0.00                           _0477_ (net)
                  0.04    0.00    6.98 ^ _3511_/A (sky130_fd_sc_hd__buf_1)
                  0.24    0.23    7.21 ^ _3511_/X (sky130_fd_sc_hd__buf_1)
     2    0.02                           net74 (net)
                  0.24    0.00    7.21 ^ output74/A (sky130_fd_sc_hd__clkbuf_4)
                  0.12    0.27    7.48 ^ output74/X (sky130_fd_sc_hd__clkbuf_4)
     1    0.04                           result[14] (net)
                  0.12    0.00    7.48 ^ result[14] (out)
                                  7.48   data arrival time

                  0.00   20.00   20.00   clock clk (rise edge)
                          0.00   20.00   clock network delay (ideal)
                         -0.25   19.75   clock uncertainty
                          0.00   19.75   clock reconvergence pessimism
                         -4.00   15.75   output external delay
                                 15.75   data required time
-----------------------------------------------------------------------------
                                 15.75   data required time
                                 -7.48   data arrival time
-----------------------------------------------------------------------------
                                  8.27   slack (MET)


Startpoint: b[0] (input port clocked by clk)
Endpoint: result[12] (output port clocked by clk)
Path Group: clk
Path Type: max
Corner: Typical

Fanout     Cap    Slew   Delay    Time   Description
-----------------------------------------------------------------------------
                  0.00    0.00    0.00   clock clk (rise edge)
                          0.00    0.00   clock network delay (ideal)
                          4.00    4.00 v input external delay
                  0.01    0.01    4.01 v b[0] (in)
     1    0.00                           b[0] (net)
                  0.01    0.00    4.01 v input37/A (sky130_fd_sc_hd__clkbuf_4)
                  0.11    0.20    4.20 v input37/X (sky130_fd_sc_hd__clkbuf_4)
    10    0.05                           net37 (net)
                  0.11    0.01    4.21 v _2331_/A (Nor_gate)
                  0.72    0.58    4.79 ^ _2331_/Y (Nor_gate)
     5    0.05                           _1440_ (net)
                  0.72    0.00    4.79 ^ _2590_/A (Nand_gate)
                  0.19    0.26    5.05 v _2590_/Y (Nand_gate)
     4    0.02                           _1699_ (net)
                  0.19    0.00    5.05 v _2968_/A (Nor_gate)
                  0.14    0.16    5.21 ^ _2968_/Y (Nor_gate)
     1    0.01                           _2071_ (net)
                  0.14    0.00    5.21 ^ _2969_/B (Nor_gate)
                  0.06    0.07    5.28 v _2969_/Y (Nor_gate)
     2    0.01                           _2072_ (net)
                  0.06    0.00    5.28 v _3033_/A (Nor_gate)
                  0.12    0.12    5.40 ^ _3033_/Y (Nor_gate)
     1    0.01                           _2135_ (net)
                  0.12    0.00    5.40 ^ _3034_/B (Xnor)
                  0.34    0.32    5.72 ^ _3034_/Y (Xnor)
     3    0.01                           _2136_ (net)
                  0.34    0.00    5.72 ^ _3035_/B (Xnor)
                  0.31    0.33    6.05 ^ _3035_/Y (Xnor)
     3    0.01                           _2137_ (net)
                  0.31    0.00    6.05 ^ _3083_/B (Nand_gate)
                  0.10    0.14    6.19 v _3083_/Y (Nand_gate)
     3    0.01                           _0014_ (net)
                  0.10    0.00    6.19 v _3084_/B (Nor_gate)
                  0.11    0.11    6.30 ^ _3084_/Y (Nor_gate)
     2    0.01                           _0015_ (net)
                  0.11    0.00    6.30 ^ _3085_/B (Nand_gate)
                  0.04    0.05    6.36 v _3085_/Y (Nand_gate)
     1    0.00                           _0016_ (net)
                  0.04    0.00    6.36 v _3098_/A (Nand_gate)
                  0.16    0.13    6.49 ^ _3098_/Y (Nand_gate)
     3    0.02                           _0030_ (net)
                  0.16    0.00    6.49 ^ _3342_/A (Nand_gate)
                  0.08    0.10    6.59 v _3342_/Y (Nand_gate)
     2    0.01                           _0294_ (net)
                  0.08    0.00    6.59 v _3354_/A (Nand_gate)
                  0.09    0.09    6.68 ^ _3354_/Y (Nand_gate)
     3    0.01                           _0307_ (net)
                  0.09    0.00    6.68 ^ _3356_/B (Nor_gate)
                  0.03    0.04    6.72 v _3356_/Y (Nor_gate)
     1    0.00                           _0309_ (net)
                  0.03    0.00    6.72 v _3357_/B (Nor_gate)
                  0.07    0.07    6.79 ^ _3357_/Y (Nor_gate)
     1    0.00                           _0310_ (net)
                  0.07    0.00    6.79 ^ _3358_/B (Nand_gate)
                  0.06    0.07    6.86 v _3358_/Y (Nand_gate)
     1    0.01                           _0312_ (net)
                  0.06    0.00    6.86 v _3396_/A (Nand_gate)
                  0.05    0.06    6.91 ^ _3396_/Y (Nand_gate)
     1    0.00                           _0353_ (net)
                  0.05    0.00    6.91 ^ _3397_/A (sky130_fd_sc_hd__buf_1)
                  0.26    0.24    7.15 ^ _3397_/X (sky130_fd_sc_hd__buf_1)
     2    0.02                           net72 (net)
                  0.26    0.00    7.16 ^ output72/A (sky130_fd_sc_hd__clkbuf_4)
                  0.11    0.27    7.43 ^ output72/X (sky130_fd_sc_hd__clkbuf_4)
     1    0.03                           result[12] (net)
                  0.11    0.00    7.43 ^ result[12] (out)
                                  7.43   data arrival time

                  0.00   20.00   20.00   clock clk (rise edge)
                          0.00   20.00   clock network delay (ideal)
                         -0.25   19.75   clock uncertainty
                          0.00   19.75   clock reconvergence pessimism
                         -4.00   15.75   output external delay
                                 15.75   data required time
-----------------------------------------------------------------------------
                                 15.75   data required time
                                 -7.43   data arrival time
-----------------------------------------------------------------------------
                                  8.32   slack (MET)


Startpoint: b[0] (input port clocked by clk)
Endpoint: result[9] (output port clocked by clk)
Path Group: clk
Path Type: max
Corner: Typical

Fanout     Cap    Slew   Delay    Time   Description
-----------------------------------------------------------------------------
                  0.00    0.00    0.00   clock clk (rise edge)
                          0.00    0.00   clock network delay (ideal)
                          4.00    4.00 v input external delay
                  0.01    0.01    4.01 v b[0] (in)
     1    0.00                           b[0] (net)
                  0.01    0.00    4.01 v input37/A (sky130_fd_sc_hd__clkbuf_4)
                  0.11    0.20    4.20 v input37/X (sky130_fd_sc_hd__clkbuf_4)
    10    0.05                           net37 (net)
                  0.11    0.01    4.21 v _2331_/A (Nor_gate)
                  0.72    0.58    4.79 ^ _2331_/Y (Nor_gate)
     5    0.05                           _1440_ (net)
                  0.72    0.00    4.79 ^ _2590_/A (Nand_gate)
                  0.19    0.26    5.05 v _2590_/Y (Nand_gate)
     4    0.02                           _1699_ (net)
                  0.19    0.00    5.05 v _2968_/A (Nor_gate)
                  0.14    0.16    5.21 ^ _2968_/Y (Nor_gate)
     1    0.01                           _2071_ (net)
                  0.14    0.00    5.21 ^ _2969_/B (Nor_gate)
                  0.06    0.07    5.28 v _2969_/Y (Nor_gate)
     2    0.01                           _2072_ (net)
                  0.06    0.00    5.28 v _3033_/A (Nor_gate)
                  0.12    0.12    5.40 ^ _3033_/Y (Nor_gate)
     1    0.01                           _2135_ (net)
                  0.12    0.00    5.40 ^ _3034_/B (Xnor)
                  0.34    0.32    5.72 ^ _3034_/Y (Xnor)
     3    0.01                           _2136_ (net)
                  0.34    0.00    5.72 ^ _3035_/B (Xnor)
                  0.31    0.33    6.05 ^ _3035_/Y (Xnor)
     3    0.01                           _2137_ (net)
                  0.31    0.00    6.05 ^ _3083_/B (Nand_gate)
                  0.10    0.14    6.19 v _3083_/Y (Nand_gate)
     3    0.01                           _0014_ (net)
                  0.10    0.00    6.19 v _3084_/B (Nor_gate)
                  0.11    0.11    6.30 ^ _3084_/Y (Nor_gate)
     2    0.01                           _0015_ (net)
                  0.11    0.00    6.30 ^ _3085_/B (Nand_gate)
                  0.04    0.05    6.36 v _3085_/Y (Nand_gate)
     1    0.00                           _0016_ (net)
                  0.04    0.00    6.36 v _3098_/A (Nand_gate)
                  0.16    0.13    6.49 ^ _3098_/Y (Nand_gate)
     3    0.02                           _0030_ (net)
                  0.16    0.00    6.49 ^ _3108_/A (Nand_gate)
                  0.06    0.08    6.57 v _3108_/Y (Nand_gate)
     2    0.01                           _0041_ (net)
                  0.06    0.00    6.57 v _3160_/B (Nand_gate)
                  0.06    0.06    6.63 ^ _3160_/Y (Nand_gate)
     2    0.01                           _0097_ (net)
                  0.06    0.00    6.63 ^ _3162_/B (Nand_gate)
                  0.04    0.04    6.67 v _3162_/Y (Nand_gate)
     1    0.00                           _0099_ (net)
                  0.04    0.00    6.67 v _3163_/B (Nand_gate)
                  0.05    0.04    6.71 ^ _3163_/Y (Nand_gate)
     1    0.00                           _0100_ (net)
                  0.05    0.00    6.71 ^ _3164_/B (Nor_gate)
                  0.03    0.04    6.75 v _3164_/Y (Nor_gate)
     1    0.01                           _0101_ (net)
                  0.03    0.00    6.75 v _3207_/A (Nor_gate)
                  0.40    0.32    7.07 ^ _3207_/Y (Nor_gate)
     2    0.03                           _0148_ (net)
                  0.40    0.00    7.07 ^ _3208_/A (inverter)
                  0.08    0.09    7.16 v _3208_/Y (inverter)
     1    0.01                           net100 (net)
                  0.08    0.00    7.16 v output100/A (sky130_fd_sc_hd__clkbuf_4)
                  0.08    0.21    7.37 v output100/X (sky130_fd_sc_hd__clkbuf_4)
     1    0.03                           result[9] (net)
                  0.08    0.00    7.37 v result[9] (out)
                                  7.37   data arrival time

                  0.00   20.00   20.00   clock clk (rise edge)
                          0.00   20.00   clock network delay (ideal)
                         -0.25   19.75   clock uncertainty
                          0.00   19.75   clock reconvergence pessimism
                         -4.00   15.75   output external delay
                                 15.75   data required time
-----------------------------------------------------------------------------
                                 15.75   data required time
                                 -7.37   data arrival time
-----------------------------------------------------------------------------
                                  8.38   slack (MET)


Startpoint: b[0] (input port clocked by clk)
Endpoint: result[13] (output port clocked by clk)
Path Group: clk
Path Type: max
Corner: Typical

Fanout     Cap    Slew   Delay    Time   Description
-----------------------------------------------------------------------------
                  0.00    0.00    0.00   clock clk (rise edge)
                          0.00    0.00   clock network delay (ideal)
                          4.00    4.00 v input external delay
                  0.01    0.01    4.01 v b[0] (in)
     1    0.00                           b[0] (net)
                  0.01    0.00    4.01 v input37/A (sky130_fd_sc_hd__clkbuf_4)
                  0.11    0.20    4.20 v input37/X (sky130_fd_sc_hd__clkbuf_4)
    10    0.05                           net37 (net)
                  0.11    0.01    4.21 v _2331_/A (Nor_gate)
                  0.72    0.58    4.79 ^ _2331_/Y (Nor_gate)
     5    0.05                           _1440_ (net)
                  0.72    0.00    4.79 ^ _2590_/A (Nand_gate)
                  0.19    0.26    5.05 v _2590_/Y (Nand_gate)
     4    0.02                           _1699_ (net)
                  0.19    0.00    5.05 v _2968_/A (Nor_gate)
                  0.14    0.16    5.21 ^ _2968_/Y (Nor_gate)
     1    0.01                           _2071_ (net)
                  0.14    0.00    5.21 ^ _2969_/B (Nor_gate)
                  0.06    0.07    5.28 v _2969_/Y (Nor_gate)
     2    0.01                           _2072_ (net)
                  0.06    0.00    5.28 v _3033_/A (Nor_gate)
                  0.12    0.12    5.40 ^ _3033_/Y (Nor_gate)
     1    0.01                           _2135_ (net)
                  0.12    0.00    5.40 ^ _3034_/B (Xnor)
                  0.34    0.32    5.72 ^ _3034_/Y (Xnor)
     3    0.01                           _2136_ (net)
                  0.34    0.00    5.72 ^ _3035_/B (Xnor)
                  0.31    0.33    6.05 ^ _3035_/Y (Xnor)
     3    0.01                           _2137_ (net)
                  0.31    0.00    6.05 ^ _3083_/B (Nand_gate)
                  0.10    0.14    6.19 v _3083_/Y (Nand_gate)
     3    0.01                           _0014_ (net)
                  0.10    0.00    6.19 v _3084_/B (Nor_gate)
                  0.11    0.11    6.30 ^ _3084_/Y (Nor_gate)
     2    0.01                           _0015_ (net)
                  0.11    0.00    6.30 ^ _3085_/B (Nand_gate)
                  0.04    0.05    6.36 v _3085_/Y (Nand_gate)
     1    0.00                           _0016_ (net)
                  0.04    0.00    6.36 v _3098_/A (Nand_gate)
                  0.16    0.13    6.49 ^ _3098_/Y (Nand_gate)
     3    0.02                           _0030_ (net)
                  0.16    0.00    6.49 ^ _3342_/A (Nand_gate)
                  0.08    0.10    6.59 v _3342_/Y (Nand_gate)
     2    0.01                           _0294_ (net)
                  0.08    0.00    6.59 v _3354_/A (Nand_gate)
                  0.09    0.09    6.68 ^ _3354_/Y (Nand_gate)
     3    0.01                           _0307_ (net)
                  0.09    0.00    6.68 ^ _3355_/B (Nand_gate)
                  0.06    0.07    6.75 v _3355_/Y (Nand_gate)
     2    0.01                           _0308_ (net)
                  0.06    0.00    6.76 v _3405_/B (Nand_gate)
                  0.06    0.06    6.82 ^ _3405_/Y (Nand_gate)
     2    0.01                           _0362_ (net)
                  0.06    0.00    6.82 ^ _3407_/B (Nand_gate)
                  0.05    0.04    6.86 v _3407_/Y (Nand_gate)
     1    0.00                           _0364_ (net)
                  0.05    0.00    6.86 v _3408_/B (Nand_gate)
                  0.05    0.04    6.90 ^ _3408_/Y (Nand_gate)
     1    0.00                           _0366_ (net)
                  0.05    0.00    6.90 ^ _3409_/B (Nor_gate)
                  0.03    0.03    6.93 v _3409_/Y (Nor_gate)
     1    0.00                           _0367_ (net)
                  0.03    0.00    6.93 v _3452_/A (Nor_gate)
                  0.18    0.16    7.09 ^ _3452_/Y (Nor_gate)
     2    0.01                           _0414_ (net)
                  0.18    0.00    7.09 ^ _3453_/A (inverter)
                  0.04    0.05    7.14 v _3453_/Y (inverter)
     1    0.00                           net73 (net)
                  0.04    0.00    7.14 v output73/A (sky130_fd_sc_hd__clkbuf_4)
                  0.08    0.19    7.33 v output73/X (sky130_fd_sc_hd__clkbuf_4)
     1    0.03                           result[13] (net)
                  0.08    0.00    7.33 v result[13] (out)
                                  7.33   data arrival time

                  0.00   20.00   20.00   clock clk (rise edge)
                          0.00   20.00   clock network delay (ideal)
                         -0.25   19.75   clock uncertainty
                          0.00   19.75   clock reconvergence pessimism
                         -4.00   15.75   output external delay
                                 15.75   data required time
-----------------------------------------------------------------------------
                                 15.75   data required time
                                 -7.33   data arrival time
-----------------------------------------------------------------------------
                                  8.42   slack (MET)


Startpoint: b[0] (input port clocked by clk)
Endpoint: result[10] (output port clocked by clk)
Path Group: clk
Path Type: max
Corner: Typical

Fanout     Cap    Slew   Delay    Time   Description
-----------------------------------------------------------------------------
                  0.00    0.00    0.00   clock clk (rise edge)
                          0.00    0.00   clock network delay (ideal)
                          4.00    4.00 v input external delay
                  0.01    0.01    4.01 v b[0] (in)
     1    0.00                           b[0] (net)
                  0.01    0.00    4.01 v input37/A (sky130_fd_sc_hd__clkbuf_4)
                  0.11    0.20    4.20 v input37/X (sky130_fd_sc_hd__clkbuf_4)
    10    0.05                           net37 (net)
                  0.11    0.01    4.21 v _2331_/A (Nor_gate)
                  0.72    0.58    4.79 ^ _2331_/Y (Nor_gate)
     5    0.05                           _1440_ (net)
                  0.72    0.00    4.79 ^ _2590_/A (Nand_gate)
                  0.19    0.26    5.05 v _2590_/Y (Nand_gate)
     4    0.02                           _1699_ (net)
                  0.19    0.00    5.05 v _2968_/A (Nor_gate)
                  0.14    0.16    5.21 ^ _2968_/Y (Nor_gate)
     1    0.01                           _2071_ (net)
                  0.14    0.00    5.21 ^ _2969_/B (Nor_gate)
                  0.06    0.07    5.28 v _2969_/Y (Nor_gate)
     2    0.01                           _2072_ (net)
                  0.06    0.00    5.28 v _3033_/A (Nor_gate)
                  0.12    0.12    5.40 ^ _3033_/Y (Nor_gate)
     1    0.01                           _2135_ (net)
                  0.12    0.00    5.40 ^ _3034_/B (Xnor)
                  0.34    0.32    5.72 ^ _3034_/Y (Xnor)
     3    0.01                           _2136_ (net)
                  0.34    0.00    5.72 ^ _3035_/B (Xnor)
                  0.31    0.33    6.05 ^ _3035_/Y (Xnor)
     3    0.01                           _2137_ (net)
                  0.31    0.00    6.05 ^ _3083_/B (Nand_gate)
                  0.10    0.14    6.19 v _3083_/Y (Nand_gate)
     3    0.01                           _0014_ (net)
                  0.10    0.00    6.19 v _3084_/B (Nor_gate)
                  0.11    0.11    6.30 ^ _3084_/Y (Nor_gate)
     2    0.01                           _0015_ (net)
                  0.11    0.00    6.30 ^ _3218_/A (inverter)
                  0.03    0.03    6.34 v _3218_/Y (inverter)
     1    0.00                           _0160_ (net)
                  0.03    0.00    6.34 v _3219_/B (Nor_gate)
                  0.07    0.06    6.40 ^ _3219_/Y (Nor_gate)
     1    0.00                           _0161_ (net)
                  0.07    0.00    6.40 ^ _3223_/A (Nor_gate)
                  0.08    0.09    6.48 v _3223_/Y (Nor_gate)
     2    0.02                           _0165_ (net)
                  0.08    0.00    6.49 v _3225_/A (Nor_gate)
                  0.06    0.08    6.57 ^ _3225_/Y (Nor_gate)
     1    0.00                           _0167_ (net)
                  0.06    0.00    6.57 ^ _3226_/B (Nor_gate)
                  0.04    0.05    6.61 v _3226_/Y (Nor_gate)
     2    0.01                           _0168_ (net)
                  0.04    0.00    6.62 v _3228_/B (Nor_gate)
                  0.11    0.09    6.71 ^ _3228_/Y (Nor_gate)
     2    0.01                           _0171_ (net)
                  0.11    0.00    6.71 ^ _3229_/B (Nor_gate)
                  0.05    0.04    6.75 v _3229_/Y (Nor_gate)
     1    0.00                           _0172_ (net)
                  0.05    0.00    6.75 v _3230_/B (Nand_gate)
                  0.09    0.08    6.83 ^ _3230_/Y (Nand_gate)
     1    0.01                           _0173_ (net)
                  0.09    0.00    6.83 ^ _3267_/A (Nand_gate)
                  0.03    0.05    6.88 v _3267_/Y (Nand_gate)
     1    0.00                           _0213_ (net)
                  0.03    0.00    6.88 v _3268_/A (sky130_fd_sc_hd__clkbuf_2)
                  0.15    0.20    7.08 v _3268_/X (sky130_fd_sc_hd__clkbuf_2)
     3    0.04                           net70 (net)
                  0.15    0.00    7.08 v output70/A (sky130_fd_sc_hd__clkbuf_4)
                  0.08    0.24    7.32 v output70/X (sky130_fd_sc_hd__clkbuf_4)
     1    0.03                           result[10] (net)
                  0.08    0.00    7.32 v result[10] (out)
                                  7.32   data arrival time

                  0.00   20.00   20.00   clock clk (rise edge)
                          0.00   20.00   clock network delay (ideal)
                         -0.25   19.75   clock uncertainty
                          0.00   19.75   clock reconvergence pessimism
                         -4.00   15.75   output external delay
                                 15.75   data required time
-----------------------------------------------------------------------------
                                 15.75   data required time
                                 -7.32   data arrival time
-----------------------------------------------------------------------------
                                  8.43   slack (MET)


Startpoint: b[0] (input port clocked by clk)
Endpoint: result[8] (output port clocked by clk)
Path Group: clk
Path Type: max
Corner: Typical

Fanout     Cap    Slew   Delay    Time   Description
-----------------------------------------------------------------------------
                  0.00    0.00    0.00   clock clk (rise edge)
                          0.00    0.00   clock network delay (ideal)
                          4.00    4.00 v input external delay
                  0.01    0.01    4.01 v b[0] (in)
     1    0.00                           b[0] (net)
                  0.01    0.00    4.01 v input37/A (sky130_fd_sc_hd__clkbuf_4)
                  0.11    0.20    4.20 v input37/X (sky130_fd_sc_hd__clkbuf_4)
    10    0.05                           net37 (net)
                  0.11    0.01    4.21 v _2331_/A (Nor_gate)
                  0.72    0.58    4.79 ^ _2331_/Y (Nor_gate)
     5    0.05                           _1440_ (net)
                  0.72    0.00    4.79 ^ _2590_/A (Nand_gate)
                  0.19    0.26    5.05 v _2590_/Y (Nand_gate)
     4    0.02                           _1699_ (net)
                  0.19    0.00    5.05 v _2968_/A (Nor_gate)
                  0.14    0.16    5.21 ^ _2968_/Y (Nor_gate)
     1    0.01                           _2071_ (net)
                  0.14    0.00    5.21 ^ _2969_/B (Nor_gate)
                  0.06    0.07    5.28 v _2969_/Y (Nor_gate)
     2    0.01                           _2072_ (net)
                  0.06    0.00    5.28 v _3033_/A (Nor_gate)
                  0.12    0.12    5.40 ^ _3033_/Y (Nor_gate)
     1    0.01                           _2135_ (net)
                  0.12    0.00    5.40 ^ _3034_/B (Xnor)
                  0.34    0.32    5.72 ^ _3034_/Y (Xnor)
     3    0.01                           _2136_ (net)
                  0.34    0.00    5.72 ^ _3035_/B (Xnor)
                  0.31    0.33    6.05 ^ _3035_/Y (Xnor)
     3    0.01                           _2137_ (net)
                  0.31    0.00    6.05 ^ _3083_/B (Nand_gate)
                  0.10    0.14    6.19 v _3083_/Y (Nand_gate)
     3    0.01                           _0014_ (net)
                  0.10    0.00    6.19 v _3084_/B (Nor_gate)
                  0.11    0.11    6.30 ^ _3084_/Y (Nor_gate)
     2    0.01                           _0015_ (net)
                  0.11    0.00    6.30 ^ _3085_/B (Nand_gate)
                  0.04    0.05    6.36 v _3085_/Y (Nand_gate)
     1    0.00                           _0016_ (net)
                  0.04    0.00    6.36 v _3098_/A (Nand_gate)
                  0.16    0.13    6.49 ^ _3098_/Y (Nand_gate)
     3    0.02                           _0030_ (net)
                  0.16    0.00    6.49 ^ _3110_/A (Nor_gate)
                  0.04    0.06    6.55 v _3110_/Y (Nor_gate)
     1    0.00                           _0043_ (net)
                  0.04    0.00    6.55 v _3111_/B (Nor_gate)
                  0.08    0.07    6.62 ^ _3111_/Y (Nor_gate)
     1    0.00                           _0044_ (net)
                  0.08    0.00    6.62 ^ _3112_/B (Nand_gate)
                  0.03    0.05    6.66 v _3112_/Y (Nand_gate)
     1    0.00                           _0045_ (net)
                  0.03    0.00    6.66 v _3150_/A (Nand_gate)
                  0.04    0.05    6.71 ^ _3150_/Y (Nand_gate)
     1    0.00                           _0087_ (net)
                  0.04    0.00    6.71 ^ _3151_/A (sky130_fd_sc_hd__buf_1)
                  0.10    0.12    6.84 ^ _3151_/X (sky130_fd_sc_hd__buf_1)
     2    0.01                           net99 (net)
                  0.10    0.00    6.84 ^ output99/A (sky130_fd_sc_hd__clkbuf_4)
                  0.11    0.21    7.05 ^ output99/X (sky130_fd_sc_hd__clkbuf_4)
     1    0.03                           result[8] (net)
                  0.11    0.00    7.05 ^ result[8] (out)
                                  7.05   data arrival time

                  0.00   20.00   20.00   clock clk (rise edge)
                          0.00   20.00   clock network delay (ideal)
                         -0.25   19.75   clock uncertainty
                          0.00   19.75   clock reconvergence pessimism
                         -4.00   15.75   output external delay
                                 15.75   data required time
-----------------------------------------------------------------------------
                                 15.75   data required time
                                 -7.05   data arrival time
-----------------------------------------------------------------------------
                                  8.70   slack (MET)


Startpoint: b[3] (input port clocked by clk)
Endpoint: result[7] (output port clocked by clk)
Path Group: clk
Path Type: max
Corner: Typical

Fanout     Cap    Slew   Delay    Time   Description
-----------------------------------------------------------------------------
                  0.00    0.00    0.00   clock clk (rise edge)
                          0.00    0.00   clock network delay (ideal)
                          4.00    4.00 ^ input external delay
                  0.02    0.01    4.01 ^ b[3] (in)
     1    0.00                           b[3] (net)
                  0.02    0.00    4.01 ^ input62/A (sky130_fd_sc_hd__buf_2)
                  0.28    0.27    4.28 ^ input62/X (sky130_fd_sc_hd__buf_2)
     6    0.06                           net62 (net)
                  0.28    0.01    4.29 ^ _2315_/A (inverter)
                  0.19    0.21    4.51 v _2315_/Y (inverter)
     8    0.04                           _1424_ (net)
                  0.19    0.01    4.52 v _2528_/B (Nand_gate)
                  0.27    0.25    4.76 ^ _2528_/Y (Nand_gate)
     7    0.03                           _1637_ (net)
                  0.27    0.00    4.76 ^ _2861_/B (Nor_gate)
                  0.08    0.11    4.88 v _2861_/Y (Nor_gate)
     2    0.01                           _1966_ (net)
                  0.08    0.00    4.88 v _2862_/A (Nor_gate)
                  0.24    0.22    5.10 ^ _2862_/Y (Nor_gate)
     2    0.01                           _1967_ (net)
                  0.24    0.00    5.10 ^ _2919_/B (Nor_gate)
                  0.04    0.06    5.16 v _2919_/Y (Nor_gate)
     1    0.00                           _2023_ (net)
                  0.04    0.00    5.16 v _2920_/B (Nor_gate)
                  0.18    0.15    5.31 ^ _2920_/Y (Nor_gate)
     2    0.01                           _2024_ (net)
                  0.18    0.00    5.31 ^ _2921_/B (Xnor)
                  0.28    0.28    5.59 ^ _2921_/Y (Xnor)
     2    0.01                           _2025_ (net)
                  0.28    0.00    5.59 ^ _2922_/B (Xnor)
                  0.29    0.30    5.90 ^ _2922_/Y (Xnor)
     3    0.01                           _2026_ (net)
                  0.29    0.00    5.90 ^ _2982_/B (Nand_gate)
                  0.08    0.11    6.01 v _2982_/Y (Nand_gate)
     2    0.01                           _2085_ (net)
                  0.08    0.00    6.01 v _2983_/B (Nor_gate)
                  0.07    0.08    6.08 ^ _2983_/Y (Nor_gate)
     1    0.00                           _2086_ (net)
                  0.07    0.00    6.08 ^ _2984_/B (Nor_gate)
                  0.05    0.05    6.14 v _2984_/Y (Nor_gate)
     2    0.01                           _2087_ (net)
                  0.05    0.00    6.14 v _2986_/B (Nor_gate)
                  0.12    0.11    6.25 ^ _2986_/Y (Nor_gate)
     2    0.01                           _2089_ (net)
                  0.12    0.00    6.25 ^ _3037_/A (inverter)
                  0.03    0.04    6.28 v _3037_/Y (inverter)
     1    0.00                           _2139_ (net)
                  0.03    0.00    6.28 v _3038_/B (Nand_gate)
                  0.06    0.05    6.34 ^ _3038_/Y (Nand_gate)
     2    0.01                           _2140_ (net)
                  0.06    0.00    6.34 ^ _3040_/B (Nand_gate)
                  0.05    0.04    6.38 v _3040_/Y (Nand_gate)
     1    0.00                           _2142_ (net)
                  0.05    0.00    6.38 v _3041_/B (Nand_gate)
                  0.05    0.04    6.42 ^ _3041_/Y (Nand_gate)
     1    0.00                           _2143_ (net)
                  0.05    0.00    6.42 ^ _3042_/B (Nor_gate)
                  0.03    0.03    6.45 v _3042_/Y (Nor_gate)
     1    0.00                           _2144_ (net)
                  0.03    0.00    6.45 v _3080_/A (Nor_gate)
                  0.18    0.16    6.62 ^ _3080_/Y (Nor_gate)
     2    0.01                           _0012_ (net)
                  0.18    0.00    6.62 ^ _3081_/A (inverter)
                  0.10    0.12    6.73 v _3081_/Y (inverter)
     1    0.02                           net98 (net)
                  0.10    0.00    6.74 v output98/A (sky130_fd_sc_hd__clkbuf_4)
                  0.08    0.22    6.96 v output98/X (sky130_fd_sc_hd__clkbuf_4)
     1    0.03                           result[7] (net)
                  0.08    0.00    6.96 v result[7] (out)
                                  6.96   data arrival time

                  0.00   20.00   20.00   clock clk (rise edge)
                          0.00   20.00   clock network delay (ideal)
                         -0.25   19.75   clock uncertainty
                          0.00   19.75   clock reconvergence pessimism
                         -4.00   15.75   output external delay
                                 15.75   data required time
-----------------------------------------------------------------------------
                                 15.75   data required time
                                 -6.96   data arrival time
-----------------------------------------------------------------------------
                                  8.79   slack (MET)


Startpoint: b[0] (input port clocked by clk)
Endpoint: result[4] (output port clocked by clk)
Path Group: clk
Path Type: max
Corner: Typical

Fanout     Cap    Slew   Delay    Time   Description
-----------------------------------------------------------------------------
                  0.00    0.00    0.00   clock clk (rise edge)
                          0.00    0.00   clock network delay (ideal)
                          4.00    4.00 ^ input external delay
                  0.02    0.01    4.01 ^ b[0] (in)
     1    0.00                           b[0] (net)
                  0.02    0.00    4.01 ^ input37/A (sky130_fd_sc_hd__clkbuf_4)
                  0.16    0.22    4.23 ^ input37/X (sky130_fd_sc_hd__clkbuf_4)
    10    0.05                           net37 (net)
                  0.16    0.00    4.24 ^ _2324_/A (sky130_fd_sc_hd__clkbuf_4)
                  0.20    0.30    4.54 ^ _2324_/X (sky130_fd_sc_hd__clkbuf_4)
    10    0.07                           _1433_ (net)
                  0.20    0.00    4.54 ^ _2498_/A (sky130_fd_sc_hd__buf_4)
                  0.19    0.28    4.82 ^ _2498_/X (sky130_fd_sc_hd__buf_4)
    10    0.07                           _1607_ (net)
                  0.19    0.01    4.83 ^ _2499_/A (sky130_fd_sc_hd__clkbuf_4)
                  0.18    0.30    5.13 ^ _2499_/X (sky130_fd_sc_hd__clkbuf_4)
    10    0.06                           _1608_ (net)
                  0.18    0.00    5.13 ^ _2500_/S (Mux)
                  0.04    0.24    5.37 v _2500_/Y (Mux)
     1    0.00                           _1609_ (net)
                  0.04    0.00    5.37 v _2503_/A (Mux)
                  0.09    0.29    5.65 v _2503_/Y (Mux)
     2    0.01                           _1612_ (net)
                  0.09    0.00    5.65 v _2900_/A (Mux)
                  0.05    0.24    5.89 v _2900_/Y (Mux)
     1    0.00                           _2005_ (net)
                  0.05    0.00    5.89 v _2904_/A (Mux)
                  0.06    0.25    6.14 v _2904_/Y (Mux)
     1    0.01                           _2009_ (net)
                  0.06    0.00    6.14 v _2905_/B (Nand_gate)
                  0.05    0.05    6.19 ^ _2905_/Y (Nand_gate)
     1    0.00                           _2010_ (net)
                  0.05    0.00    6.19 ^ _2914_/A (Nand_gate)
                  0.04    0.05    6.24 v _2914_/Y (Nand_gate)
     1    0.01                           _2019_ (net)
                  0.04    0.00    6.24 v _2915_/B (Nand_gate)
                  0.06    0.06    6.30 ^ _2915_/Y (Nand_gate)
     1    0.01                           _2020_ (net)
                  0.06    0.00    6.30 ^ _2916_/B (Nand_gate)
                  0.05    0.06    6.36 v _2916_/Y (Nand_gate)
     1    0.01                           _2021_ (net)
                  0.05    0.00    6.36 v _2917_/B (Nor_gate)
                  0.11    0.10    6.46 ^ _2917_/Y (Nor_gate)
     2    0.01                           _2022_ (net)
                  0.11    0.00    6.46 ^ _2918_/A (inverter)
                  0.19    0.18    6.64 v _2918_/Y (inverter)
     2    0.04                           net95 (net)
                  0.19    0.00    6.64 v output95/A (sky130_fd_sc_hd__clkbuf_4)
                  0.08    0.26    6.91 v output95/X (sky130_fd_sc_hd__clkbuf_4)
     1    0.03                           result[4] (net)
                  0.08    0.00    6.91 v result[4] (out)
                                  6.91   data arrival time

                  0.00   20.00   20.00   clock clk (rise edge)
                          0.00   20.00   clock network delay (ideal)
                         -0.25   19.75   clock uncertainty
                          0.00   19.75   clock reconvergence pessimism
                         -4.00   15.75   output external delay
                                 15.75   data required time
-----------------------------------------------------------------------------
                                 15.75   data required time
                                 -6.91   data arrival time
-----------------------------------------------------------------------------
                                  8.84   slack (MET)


Startpoint: alu_control[3] (input port clocked by clk)
Endpoint: result[6] (output port clocked by clk)
Path Group: clk
Path Type: max
Corner: Typical

Fanout     Cap    Slew   Delay    Time   Description
-----------------------------------------------------------------------------
                  0.00    0.00    0.00   clock clk (rise edge)
                          0.00    0.00   clock network delay (ideal)
                          4.00    4.00 ^ input external delay
                  0.02    0.01    4.01 ^ alu_control[3] (in)
     1    0.00                           alu_control[3] (net)
                  0.02    0.00    4.01 ^ input36/A (sky130_fd_sc_hd__buf_2)
                  0.22    0.23    4.24 ^ input36/X (sky130_fd_sc_hd__buf_2)
     6    0.04                           net36 (net)
                  0.22    0.01    4.25 ^ _2490_/A (inverter)
                  0.10    0.12    4.37 v _2490_/Y (inverter)
     5    0.02                           _1599_ (net)
                  0.10    0.00    4.37 v _2571_/B (Nand_gate)
                  0.10    0.10    4.47 ^ _2571_/Y (Nand_gate)
     4    0.01                           _1680_ (net)
                  0.10    0.00    4.47 ^ _2669_/B (Nor_gate)
                  0.07    0.08    4.55 v _2669_/Y (Nor_gate)
     3    0.01                           _1777_ (net)
                  0.07    0.00    4.55 v _2706_/A (sky130_fd_sc_hd__clkbuf_4)
                  0.13    0.24    4.79 v _2706_/X (sky130_fd_sc_hd__clkbuf_4)
    10    0.06                           _1813_ (net)
                  0.13    0.00    4.79 v _2707_/B (Nor_gate)
                  0.15    0.14    4.94 ^ _2707_/Y (Nor_gate)
     1    0.01                           _1814_ (net)
                  0.15    0.00    4.94 ^ _2708_/B (Xnor)
                  0.25    0.26    5.20 ^ _2708_/Y (Xnor)
     2    0.01                           _1815_ (net)
                  0.25    0.00    5.20 ^ _2709_/B (Xnor)
                  0.38    0.37    5.57 ^ _2709_/Y (Xnor)
     4    0.01                           _1816_ (net)
                  0.38    0.00    5.57 ^ _2977_/A (inverter)
                  0.07    0.06    5.63 v _2977_/Y (inverter)
     1    0.00                           _2080_ (net)
                  0.07    0.00    5.63 v _2979_/A (Nand_gate)
                  0.04    0.05    5.68 ^ _2979_/Y (Nand_gate)
     1    0.00                           _2082_ (net)
                  0.04    0.00    5.68 ^ _2980_/B (Nor_gate)
                  0.04    0.03    5.71 v _2980_/Y (Nor_gate)
     1    0.00                           _2083_ (net)
                  0.04    0.00    5.71 v _2981_/A (Nor_gate)
                  0.19    0.17    5.89 ^ _2981_/Y (Nor_gate)
     2    0.01                           _2084_ (net)
                  0.19    0.00    5.89 ^ _2983_/A (Nor_gate)
                  0.04    0.06    5.95 v _2983_/Y (Nor_gate)
     1    0.00                           _2086_ (net)
                  0.04    0.00    5.95 v _2984_/B (Nor_gate)
                  0.14    0.12    6.07 ^ _2984_/Y (Nor_gate)
     2    0.01                           _2087_ (net)
                  0.14    0.00    6.07 ^ _2986_/B (Nor_gate)
                  0.06    0.06    6.14 v _2986_/Y (Nor_gate)
     2    0.01                           _2089_ (net)
                  0.06    0.00    6.14 v _2987_/B (Nor_gate)
                  0.09    0.08    6.21 ^ _2987_/Y (Nor_gate)
     1    0.00                           _2090_ (net)
                  0.09    0.00    6.21 ^ _2988_/B (Nand_gate)
                  0.08    0.09    6.30 v _2988_/Y (Nand_gate)
     1    0.01                           _2091_ (net)
                  0.08    0.00    6.30 v _3030_/A (Nand_gate)
                  0.04    0.05    6.36 ^ _3030_/Y (Nand_gate)
     1    0.00                           _2133_ (net)
                  0.04    0.00    6.36 ^ _3031_/A (sky130_fd_sc_hd__buf_1)
                  0.22    0.21    6.57 ^ _3031_/X (sky130_fd_sc_hd__buf_1)
     2    0.02                           net97 (net)
                  0.22    0.00    6.57 ^ output97/A (sky130_fd_sc_hd__clkbuf_4)
                  0.11    0.26    6.83 ^ output97/X (sky130_fd_sc_hd__clkbuf_4)
     1    0.03                           result[6] (net)
                  0.11    0.00    6.83 ^ result[6] (out)
                                  6.83   data arrival time

                  0.00   20.00   20.00   clock clk (rise edge)
                          0.00   20.00   clock network delay (ideal)
                         -0.25   19.75   clock uncertainty
                          0.00   19.75   clock reconvergence pessimism
                         -4.00   15.75   output external delay
                                 15.75   data required time
-----------------------------------------------------------------------------
                                 15.75   data required time
                                 -6.83   data arrival time
-----------------------------------------------------------------------------
                                  8.92   slack (MET)


Startpoint: b[0] (input port clocked by clk)
Endpoint: result[0] (output port clocked by clk)
Path Group: clk
Path Type: max
Corner: Typical

Fanout     Cap    Slew   Delay    Time   Description
-----------------------------------------------------------------------------
                  0.00    0.00    0.00   clock clk (rise edge)
                          0.00    0.00   clock network delay (ideal)
                          4.00    4.00 ^ input external delay
                  0.02    0.01    4.01 ^ b[0] (in)
     1    0.00                           b[0] (net)
                  0.02    0.00    4.01 ^ input37/A (sky130_fd_sc_hd__clkbuf_4)
                  0.16    0.22    4.23 ^ input37/X (sky130_fd_sc_hd__clkbuf_4)
    10    0.05                           net37 (net)
                  0.16    0.00    4.24 ^ _2324_/A (sky130_fd_sc_hd__clkbuf_4)
                  0.20    0.30    4.54 ^ _2324_/X (sky130_fd_sc_hd__clkbuf_4)
    10    0.07                           _1433_ (net)
                  0.20    0.00    4.54 ^ _2498_/A (sky130_fd_sc_hd__buf_4)
                  0.19    0.28    4.82 ^ _2498_/X (sky130_fd_sc_hd__buf_4)
    10    0.07                           _1607_ (net)
                  0.19    0.01    4.83 ^ _2499_/A (sky130_fd_sc_hd__clkbuf_4)
                  0.18    0.30    5.13 ^ _2499_/X (sky130_fd_sc_hd__clkbuf_4)
    10    0.06                           _1608_ (net)
                  0.18    0.00    5.13 ^ _2500_/S (Mux)
                  0.04    0.24    5.37 v _2500_/Y (Mux)
     1    0.00                           _1609_ (net)
                  0.04    0.00    5.37 v _2503_/A (Mux)
                  0.09    0.29    5.65 v _2503_/Y (Mux)
     2    0.01                           _1612_ (net)
                  0.09    0.00    5.65 v _2504_/B (Nor_gate)
                  0.08    0.08    5.74 ^ _2504_/Y (Nor_gate)
     1    0.00                           _1613_ (net)
                  0.08    0.00    5.74 ^ _2514_/A (Nor_gate)
                  0.03    0.04    5.78 v _2514_/Y (Nor_gate)
     1    0.00                           _1623_ (net)
                  0.03    0.00    5.78 v _2532_/A (Nor_gate)
                  0.10    0.10    5.88 ^ _2532_/Y (Nor_gate)
     1    0.00                           _1641_ (net)
                  0.10    0.00    5.88 ^ _2566_/A (Nor_gate)
                  0.04    0.06    5.93 v _2566_/Y (Nor_gate)
     1    0.01                           _1675_ (net)
                  0.04    0.00    5.93 v _2601_/A (Nor_gate)
                  0.19    0.17    6.10 ^ _2601_/Y (Nor_gate)
     1    0.01                           _1710_ (net)
                  0.19    0.00    6.10 ^ _2602_/B (Nand_gate)
                  0.05    0.07    6.18 v _2602_/Y (Nand_gate)
     1    0.00                           _1711_ (net)
                  0.05    0.00    6.18 v _2603_/A (sky130_fd_sc_hd__clkbuf_2)
                  0.14    0.20    6.38 v _2603_/X (sky130_fd_sc_hd__clkbuf_2)
     2    0.04                           net69 (net)
                  0.14    0.00    6.38 v output69/A (sky130_fd_sc_hd__clkbuf_4)
                  0.08    0.23    6.62 v output69/X (sky130_fd_sc_hd__clkbuf_4)
     1    0.03                           result[0] (net)
                  0.08    0.00    6.62 v result[0] (out)
                                  6.62   data arrival time

                  0.00   20.00   20.00   clock clk (rise edge)
                          0.00   20.00   clock network delay (ideal)
                         -0.25   19.75   clock uncertainty
                          0.00   19.75   clock reconvergence pessimism
                         -4.00   15.75   output external delay
                                 15.75   data required time
-----------------------------------------------------------------------------
                                 15.75   data required time
                                 -6.62   data arrival time
-----------------------------------------------------------------------------
                                  9.13   slack (MET)


Startpoint: b[3] (input port clocked by clk)
Endpoint: result[5] (output port clocked by clk)
Path Group: clk
Path Type: max
Corner: Typical

Fanout     Cap    Slew   Delay    Time   Description
-----------------------------------------------------------------------------
                  0.00    0.00    0.00   clock clk (rise edge)
                          0.00    0.00   clock network delay (ideal)
                          4.00    4.00 ^ input external delay
                  0.02    0.01    4.01 ^ b[3] (in)
     1    0.00                           b[3] (net)
                  0.02    0.00    4.01 ^ input62/A (sky130_fd_sc_hd__buf_2)
                  0.28    0.27    4.28 ^ input62/X (sky130_fd_sc_hd__buf_2)
     6    0.06                           net62 (net)
                  0.28    0.01    4.29 ^ _2315_/A (inverter)
                  0.19    0.21    4.51 v _2315_/Y (inverter)
     8    0.04                           _1424_ (net)
                  0.19    0.01    4.52 v _2528_/B (Nand_gate)
                  0.27    0.25    4.76 ^ _2528_/Y (Nand_gate)
     7    0.03                           _1637_ (net)
                  0.27    0.00    4.76 ^ _2861_/B (Nor_gate)
                  0.08    0.11    4.88 v _2861_/Y (Nor_gate)
     2    0.01                           _1966_ (net)
                  0.08    0.00    4.88 v _2862_/A (Nor_gate)
                  0.24    0.22    5.10 ^ _2862_/Y (Nor_gate)
     2    0.01                           _1967_ (net)
                  0.24    0.00    5.10 ^ _2919_/B (Nor_gate)
                  0.04    0.06    5.16 v _2919_/Y (Nor_gate)
     1    0.00                           _2023_ (net)
                  0.04    0.00    5.16 v _2920_/B (Nor_gate)
                  0.18    0.15    5.31 ^ _2920_/Y (Nor_gate)
     2    0.01                           _2024_ (net)
                  0.18    0.00    5.31 ^ _2921_/B (Xnor)
                  0.28    0.28    5.59 ^ _2921_/Y (Xnor)
     2    0.01                           _2025_ (net)
                  0.28    0.00    5.59 ^ _2922_/B (Xnor)
                  0.29    0.30    5.90 ^ _2922_/Y (Xnor)
     3    0.01                           _2026_ (net)
                  0.29    0.00    5.90 ^ _2925_/A (Nor_gate)
                  0.05    0.07    5.97 v _2925_/Y (Nor_gate)
     1    0.00                           _2029_ (net)
                  0.05    0.00    5.97 v _2926_/B (Nor_gate)
                  0.08    0.07    6.03 ^ _2926_/Y (Nor_gate)
     1    0.00                           _2030_ (net)
                  0.08    0.00    6.03 ^ _2927_/B (Nand_gate)
                  0.03    0.05    6.08 v _2927_/Y (Nand_gate)
     1    0.00                           _2031_ (net)
                  0.03    0.00    6.08 v _2964_/A (Nand_gate)
                  0.04    0.04    6.12 ^ _2964_/Y (Nand_gate)
     1    0.00                           _2068_ (net)
                  0.04    0.00    6.12 ^ _2965_/A (sky130_fd_sc_hd__buf_1)
                  0.20    0.20    6.32 ^ _2965_/X (sky130_fd_sc_hd__buf_1)
     2    0.02                           net96 (net)
                  0.20    0.00    6.32 ^ output96/A (sky130_fd_sc_hd__buf_2)
                  0.17    0.26    6.58 ^ output96/X (sky130_fd_sc_hd__buf_2)
     1    0.03                           result[5] (net)
                  0.17    0.00    6.59 ^ result[5] (out)
                                  6.59   data arrival time

                  0.00   20.00   20.00   clock clk (rise edge)
                          0.00   20.00   clock network delay (ideal)
                         -0.25   19.75   clock uncertainty
                          0.00   19.75   clock reconvergence pessimism
                         -4.00   15.75   output external delay
                                 15.75   data required time
-----------------------------------------------------------------------------
                                 15.75   data required time
                                 -6.59   data arrival time
-----------------------------------------------------------------------------
                                  9.16   slack (MET)


Startpoint: alu_control[3] (input port clocked by clk)
Endpoint: result[3] (output port clocked by clk)
Path Group: clk
Path Type: max
Corner: Typical

Fanout     Cap    Slew   Delay    Time   Description
-----------------------------------------------------------------------------
                  0.00    0.00    0.00   clock clk (rise edge)
                          0.00    0.00   clock network delay (ideal)
                          4.00    4.00 ^ input external delay
                  0.02    0.01    4.01 ^ alu_control[3] (in)
     1    0.00                           alu_control[3] (net)
                  0.02    0.00    4.01 ^ input36/A (sky130_fd_sc_hd__buf_2)
                  0.22    0.23    4.24 ^ input36/X (sky130_fd_sc_hd__buf_2)
     6    0.04                           net36 (net)
                  0.22    0.01    4.25 ^ _2490_/A (inverter)
                  0.10    0.12    4.37 v _2490_/Y (inverter)
     5    0.02                           _1599_ (net)
                  0.10    0.00    4.37 v _2571_/B (Nand_gate)
                  0.10    0.10    4.47 ^ _2571_/Y (Nand_gate)
     4    0.01                           _1680_ (net)
                  0.10    0.00    4.47 ^ _2669_/B (Nor_gate)
                  0.07    0.08    4.55 v _2669_/Y (Nor_gate)
     3    0.01                           _1777_ (net)
                  0.07    0.00    4.55 v _2706_/A (sky130_fd_sc_hd__clkbuf_4)
                  0.13    0.24    4.79 v _2706_/X (sky130_fd_sc_hd__clkbuf_4)
    10    0.06                           _1813_ (net)
                  0.13    0.00    4.79 v _2707_/B (Nor_gate)
                  0.15    0.14    4.94 ^ _2707_/Y (Nor_gate)
     1    0.01                           _1814_ (net)
                  0.15    0.00    4.94 ^ _2708_/B (Xnor)
                  0.25    0.26    5.20 ^ _2708_/Y (Xnor)
     2    0.01                           _1815_ (net)
                  0.25    0.00    5.20 ^ _2709_/B (Xnor)
                  0.38    0.37    5.57 ^ _2709_/Y (Xnor)
     4    0.01                           _1816_ (net)
                  0.38    0.00    5.57 ^ _2710_/B (Nor_gate)
                  0.06    0.09    5.65 v _2710_/Y (Nor_gate)
     2    0.01                           _1817_ (net)
                  0.06    0.00    5.65 v _2790_/B (Nor_gate)
                  0.12    0.11    5.77 ^ _2790_/Y (Nor_gate)
     2    0.01                           _1896_ (net)
                  0.12    0.00    5.77 ^ _2793_/B (Nor_gate)
                  0.05    0.04    5.81 v _2793_/Y (Nor_gate)
     1    0.00                           _1899_ (net)
                  0.05    0.00    5.81 v _2794_/B (Nor_gate)
                  0.08    0.07    5.88 ^ _2794_/Y (Nor_gate)
     1    0.00                           _1900_ (net)
                  0.08    0.00    5.88 ^ _2795_/B (Nand_gate)
                  0.04    0.05    5.94 v _2795_/Y (Nand_gate)
     1    0.00                           _1901_ (net)
                  0.04    0.00    5.94 v _2849_/A (Nand_gate)
                  0.04    0.05    5.98 ^ _2849_/Y (Nand_gate)
     1    0.00                           _1955_ (net)
                  0.04    0.00    5.98 ^ _2850_/A (sky130_fd_sc_hd__buf_1)
                  0.22    0.21    6.19 ^ _2850_/X (sky130_fd_sc_hd__buf_1)
     2    0.02                           net94 (net)
                  0.22    0.00    6.20 ^ output94/A (sky130_fd_sc_hd__clkbuf_4)
                  0.11    0.26    6.45 ^ output94/X (sky130_fd_sc_hd__clkbuf_4)
     1    0.03                           result[3] (net)
                  0.11    0.00    6.45 ^ result[3] (out)
                                  6.45   data arrival time

                  0.00   20.00   20.00   clock clk (rise edge)
                          0.00   20.00   clock network delay (ideal)
                         -0.25   19.75   clock uncertainty
                          0.00   19.75   clock reconvergence pessimism
                         -4.00   15.75   output external delay
                                 15.75   data required time
-----------------------------------------------------------------------------
                                 15.75   data required time
                                 -6.45   data arrival time
-----------------------------------------------------------------------------
                                  9.30   slack (MET)


Startpoint: b[0] (input port clocked by clk)
Endpoint: result[2] (output port clocked by clk)
Path Group: clk
Path Type: max
Corner: Typical

Fanout     Cap    Slew   Delay    Time   Description
-----------------------------------------------------------------------------
                  0.00    0.00    0.00   clock clk (rise edge)
                          0.00    0.00   clock network delay (ideal)
                          4.00    4.00 ^ input external delay
                  0.02    0.01    4.01 ^ b[0] (in)
     1    0.00                           b[0] (net)
                  0.02    0.00    4.01 ^ input37/A (sky130_fd_sc_hd__clkbuf_4)
                  0.16    0.22    4.23 ^ input37/X (sky130_fd_sc_hd__clkbuf_4)
    10    0.05                           net37 (net)
                  0.16    0.00    4.24 ^ _2324_/A (sky130_fd_sc_hd__clkbuf_4)
                  0.20    0.30    4.54 ^ _2324_/X (sky130_fd_sc_hd__clkbuf_4)
    10    0.07                           _1433_ (net)
                  0.20    0.00    4.54 ^ _2498_/A (sky130_fd_sc_hd__buf_4)
                  0.19    0.28    4.82 ^ _2498_/X (sky130_fd_sc_hd__buf_4)
    10    0.07                           _1607_ (net)
                  0.19    0.01    4.83 ^ _2732_/S (Mux)
                  0.04    0.24    5.07 v _2732_/Y (Mux)
     1    0.00                           _1839_ (net)
                  0.04    0.00    5.07 v _2734_/A (Mux)
                  0.08    0.27    5.34 v _2734_/Y (Mux)
     1    0.01                           _1841_ (net)
                  0.08    0.00    5.34 v _2738_/A (Mux)
                  0.10    0.30    5.65 v _2738_/Y (Mux)
     2    0.02                           _1845_ (net)
                  0.10    0.00    5.65 v _2739_/B (Nand_gate)
                  0.07    0.08    5.72 ^ _2739_/Y (Nand_gate)
     2    0.01                           _1846_ (net)
                  0.07    0.00    5.72 ^ _2740_/B (Nand_gate)
                  0.03    0.04    5.77 v _2740_/Y (Nand_gate)
     1    0.00                           _1847_ (net)
                  0.03    0.00    5.77 v _2741_/B (Nand_gate)
                  0.06    0.06    5.82 ^ _2741_/Y (Nand_gate)
     1    0.01                           _1848_ (net)
                  0.06    0.00    5.82 ^ _2742_/B (Nand_gate)
                  0.03    0.04    5.87 v _2742_/Y (Nand_gate)
     1    0.00                           _1849_ (net)
                  0.03    0.00    5.87 v _2743_/B (Nand_gate)
                  0.05    0.04    5.90 ^ _2743_/Y (Nand_gate)
     1    0.00                           _1850_ (net)
                  0.05    0.00    5.90 ^ _2780_/A (Nand_gate)
                  0.06    0.06    5.97 v _2780_/Y (Nand_gate)
     1    0.01                           _1887_ (net)
                  0.06    0.00    5.97 v _2781_/B (Nor_gate)
                  0.28    0.23    6.20 ^ _2781_/Y (Nor_gate)
     2    0.02                           _1888_ (net)
                  0.28    0.00    6.20 ^ _2782_/A (inverter)
                  0.05    0.05    6.24 v _2782_/Y (inverter)
     1    0.00                           net91 (net)
                  0.05    0.00    6.24 v output91/A (sky130_fd_sc_hd__clkbuf_4)
                  0.08    0.19    6.44 v output91/X (sky130_fd_sc_hd__clkbuf_4)
     1    0.03                           result[2] (net)
                  0.08    0.00    6.44 v result[2] (out)
                                  6.44   data arrival time

                  0.00   20.00   20.00   clock clk (rise edge)
                          0.00   20.00   clock network delay (ideal)
                         -0.25   19.75   clock uncertainty
                          0.00   19.75   clock reconvergence pessimism
                         -4.00   15.75   output external delay
                                 15.75   data required time
-----------------------------------------------------------------------------
                                 15.75   data required time
                                 -6.44   data arrival time
-----------------------------------------------------------------------------
                                  9.31   slack (MET)


Startpoint: b[0] (input port clocked by clk)
Endpoint: result[1] (output port clocked by clk)
Path Group: clk
Path Type: max
Corner: Typical

Fanout     Cap    Slew   Delay    Time   Description
-----------------------------------------------------------------------------
                  0.00    0.00    0.00   clock clk (rise edge)
                          0.00    0.00   clock network delay (ideal)
                          4.00    4.00 ^ input external delay
                  0.02    0.01    4.01 ^ b[0] (in)
     1    0.00                           b[0] (net)
                  0.02    0.00    4.01 ^ input37/A (sky130_fd_sc_hd__clkbuf_4)
                  0.16    0.22    4.23 ^ input37/X (sky130_fd_sc_hd__clkbuf_4)
    10    0.05                           net37 (net)
                  0.16    0.00    4.24 ^ _2324_/A (sky130_fd_sc_hd__clkbuf_4)
                  0.20    0.30    4.54 ^ _2324_/X (sky130_fd_sc_hd__clkbuf_4)
    10    0.07                           _1433_ (net)
                  0.20    0.00    4.54 ^ _2498_/A (sky130_fd_sc_hd__buf_4)
                  0.19    0.28    4.82 ^ _2498_/X (sky130_fd_sc_hd__buf_4)
    10    0.07                           _1607_ (net)
                  0.19    0.01    4.83 ^ _2499_/A (sky130_fd_sc_hd__clkbuf_4)
                  0.18    0.30    5.13 ^ _2499_/X (sky130_fd_sc_hd__clkbuf_4)
    10    0.06                           _1608_ (net)
                  0.19    0.01    5.14 ^ _2646_/A (Nor_gate)
                  0.04    0.07    5.21 v _2646_/Y (Nor_gate)
     1    0.01                           _1754_ (net)
                  0.04    0.00    5.21 v _2647_/B (Nor_gate)
                  0.19    0.16    5.37 ^ _2647_/Y (Nor_gate)
     3    0.01                           _1755_ (net)
                  0.19    0.00    5.37 ^ _2648_/B (Mux)
                  0.08    0.16    5.53 ^ _2648_/Y (Mux)
     2    0.01                           _1756_ (net)
                  0.08    0.00    5.53 ^ _2649_/A (inverter)
                  0.04    0.05    5.57 v _2649_/Y (inverter)
     1    0.01                           _1757_ (net)
                  0.04    0.00    5.57 v _2650_/B (Nand_gate)
                  0.04    0.04    5.61 ^ _2650_/Y (Nand_gate)
     1    0.00                           _1758_ (net)
                  0.04    0.00    5.61 ^ _2651_/B (Nand_gate)
                  0.07    0.07    5.69 v _2651_/Y (Nand_gate)
     2    0.01                           _1759_ (net)
                  0.07    0.00    5.69 v _2652_/B (Nand_gate)
                  0.06    0.06    5.75 ^ _2652_/Y (Nand_gate)
     1    0.01                           _1760_ (net)
                  0.06    0.00    5.75 ^ _2653_/B (Nand_gate)
                  0.03    0.04    5.79 v _2653_/Y (Nand_gate)
     1    0.00                           _1761_ (net)
                  0.03    0.00    5.79 v _2654_/A (inverter)
                  0.03    0.04    5.83 ^ _2654_/Y (inverter)
     1    0.00                           _1762_ (net)
                  0.03    0.00    5.83 ^ _2655_/B (Nor_gate)
                  0.09    0.05    5.88 v _2655_/Y (Nor_gate)
     1    0.01                           _1763_ (net)
                  0.09    0.00    5.88 v _2701_/A (Nor_gate)
                  0.30    0.26    6.14 ^ _2701_/Y (Nor_gate)
     2    0.02                           _1809_ (net)
                  0.30    0.00    6.14 ^ _2702_/A (inverter)
                  0.05    0.05    6.19 v _2702_/Y (inverter)
     1    0.00                           net80 (net)
                  0.05    0.00    6.19 v output80/A (sky130_fd_sc_hd__clkbuf_4)
                  0.08    0.19    6.38 v output80/X (sky130_fd_sc_hd__clkbuf_4)
     1    0.03                           result[1] (net)
                  0.08    0.00    6.38 v result[1] (out)
                                  6.38   data arrival time

                  0.00   20.00   20.00   clock clk (rise edge)
                          0.00   20.00   clock network delay (ideal)
                         -0.25   19.75   clock uncertainty
                          0.00   19.75   clock reconvergence pessimism
                         -4.00   15.75   output external delay
                                 15.75   data required time
-----------------------------------------------------------------------------
                                 15.75   data required time
                                 -6.38   data arrival time
-----------------------------------------------------------------------------
                                  9.37   slack (MET)



max_report_end
checks_report

===========================================================================
report_checks -unconstrained
===========================================================================
======================= Fastest Corner ===================================

Startpoint: b[0] (input port clocked by clk)
Endpoint: zero (output port clocked by clk)
Path Group: clk
Path Type: max
Corner: Fastest

Fanout     Cap    Slew   Delay    Time   Description
-----------------------------------------------------------------------------
                  0.00    0.00    0.00   clock clk (rise edge)
                          0.00    0.00   clock network delay (ideal)
                          4.00    4.00 v input external delay
                  0.01    0.00    4.00 v b[0] (in)
     1    0.00                           b[0] (net)
                  0.01    0.00    4.00 v input37/A (sky130_fd_sc_hd__clkbuf_4)
                  0.08    0.13    4.14 v input37/X (sky130_fd_sc_hd__clkbuf_4)
    10    0.05                           net37 (net)
                  0.08    0.01    4.14 v _2331_/A (Nor_gate)
                  0.72    0.57    4.72 ^ _2331_/Y (Nor_gate)
     5    0.05                           _1440_ (net)
                  0.72    0.00    4.72 ^ _2590_/A (Nand_gate)
                  0.19    0.26    4.98 v _2590_/Y (Nand_gate)
     4    0.02                           _1699_ (net)
                  0.19    0.00    4.98 v _3101_/A (Nor_gate)
                  0.29    0.28    5.25 ^ _3101_/Y (Nor_gate)
     3    0.02                           _0033_ (net)
                  0.29    0.00    5.26 ^ _3331_/A (Nand_gate)
                  0.13    0.17    5.42 v _3331_/Y (Nand_gate)
     4    0.02                           _0282_ (net)
                  0.13    0.00    5.42 v _3583_/A (Nor_gate)
                  0.23    0.22    5.64 ^ _3583_/Y (Nor_gate)
     3    0.01                           _0555_ (net)
                  0.23    0.00    5.64 ^ _3773_/A (Nand_gate)
                  0.09    0.12    5.77 v _3773_/Y (Nand_gate)
     2    0.01                           _0760_ (net)
                  0.09    0.00    5.77 v _3872_/A (Nor_gate)
                  0.07    0.09    5.85 ^ _3872_/Y (Nor_gate)
     1    0.00                           _0867_ (net)
                  0.07    0.00    5.85 ^ _3873_/B (Nor_gate)
                  0.05    0.05    5.91 v _3873_/Y (Nor_gate)
     2    0.01                           _0868_ (net)
                  0.05    0.00    5.91 v _3922_/A (Nor_gate)
                  0.14    0.14    6.04 ^ _3922_/Y (Nor_gate)
     2    0.01                           _0921_ (net)
                  0.14    0.00    6.04 ^ _3923_/B (Xnor)
                  0.34    0.32    6.37 ^ _3923_/Y (Xnor)
     3    0.01                           _0922_ (net)
                  0.34    0.00    6.37 ^ _3924_/B (Xnor)
                  0.28    0.30    6.67 ^ _3924_/Y (Xnor)
     3    0.01                           _0923_ (net)
                  0.28    0.00    6.67 ^ _3959_/B (Nor_gate)
                  0.08    0.11    6.78 v _3959_/Y (Nor_gate)
     3    0.01                           _0961_ (net)
                  0.08    0.00    6.78 v _3964_/B (Nand_gate)
                  0.04    0.05    6.83 ^ _3964_/Y (Nand_gate)
     1    0.00                           _0966_ (net)
                  0.04    0.00    6.83 ^ _3970_/A (Nand_gate)
                  0.04    0.06    6.89 v _3970_/Y (Nand_gate)
     2    0.01                           _0973_ (net)
                  0.04    0.00    6.89 v _4080_/A (inverter)
                  0.03    0.04    6.92 ^ _4080_/Y (inverter)
     1    0.00                           _1092_ (net)
                  0.03    0.00    6.92 ^ _4081_/B (Nand_gate)
                  0.03    0.04    6.96 v _4081_/Y (Nand_gate)
     1    0.00                           _1093_ (net)
                  0.03    0.00    6.96 v _4082_/B (Nor_gate)
                  0.34    0.27    7.23 ^ _4082_/Y (Nor_gate)
     2    0.02                           _1094_ (net)
                  0.34    0.00    7.23 ^ _4167_/A (Nor_gate)
                  0.05    0.08    7.31 v _4167_/Y (Nor_gate)
     1    0.00                           _1185_ (net)
                  0.05    0.00    7.31 v _4176_/A (Nor_gate)
                  0.13    0.13    7.44 ^ _4176_/Y (Nor_gate)
     2    0.01                           _1195_ (net)
                  0.13    0.00    7.44 ^ _4183_/A (Nor_gate)
                  0.05    0.07    7.52 v _4183_/Y (Nor_gate)
     3    0.01                           _1203_ (net)
                  0.05    0.00    7.52 v _4265_/A (Nor_gate)
                  0.07    0.08    7.60 ^ _4265_/Y (Nor_gate)
     1    0.00                           _1291_ (net)
                  0.07    0.00    7.60 ^ _4266_/B (Nor_gate)
                  0.04    0.04    7.64 v _4266_/Y (Nor_gate)
     2    0.01                           _1292_ (net)
                  0.04    0.00    7.64 v _4267_/B (Nand_gate)
                  0.07    0.06    7.70 ^ _4267_/Y (Nand_gate)
     2    0.01                           _1293_ (net)
                  0.07    0.00    7.70 ^ _4302_/B (Nand_gate)
                  0.06    0.07    7.77 v _4302_/Y (Nand_gate)
     2    0.01                           _1331_ (net)
                  0.06    0.00    7.77 v _4307_/A (Nor_gate)
                  0.09    0.10    7.86 ^ _4307_/Y (Nor_gate)
     1    0.00                           _1336_ (net)
                  0.09    0.00    7.86 ^ _4308_/B (Nor_gate)
                  0.04    0.04    7.91 v _4308_/Y (Nor_gate)
     1    0.00                           _1338_ (net)
                  0.04    0.00    7.91 v _4309_/B (Nand_gate)
                  0.04    0.04    7.95 ^ _4309_/Y (Nand_gate)
     1    0.00                           _1339_ (net)
                  0.04    0.00    7.95 ^ _4337_/A (Nand_gate)
                  0.03    0.04    7.99 v _4337_/Y (Nand_gate)
     1    0.00                           _1369_ (net)
                  0.03    0.00    7.99 v _4338_/A (sky130_fd_sc_hd__dlymetal6s2s_1)
                  0.11    0.16    8.16 v _4338_/X (sky130_fd_sc_hd__dlymetal6s2s_1)
     2    0.03                           net93 (net)
                  0.11    0.00    8.16 v _4371_/A (Nor_gate)
                  0.07    0.10    8.25 ^ _4371_/Y (Nor_gate)
     1    0.00                           _1406_ (net)
                  0.07    0.00    8.25 ^ _4372_/A (sky130_fd_sc_hd__clkbuf_1)
                  0.03    0.06    8.31 ^ _4372_/X (sky130_fd_sc_hd__clkbuf_1)
     1    0.00                           net101 (net)
                  0.03    0.00    8.31 ^ output101/A (sky130_fd_sc_hd__buf_2)
                  0.13    0.14    8.46 ^ output101/X (sky130_fd_sc_hd__buf_2)
     1    0.03                           zero (net)
                  0.13    0.00    8.46 ^ zero (out)
                                  8.46   data arrival time

                  0.00   20.00   20.00   clock clk (rise edge)
                          0.00   20.00   clock network delay (ideal)
                         -0.25   19.75   clock uncertainty
                          0.00   19.75   clock reconvergence pessimism
                         -4.00   15.75   output external delay
                                 15.75   data required time
-----------------------------------------------------------------------------
                                 15.75   data required time
                                 -8.46   data arrival time
-----------------------------------------------------------------------------
                                  7.29   slack (MET)



======================= Slowest Corner ===================================

Startpoint: alu_control[3] (input port clocked by clk)
Endpoint: zero (output port clocked by clk)
Path Group: clk
Path Type: max
Corner: Slowest

Fanout     Cap    Slew   Delay    Time   Description
-----------------------------------------------------------------------------
                  0.00    0.00    0.00   clock clk (rise edge)
                          0.00    0.00   clock network delay (ideal)
                          4.00    4.00 v input external delay
                  0.02    0.01    4.01 v alu_control[3] (in)
     1    0.00                           alu_control[3] (net)
                  0.02    0.00    4.01 v input36/A (sky130_fd_sc_hd__buf_2)
                  0.20    0.37    4.38 v input36/X (sky130_fd_sc_hd__buf_2)
     6    0.04                           net36 (net)
                  0.20    0.01    4.38 v _2490_/A (inverter)
                  0.16    0.17    4.55 ^ _2490_/Y (inverter)
     5    0.02                           _1599_ (net)
                  0.16    0.00    4.55 ^ _2571_/B (Nand_gate)
                  0.09    0.11    4.66 v _2571_/Y (Nand_gate)
     4    0.01                           _1680_ (net)
                  0.09    0.00    4.66 v _2669_/B (Nor_gate)
                  0.23    0.20    4.86 ^ _2669_/Y (Nor_gate)
     3    0.01                           _1777_ (net)
                  0.23    0.00    4.86 ^ _2706_/A (sky130_fd_sc_hd__clkbuf_4)
                  0.30    0.52    5.38 ^ _2706_/X (sky130_fd_sc_hd__clkbuf_4)
    10    0.06                           _1813_ (net)
                  0.30    0.01    5.38 ^ _3398_/A (sky130_fd_sc_hd__clkbuf_4)
                  0.28    0.53    5.91 ^ _3398_/X (sky130_fd_sc_hd__clkbuf_4)
    10    0.06                           _0355_ (net)
                  0.28    0.00    5.91 ^ _3512_/B (Nor_gate)
                  0.05    0.06    5.98 v _3512_/Y (Nor_gate)
     1    0.00                           _0478_ (net)
                  0.05    0.00    5.98 v _3513_/B (Nor_gate)
                  0.10    0.09    6.07 ^ _3513_/Y (Nor_gate)
     1    0.00                           _0479_ (net)
                  0.10    0.00    6.07 ^ _3514_/B (Xnor)
                  0.32    0.30    6.37 ^ _3514_/Y (Xnor)
     3    0.01                           _0480_ (net)
                  0.32    0.00    6.37 ^ _3515_/B (Xnor)
                  0.17    0.18    6.55 v _3515_/Y (Xnor)
     4    0.01                           _0481_ (net)
                  0.17    0.00    6.55 v _3563_/B (Nand_gate)
                  0.07    0.09    6.64 ^ _3563_/Y (Nand_gate)
     2    0.01                           _0533_ (net)
                  0.07    0.00    6.64 ^ _3686_/B (Nor_gate)
                  0.02    0.03    6.68 v _3686_/Y (Nor_gate)
     1    0.00                           _0666_ (net)
                  0.02    0.00    6.68 v _3688_/A (Nor_gate)
                  0.08    0.09    6.76 ^ _3688_/Y (Nor_gate)
     1    0.00                           _0669_ (net)
                  0.08    0.00    6.76 ^ _3689_/B (Nand_gate)
                  0.04    0.05    6.82 v _3689_/Y (Nand_gate)
     1    0.00                           _0670_ (net)
                  0.04    0.00    6.82 v _3690_/B (Nor_gate)
                  0.38    0.30    7.11 ^ _3690_/Y (Nor_gate)
     3    0.02                           _0671_ (net)
                  0.38    0.00    7.12 ^ _4078_/A (Nor_gate)
                  0.06    0.08    7.20 v _4078_/Y (Nor_gate)
     1    0.00                           _1090_ (net)
                  0.06    0.00    7.20 v _4082_/A (Nor_gate)
                  0.34    0.29    7.49 ^ _4082_/Y (Nor_gate)
     2    0.02                           _1094_ (net)
                  0.34    0.00    7.50 ^ _4167_/A (Nor_gate)
                  0.05    0.08    7.57 v _4167_/Y (Nor_gate)
     1    0.00                           _1185_ (net)
                  0.05    0.00    7.57 v _4176_/A (Nor_gate)
                  0.13    0.13    7.70 ^ _4176_/Y (Nor_gate)
     2    0.01                           _1195_ (net)
                  0.13    0.00    7.70 ^ _4183_/A (Nor_gate)
                  0.05    0.07    7.78 v _4183_/Y (Nor_gate)
     3    0.01                           _1203_ (net)
                  0.05    0.00    7.78 v _4265_/A (Nor_gate)
                  0.07    0.08    7.86 ^ _4265_/Y (Nor_gate)
     1    0.00                           _1291_ (net)
                  0.07    0.00    7.86 ^ _4266_/B (Nor_gate)
                  0.04    0.04    7.90 v _4266_/Y (Nor_gate)
     2    0.01                           _1292_ (net)
                  0.04    0.00    7.90 v _4267_/B (Nand_gate)
                  0.07    0.06    7.96 ^ _4267_/Y (Nand_gate)
     2    0.01                           _1293_ (net)
                  0.07    0.00    7.96 ^ _4302_/B (Nand_gate)
                  0.06    0.07    8.03 v _4302_/Y (Nand_gate)
     2    0.01                           _1331_ (net)
                  0.06    0.00    8.03 v _4307_/A (Nor_gate)
                  0.09    0.10    8.12 ^ _4307_/Y (Nor_gate)
     1    0.00                           _1336_ (net)
                  0.09    0.00    8.13 ^ _4308_/B (Nor_gate)
                  0.06    0.04    8.17 v _4308_/Y (Nor_gate)
     1    0.00                           _1338_ (net)
                  0.06    0.00    8.17 v _4309_/B (Nand_gate)
                  0.04    0.05    8.22 ^ _4309_/Y (Nand_gate)
     1    0.00                           _1339_ (net)
                  0.04    0.00    8.22 ^ _4337_/A (Nand_gate)
                  0.03    0.04    8.25 v _4337_/Y (Nand_gate)
     1    0.00                           _1369_ (net)
                  0.03    0.00    8.25 v _4338_/A (sky130_fd_sc_hd__dlymetal6s2s_1)
                  0.31    0.48    8.74 v _4338_/X (sky130_fd_sc_hd__dlymetal6s2s_1)
     2    0.03                           net93 (net)
                  0.31    0.00    8.74 v _4371_/A (Nor_gate)
                  0.08    0.13    8.87 ^ _4371_/Y (Nor_gate)
     1    0.00                           _1406_ (net)
                  0.08    0.00    8.87 ^ _4372_/A (sky130_fd_sc_hd__clkbuf_1)
                  0.07    0.17    9.03 ^ _4372_/X (sky130_fd_sc_hd__clkbuf_1)
     1    0.00                           net101 (net)
                  0.07    0.00    9.03 ^ output101/A (sky130_fd_sc_hd__buf_2)
                  0.27    0.36    9.39 ^ output101/X (sky130_fd_sc_hd__buf_2)
     1    0.03                           zero (net)
                  0.27    0.00    9.40 ^ zero (out)
                                  9.40   data arrival time

                  0.00   20.00   20.00   clock clk (rise edge)
                          0.00   20.00   clock network delay (ideal)
                         -0.25   19.75   clock uncertainty
                          0.00   19.75   clock reconvergence pessimism
                         -4.00   15.75   output external delay
                                 15.75   data required time
-----------------------------------------------------------------------------
                                 15.75   data required time
                                 -9.40   data arrival time
-----------------------------------------------------------------------------
                                  6.35   slack (MET)



======================= Typical Corner ===================================

Startpoint: b[0] (input port clocked by clk)
Endpoint: zero (output port clocked by clk)
Path Group: clk
Path Type: max
Corner: Typical

Fanout     Cap    Slew   Delay    Time   Description
-----------------------------------------------------------------------------
                  0.00    0.00    0.00   clock clk (rise edge)
                          0.00    0.00   clock network delay (ideal)
                          4.00    4.00 v input external delay
                  0.01    0.01    4.01 v b[0] (in)
     1    0.00                           b[0] (net)
                  0.01    0.00    4.01 v input37/A (sky130_fd_sc_hd__clkbuf_4)
                  0.11    0.20    4.20 v input37/X (sky130_fd_sc_hd__clkbuf_4)
    10    0.05                           net37 (net)
                  0.11    0.01    4.21 v _2331_/A (Nor_gate)
                  0.72    0.58    4.79 ^ _2331_/Y (Nor_gate)
     5    0.05                           _1440_ (net)
                  0.72    0.00    4.79 ^ _2590_/A (Nand_gate)
                  0.19    0.26    5.05 v _2590_/Y (Nand_gate)
     4    0.02                           _1699_ (net)
                  0.19    0.00    5.05 v _3101_/A (Nor_gate)
                  0.29    0.28    5.33 ^ _3101_/Y (Nor_gate)
     3    0.02                           _0033_ (net)
                  0.29    0.00    5.33 ^ _3331_/A (Nand_gate)
                  0.13    0.17    5.50 v _3331_/Y (Nand_gate)
     4    0.02                           _0282_ (net)
                  0.13    0.00    5.50 v _3583_/A (Nor_gate)
                  0.23    0.22    5.72 ^ _3583_/Y (Nor_gate)
     3    0.01                           _0555_ (net)
                  0.23    0.00    5.72 ^ _3773_/A (Nand_gate)
                  0.09    0.12    5.84 v _3773_/Y (Nand_gate)
     2    0.01                           _0760_ (net)
                  0.09    0.00    5.84 v _3872_/A (Nor_gate)
                  0.07    0.09    5.93 ^ _3872_/Y (Nor_gate)
     1    0.00                           _0867_ (net)
                  0.07    0.00    5.93 ^ _3873_/B (Nor_gate)
                  0.05    0.05    5.98 v _3873_/Y (Nor_gate)
     2    0.01                           _0868_ (net)
                  0.05    0.00    5.98 v _3922_/A (Nor_gate)
                  0.14    0.14    6.12 ^ _3922_/Y (Nor_gate)
     2    0.01                           _0921_ (net)
                  0.14    0.00    6.12 ^ _3923_/B (Xnor)
                  0.34    0.32    6.44 ^ _3923_/Y (Xnor)
     3    0.01                           _0922_ (net)
                  0.34    0.00    6.45 ^ _3924_/B (Xnor)
                  0.28    0.30    6.75 ^ _3924_/Y (Xnor)
     3    0.01                           _0923_ (net)
                  0.28    0.00    6.75 ^ _3959_/B (Nor_gate)
                  0.08    0.11    6.85 v _3959_/Y (Nor_gate)
     3    0.01                           _0961_ (net)
                  0.08    0.00    6.85 v _3964_/B (Nand_gate)
                  0.04    0.05    6.91 ^ _3964_/Y (Nand_gate)
     1    0.00                           _0966_ (net)
                  0.04    0.00    6.91 ^ _3970_/A (Nand_gate)
                  0.04    0.06    6.96 v _3970_/Y (Nand_gate)
     2    0.01                           _0973_ (net)
                  0.04    0.00    6.96 v _4080_/A (inverter)
                  0.03    0.04    7.00 ^ _4080_/Y (inverter)
     1    0.00                           _1092_ (net)
                  0.03    0.00    7.00 ^ _4081_/B (Nand_gate)
                  0.03    0.04    7.04 v _4081_/Y (Nand_gate)
     1    0.00                           _1093_ (net)
                  0.03    0.00    7.04 v _4082_/B (Nor_gate)
                  0.34    0.27    7.31 ^ _4082_/Y (Nor_gate)
     2    0.02                           _1094_ (net)
                  0.34    0.00    7.31 ^ _4167_/A (Nor_gate)
                  0.05    0.08    7.39 v _4167_/Y (Nor_gate)
     1    0.00                           _1185_ (net)
                  0.05    0.00    7.39 v _4176_/A (Nor_gate)
                  0.13    0.13    7.52 ^ _4176_/Y (Nor_gate)
     2    0.01                           _1195_ (net)
                  0.13    0.00    7.52 ^ _4183_/A (Nor_gate)
                  0.05    0.07    7.59 v _4183_/Y (Nor_gate)
     3    0.01                           _1203_ (net)
                  0.05    0.00    7.59 v _4265_/A (Nor_gate)
                  0.07    0.08    7.67 ^ _4265_/Y (Nor_gate)
     1    0.00                           _1291_ (net)
                  0.07    0.00    7.67 ^ _4266_/B (Nor_gate)
                  0.04    0.04    7.72 v _4266_/Y (Nor_gate)
     2    0.01                           _1292_ (net)
                  0.04    0.00    7.72 v _4267_/B (Nand_gate)
                  0.07    0.06    7.78 ^ _4267_/Y (Nand_gate)
     2    0.01                           _1293_ (net)
                  0.07    0.00    7.78 ^ _4302_/B (Nand_gate)
                  0.06    0.07    7.84 v _4302_/Y (Nand_gate)
     2    0.01                           _1331_ (net)
                  0.06    0.00    7.84 v _4307_/A (Nor_gate)
                  0.09    0.10    7.94 ^ _4307_/Y (Nor_gate)
     1    0.00                           _1336_ (net)
                  0.09    0.00    7.94 ^ _4308_/B (Nor_gate)
                  0.04    0.04    7.98 v _4308_/Y (Nor_gate)
     1    0.00                           _1338_ (net)
                  0.04    0.00    7.98 v _4309_/B (Nand_gate)
                  0.04    0.04    8.03 ^ _4309_/Y (Nand_gate)
     1    0.00                           _1339_ (net)
                  0.04    0.00    8.03 ^ _4337_/A (Nand_gate)
                  0.03    0.04    8.07 v _4337_/Y (Nand_gate)
     1    0.00                           _1369_ (net)
                  0.03    0.00    8.07 v _4338_/A (sky130_fd_sc_hd__dlymetal6s2s_1)
                  0.16    0.24    8.31 v _4338_/X (sky130_fd_sc_hd__dlymetal6s2s_1)
     2    0.03                           net93 (net)
                  0.16    0.00    8.31 v _4371_/A (Nor_gate)
                  0.07    0.10    8.42 ^ _4371_/Y (Nor_gate)
     1    0.00                           _1406_ (net)
                  0.07    0.00    8.42 ^ _4372_/A (sky130_fd_sc_hd__clkbuf_1)
                  0.05    0.09    8.51 ^ _4372_/X (sky130_fd_sc_hd__clkbuf_1)
     1    0.00                           net101 (net)
                  0.05    0.00    8.51 ^ output101/A (sky130_fd_sc_hd__buf_2)
                  0.17    0.21    8.72 ^ output101/X (sky130_fd_sc_hd__buf_2)
     1    0.03                           zero (net)
                  0.17    0.00    8.72 ^ zero (out)
                                  8.72   data arrival time

                  0.00   20.00   20.00   clock clk (rise edge)
                          0.00   20.00   clock network delay (ideal)
                         -0.25   19.75   clock uncertainty
                          0.00   19.75   clock reconvergence pessimism
                         -4.00   15.75   output external delay
                                 15.75   data required time
-----------------------------------------------------------------------------
                                 15.75   data required time
                                 -8.72   data arrival time
-----------------------------------------------------------------------------
                                  7.03   slack (MET)




===========================================================================
report_checks --slack_max -0.01
============================================================================
======================= Fastest Corner ===================================

No paths found.

======================= Slowest Corner ===================================

No paths found.

======================= Typical Corner ===================================

No paths found.


===========================================================================
 report_check_types -max_slew -max_cap -max_fanout -violators
============================================================================
======================= Fastest Corner ===================================


======================= Slowest Corner ===================================


======================= Typical Corner ===================================



===========================================================================
report_parasitic_annotation -report_unannotated
============================================================================
Found 0 unannotated drivers.
Found 0 partially unannotated drivers.

===========================================================================
max slew violation count 0
max fanout violation count 0
max cap violation count 0
============================================================================

===========================================================================
check_setup -verbose -unconstrained_endpoints -multiple_clock -no_clock -no_input_delay -loops -generated_clocks
===========================================================================
checks_report_end
power_report

===========================================================================
 report_power
============================================================================
======================= Fastest Corner ===================================

Group                  Internal  Switching    Leakage      Total
                          Power      Power      Power      Power (Watts)
----------------------------------------------------------------
Sequential             0.00e+00   0.00e+00   0.00e+00   0.00e+00   0.0%
Combinational          2.16e-04   2.75e-04   5.28e-07   4.92e-04 100.0%
Macro                  0.00e+00   0.00e+00   0.00e+00   0.00e+00   0.0%
Pad                    0.00e+00   0.00e+00   0.00e+00   0.00e+00   0.0%
----------------------------------------------------------------
Total                  2.16e-04   2.75e-04   5.28e-07   4.92e-04 100.0%
                          44.0%      55.9%       0.1%

======================= Slowest Corner ===================================

Group                  Internal  Switching    Leakage      Total
                          Power      Power      Power      Power (Watts)
----------------------------------------------------------------
Sequential             0.00e+00   0.00e+00   0.00e+00   0.00e+00   0.0%
Combinational          2.12e-04   1.85e-04   1.78e-06   3.98e-04 100.0%
Macro                  0.00e+00   0.00e+00   0.00e+00   0.00e+00   0.0%
Pad                    0.00e+00   0.00e+00   0.00e+00   0.00e+00   0.0%
----------------------------------------------------------------
Total                  2.12e-04   1.85e-04   1.78e-06   3.98e-04 100.0%
                          53.1%      46.5%       0.4%

======================= Typical Corner ===================================

Group                  Internal  Switching    Leakage      Total
                          Power      Power      Power      Power (Watts)
----------------------------------------------------------------
Sequential             0.00e+00   0.00e+00   0.00e+00   0.00e+00   0.0%
Combinational          2.14e-04   2.34e-04   5.26e-07   4.49e-04 100.0%
Macro                  0.00e+00   0.00e+00   0.00e+00   0.00e+00   0.0%
Pad                    0.00e+00   0.00e+00   0.00e+00   0.00e+00   0.0%
----------------------------------------------------------------
Total                  2.14e-04   2.34e-04   5.26e-07   4.49e-04 100.0%
                          47.7%      52.2%       0.1%

power_report_end
skew_report

===========================================================================
report_clock_skew
============================================================================
Clock clk
No launch/capture paths found.

skew_report_end
summary_report

===========================================================================
report_tns
============================================================================
tns 0.00

===========================================================================
report_wns
============================================================================
wns 0.00

===========================================================================
report_worst_slack -max (Setup)
============================================================================
worst slack 6.35

===========================================================================
report_worst_slack -min (Hold)
============================================================================
worst slack 8.34
summary_report_end
[WARNING] Did not save OpenROAD database!
Writing SDF files for all corners…
Writing SDF for the Fastest corner to /openlane/designs/RiscvALU/runs/RUN_2026.09.20_19.53.10/results/routing/mca/process_corner_max/ALU.Fastest.sdf…
Writing SDF for the Slowest corner to /openlane/designs/RiscvALU/runs/RUN_2026.09.20_19.53.10/results/routing/mca/process_corner_max/ALU.Slowest.sdf…
Writing SDF for the Typical corner to /openlane/designs/RiscvALU/runs/RUN_2026.09.20_19.53.10/results/routing/mca/process_corner_max/ALU.Typical.sdf…
Writing timing models for all corners…
Writing timing models for the Fastest corner to /openlane/designs/RiscvALU/runs/RUN_2026.09.20_19.53.10/results/routing/mca/process_corner_max/ALU.Fastest.lib…
Writing timing models for the Slowest corner to /openlane/designs/RiscvALU/runs/RUN_2026.09.20_19.53.10/results/routing/mca/process_corner_max/ALU.Slowest.lib…
Writing timing models for the Typical corner to /openlane/designs/RiscvALU/runs/RUN_2026.09.20_19.53.10/results/routing/mca/process_corner_max/ALU.Typical.lib…
