OpenROAD 41a51eaf4ca2171c92ff38afb91eb37bbd3f36da 
This program is licensed under the BSD-3 license. See the LICENSE file for details.
Components of this program may be licensed under more restrictive licenses which must be honored.
[INFO]: Reading ODB at '/openlane/designs/RiscvALU/runs/RUN_2026.09.20_19.53.10/tmp/placement/7-global.odb'…
define_corners Typical
read_liberty -corner Typical /home/onur/.ciel/ciel/sky130/versions/0fe599b2afb6708d281543108caf8310912f54af/sky130A/libs.ref/sky130_fd_sc_hd/lib/MySCL_M_tt.lib
Using 1e-12 for capacitance...
Using 1e+03 for resistance...
Using 1e-09 for time...
Using 1e+00 for voltage...
Using 1e-03 for current...
Using 1e-09 for power...
Using 1e-06 for distance...
Reading design constraints file at '/openlane/designs/RiscvALU/runs/RUN_2026.09.20_19.53.10/tmp/floorplan/3-initial_fp.sdc'…
[INFO]: Setting RC values...
min_report

===========================================================================
report_checks -path_delay min (Hold)
============================================================================
======================= Typical Corner ===================================

Startpoint: a[7] (input port clocked by clk)
Endpoint: result[7] (output port clocked by clk)
Path Group: clk
Path Type: min

Fanout     Cap    Slew   Delay    Time   Description
-----------------------------------------------------------------------------
                  0.00    0.00    0.00   clock clk (rise edge)
                          0.00    0.00   clock network delay (ideal)
                          4.00    4.00 v input external delay
                  0.04    0.02    4.02 v a[7] (in)
     3    0.02                           a[7] (net)
                  0.04    0.00    4.02 v _3065_/A (Nand_gate)
                  0.07    0.06    4.09 ^ _3065_/Y (Nand_gate)
     3    0.01                           _2167_ (net)
                  0.07    0.00    4.09 ^ _3068_/A (Nand_gate)
                  0.03    0.04    4.13 v _3068_/Y (Nand_gate)
     1    0.00                           _0000_ (net)
                  0.03    0.00    4.13 v _3077_/A (Nand_gate)
                  0.03    0.04    4.17 ^ _3077_/Y (Nand_gate)
     1    0.00                           _0009_ (net)
                  0.03    0.00    4.17 ^ _3078_/B (Nor_gate)
                  0.02    0.02    4.19 v _3078_/Y (Nor_gate)
     1    0.00                           _0010_ (net)
                  0.02    0.00    4.19 v _3079_/A (inverter)
                  0.03    0.03    4.22 ^ _3079_/Y (inverter)
     1    0.00                           _0011_ (net)
                  0.03    0.00    4.22 ^ _3080_/B (Nor_gate)
                  0.05    0.04    4.26 v _3080_/Y (Nor_gate)
     2    0.01                           _0012_ (net)
                  0.05    0.00    4.26 v _3081_/A (sky130_fd_sc_hd__inv_2)
                  0.19    0.15    4.41 ^ _3081_/Y (sky130_fd_sc_hd__inv_2)
     1    0.04                           result[7] (net)
                  0.19    0.00    4.42 ^ result[7] (out)
                                  4.42   data arrival time

                  0.00    0.00    0.00   clock clk (rise edge)
                          0.00    0.00   clock network delay (ideal)
                          0.25    0.25   clock uncertainty
                          0.00    0.25   clock reconvergence pessimism
                         -4.00   -3.75   output external delay
                                 -3.75   data required time
-----------------------------------------------------------------------------
                                 -3.75   data required time
                                 -4.42   data arrival time
-----------------------------------------------------------------------------
                                  8.17   slack (MET)


Startpoint: a[26] (input port clocked by clk)
Endpoint: result[26] (output port clocked by clk)
Path Group: clk
Path Type: min

Fanout     Cap    Slew   Delay    Time   Description
-----------------------------------------------------------------------------
                  0.00    0.00    0.00   clock clk (rise edge)
                          0.00    0.00   clock network delay (ideal)
                          4.00    4.00 v input external delay
                  0.06    0.04    4.04 v a[26] (in)
     9    0.03                           a[26] (net)
                  0.06    0.00    4.04 v _4090_/A (Nand_gate)
                  0.05    0.06    4.10 ^ _4090_/Y (Nand_gate)
     2    0.01                           _1103_ (net)
                  0.05    0.00    4.10 ^ _4093_/A (Nand_gate)
                  0.03    0.04    4.14 v _4093_/Y (Nand_gate)
     1    0.00                           _1106_ (net)
                  0.03    0.00    4.14 v _4117_/A (Nand_gate)
                  0.04    0.04    4.18 ^ _4117_/Y (Nand_gate)
     1    0.00                           _1132_ (net)
                  0.04    0.00    4.18 ^ _4118_/B (Nor_gate)
                  0.05    0.05    4.23 v _4118_/Y (Nor_gate)
     2    0.01                           _1134_ (net)
                  0.05    0.00    4.23 v _4119_/A (sky130_fd_sc_hd__inv_2)
                  0.24    0.18    4.41 ^ _4119_/Y (sky130_fd_sc_hd__inv_2)
     1    0.05                           result[26] (net)
                  0.24    0.01    4.42 ^ result[26] (out)
                                  4.42   data arrival time

                  0.00    0.00    0.00   clock clk (rise edge)
                          0.00    0.00   clock network delay (ideal)
                          0.25    0.25   clock uncertainty
                          0.00    0.25   clock reconvergence pessimism
                         -4.00   -3.75   output external delay
                                 -3.75   data required time
-----------------------------------------------------------------------------
                                 -3.75   data required time
                                 -4.42   data arrival time
-----------------------------------------------------------------------------
                                  8.17   slack (MET)


Startpoint: b[22] (input port clocked by clk)
Endpoint: result[22] (output port clocked by clk)
Path Group: clk
Path Type: min

Fanout     Cap    Slew   Delay    Time   Description
-----------------------------------------------------------------------------
                  0.00    0.00    0.00   clock clk (rise edge)
                          0.00    0.00   clock network delay (ideal)
                          4.00    4.00 ^ input external delay
                  0.13    0.09    4.09 ^ b[22] (in)
     5    0.03                           b[22] (net)
                  0.13    0.00    4.09 ^ _3911_/A (Nand_gate)
                  0.03    0.05    4.14 v _3911_/Y (Nand_gate)
     1    0.00                           _0910_ (net)
                  0.03    0.00    4.14 v _3916_/A (Nand_gate)
                  0.03    0.04    4.18 ^ _3916_/Y (Nand_gate)
     1    0.00                           _0915_ (net)
                  0.03    0.00    4.18 ^ _3917_/B (Nor_gate)
                  0.02    0.02    4.20 v _3917_/Y (Nor_gate)
     1    0.00                           _0916_ (net)
                  0.02    0.00    4.20 v _3918_/B (Nand_gate)
                  0.03    0.03    4.23 ^ _3918_/Y (Nand_gate)
     1    0.00                           _0918_ (net)
                  0.03    0.00    4.23 ^ _3919_/B (Nor_gate)
                  0.07    0.06    4.29 v _3919_/Y (Nor_gate)
     2    0.02                           _0919_ (net)
                  0.07    0.00    4.29 v _3920_/A (sky130_fd_sc_hd__inv_2)
                  0.16    0.15    4.44 ^ _3920_/Y (sky130_fd_sc_hd__inv_2)
     1    0.04                           result[22] (net)
                  0.16    0.00    4.44 ^ result[22] (out)
                                  4.44   data arrival time

                  0.00    0.00    0.00   clock clk (rise edge)
                          0.00    0.00   clock network delay (ideal)
                          0.25    0.25   clock uncertainty
                          0.00    0.25   clock reconvergence pessimism
                         -4.00   -3.75   output external delay
                                 -3.75   data required time
-----------------------------------------------------------------------------
                                 -3.75   data required time
                                 -4.44   data arrival time
-----------------------------------------------------------------------------
                                  8.19   slack (MET)


Startpoint: a[26] (input port clocked by clk)
Endpoint: result[27] (output port clocked by clk)
Path Group: clk
Path Type: min

Fanout     Cap    Slew   Delay    Time   Description
-----------------------------------------------------------------------------
                  0.00    0.00    0.00   clock clk (rise edge)
                          0.00    0.00   clock network delay (ideal)
                          4.00    4.00 ^ input external delay
                  0.13    0.09    4.09 ^ a[26] (in)
     9    0.03                           a[26] (net)
                  0.13    0.00    4.09 ^ _4090_/A (Nand_gate)
                  0.05    0.06    4.15 v _4090_/Y (Nand_gate)
     2    0.01                           _1103_ (net)
                  0.05    0.00    4.15 v _4130_/B (Nand_gate)
                  0.03    0.04    4.19 ^ _4130_/Y (Nand_gate)
     1    0.00                           _1146_ (net)
                  0.03    0.00    4.19 ^ _4136_/A (Nand_gate)
                  0.03    0.04    4.22 v _4136_/Y (Nand_gate)
     1    0.00                           _1152_ (net)
                  0.03    0.00    4.22 v _4159_/A (Nand_gate)
                  0.04    0.04    4.27 ^ _4159_/Y (Nand_gate)
     1    0.00                           _1178_ (net)
                  0.04    0.00    4.27 ^ _4160_/B (Nor_gate)
                  0.04    0.04    4.31 v _4160_/Y (Nor_gate)
     2    0.01                           _1179_ (net)
                  0.04    0.00    4.31 v _4161_/A (sky130_fd_sc_hd__inv_2)
                  0.16    0.13    4.44 ^ _4161_/Y (sky130_fd_sc_hd__inv_2)
     1    0.03                           result[27] (net)
                  0.16    0.00    4.44 ^ result[27] (out)
                                  4.44   data arrival time

                  0.00    0.00    0.00   clock clk (rise edge)
                          0.00    0.00   clock network delay (ideal)
                          0.25    0.25   clock uncertainty
                          0.00    0.25   clock reconvergence pessimism
                         -4.00   -3.75   output external delay
                                 -3.75   data required time
-----------------------------------------------------------------------------
                                 -3.75   data required time
                                 -4.44   data arrival time
-----------------------------------------------------------------------------
                                  8.19   slack (MET)


Startpoint: b[23] (input port clocked by clk)
Endpoint: result[23] (output port clocked by clk)
Path Group: clk
Path Type: min

Fanout     Cap    Slew   Delay    Time   Description
-----------------------------------------------------------------------------
                  0.00    0.00    0.00   clock clk (rise edge)
                          0.00    0.00   clock network delay (ideal)
                          4.00    4.00 ^ input external delay
                  0.13    0.09    4.09 ^ b[23] (in)
     5    0.03                           b[23] (net)
                  0.13    0.00    4.09 ^ _3948_/A (Nand_gate)
                  0.03    0.05    4.14 v _3948_/Y (Nand_gate)
     1    0.00                           _0950_ (net)
                  0.03    0.00    4.14 v _3953_/A (Nand_gate)
                  0.03    0.04    4.18 ^ _3953_/Y (Nand_gate)
     1    0.00                           _0955_ (net)
                  0.03    0.00    4.18 ^ _3954_/B (Nor_gate)
                  0.02    0.02    4.20 v _3954_/Y (Nor_gate)
     1    0.00                           _0956_ (net)
                  0.02    0.00    4.20 v _3955_/B (Nand_gate)
                  0.05    0.04    4.24 ^ _3955_/Y (Nand_gate)
     1    0.00                           _0957_ (net)
                  0.05    0.00    4.24 ^ _3956_/B (Nor_gate)
                  0.05    0.05    4.29 v _3956_/Y (Nor_gate)
     2    0.01                           _0958_ (net)
                  0.05    0.00    4.29 v _3957_/A (sky130_fd_sc_hd__inv_2)
                  0.18    0.15    4.44 ^ _3957_/Y (sky130_fd_sc_hd__inv_2)
     1    0.04                           result[23] (net)
                  0.18    0.00    4.44 ^ result[23] (out)
                                  4.44   data arrival time

                  0.00    0.00    0.00   clock clk (rise edge)
                          0.00    0.00   clock network delay (ideal)
                          0.25    0.25   clock uncertainty
                          0.00    0.25   clock reconvergence pessimism
                         -4.00   -3.75   output external delay
                                 -3.75   data required time
-----------------------------------------------------------------------------
                                 -3.75   data required time
                                 -4.44   data arrival time
-----------------------------------------------------------------------------
                                  8.19   slack (MET)


Startpoint: b[20] (input port clocked by clk)
Endpoint: result[20] (output port clocked by clk)
Path Group: clk
Path Type: min

Fanout     Cap    Slew   Delay    Time   Description
-----------------------------------------------------------------------------
                  0.00    0.00    0.00   clock clk (rise edge)
                          0.00    0.00   clock network delay (ideal)
                          4.00    4.00 ^ input external delay
                  0.13    0.09    4.09 ^ b[20] (in)
     7    0.03                           b[20] (net)
                  0.13    0.00    4.09 ^ _3817_/A (Nand_gate)
                  0.03    0.05    4.14 v _3817_/Y (Nand_gate)
     1    0.00                           _0808_ (net)
                  0.03    0.00    4.14 v _3822_/A (Nand_gate)
                  0.03    0.04    4.17 ^ _3822_/Y (Nand_gate)
     1    0.00                           _0814_ (net)
                  0.03    0.00    4.17 ^ _3823_/B (Nor_gate)
                  0.02    0.03    4.20 v _3823_/Y (Nor_gate)
     1    0.00                           _0815_ (net)
                  0.02    0.00    4.20 v _3824_/B (Nand_gate)
                  0.03    0.03    4.23 ^ _3824_/Y (Nand_gate)
     1    0.00                           _0816_ (net)
                  0.03    0.00    4.23 ^ _3825_/B (Nor_gate)
                  0.07    0.06    4.29 v _3825_/Y (Nor_gate)
     2    0.02                           _0817_ (net)
                  0.07    0.00    4.29 v _3826_/A (sky130_fd_sc_hd__inv_2)
                  0.17    0.15    4.45 ^ _3826_/Y (sky130_fd_sc_hd__inv_2)
     1    0.04                           result[20] (net)
                  0.17    0.00    4.45 ^ result[20] (out)
                                  4.45   data arrival time

                  0.00    0.00    0.00   clock clk (rise edge)
                          0.00    0.00   clock network delay (ideal)
                          0.25    0.25   clock uncertainty
                          0.00    0.25   clock reconvergence pessimism
                         -4.00   -3.75   output external delay
                                 -3.75   data required time
-----------------------------------------------------------------------------
                                 -3.75   data required time
                                 -4.45   data arrival time
-----------------------------------------------------------------------------
                                  8.20   slack (MET)


Startpoint: a[19] (input port clocked by clk)
Endpoint: result[19] (output port clocked by clk)
Path Group: clk
Path Type: min

Fanout     Cap    Slew   Delay    Time   Description
-----------------------------------------------------------------------------
                  0.00    0.00    0.00   clock clk (rise edge)
                          0.00    0.00   clock network delay (ideal)
                          4.00    4.00 ^ input external delay
                  0.10    0.07    4.07 ^ a[19] (in)
     3    0.02                           a[19] (net)
                  0.10    0.00    4.07 ^ _2223_/A (inverter)
                  0.04    0.05    4.12 v _2223_/Y (inverter)
     3    0.01                           _0603_ (net)
                  0.04    0.00    4.12 v _3740_/A (Nand_gate)
                  0.03    0.04    4.16 ^ _3740_/Y (Nand_gate)
     1    0.00                           _0725_ (net)
                  0.03    0.00    4.16 ^ _3744_/A (Nand_gate)
                  0.03    0.04    4.19 v _3744_/Y (Nand_gate)
     1    0.00                           _0729_ (net)
                  0.03    0.00    4.19 v _3767_/A (Nand_gate)
                  0.03    0.04    4.23 ^ _3767_/Y (Nand_gate)
     1    0.00                           _0754_ (net)
                  0.03    0.00    4.23 ^ _3768_/B (Nor_gate)
                  0.05    0.04    4.27 v _3768_/Y (Nor_gate)
     2    0.01                           _0756_ (net)
                  0.05    0.00    4.27 v _3769_/A (sky130_fd_sc_hd__inv_2)
                  0.23    0.18    4.45 ^ _3769_/Y (sky130_fd_sc_hd__inv_2)
     1    0.05                           result[19] (net)
                  0.23    0.01    4.46 ^ result[19] (out)
                                  4.46   data arrival time

                  0.00    0.00    0.00   clock clk (rise edge)
                          0.00    0.00   clock network delay (ideal)
                          0.25    0.25   clock uncertainty
                          0.00    0.25   clock reconvergence pessimism
                         -4.00   -3.75   output external delay
                                 -3.75   data required time
-----------------------------------------------------------------------------
                                 -3.75   data required time
                                 -4.46   data arrival time
-----------------------------------------------------------------------------
                                  8.21   slack (MET)


Startpoint: a[12] (input port clocked by clk)
Endpoint: result[13] (output port clocked by clk)
Path Group: clk
Path Type: min

Fanout     Cap    Slew   Delay    Time   Description
-----------------------------------------------------------------------------
                  0.00    0.00    0.00   clock clk (rise edge)
                          0.00    0.00   clock network delay (ideal)
                          4.00    4.00 v input external delay
                  0.02    0.01    4.01 v a[12] (in)
     2    0.01                           a[12] (net)
                  0.02    0.00    4.01 v _2385_/A (inverter)
                  0.13    0.10    4.11 ^ _2385_/Y (inverter)
     3    0.02                           _1494_ (net)
                  0.13    0.00    4.11 ^ _3410_/A (Nor_gate)
                  0.03    0.06    4.16 v _3410_/Y (Nor_gate)
     2    0.01                           _0368_ (net)
                  0.03    0.00    4.16 v _3411_/B (Nand_gate)
                  0.05    0.05    4.21 ^ _3411_/Y (Nand_gate)
     2    0.01                           _0369_ (net)
                  0.05    0.00    4.21 ^ _3415_/A (Nand_gate)
                  0.03    0.04    4.25 v _3415_/Y (Nand_gate)
     1    0.00                           _0373_ (net)
                  0.03    0.00    4.25 v _3451_/A (Nand_gate)
                  0.03    0.04    4.29 ^ _3451_/Y (Nand_gate)
     1    0.00                           _0413_ (net)
                  0.03    0.00    4.29 ^ _3452_/B (Nor_gate)
                  0.04    0.04    4.33 v _3452_/Y (Nor_gate)
     2    0.01                           _0414_ (net)
                  0.04    0.00    4.33 v _3453_/A (sky130_fd_sc_hd__inv_2)
                  0.16    0.13    4.46 ^ _3453_/Y (sky130_fd_sc_hd__inv_2)
     1    0.03                           result[13] (net)
                  0.16    0.00    4.46 ^ result[13] (out)
                                  4.46   data arrival time

                  0.00    0.00    0.00   clock clk (rise edge)
                          0.00    0.00   clock network delay (ideal)
                          0.25    0.25   clock uncertainty
                          0.00    0.25   clock reconvergence pessimism
                         -4.00   -3.75   output external delay
                                 -3.75   data required time
-----------------------------------------------------------------------------
                                 -3.75   data required time
                                 -4.46   data arrival time
-----------------------------------------------------------------------------
                                  8.21   slack (MET)


Startpoint: a[3] (input port clocked by clk)
Endpoint: result[4] (output port clocked by clk)
Path Group: clk
Path Type: min

Fanout     Cap    Slew   Delay    Time   Description
-----------------------------------------------------------------------------
                  0.00    0.00    0.00   clock clk (rise edge)
                          0.00    0.00   clock network delay (ideal)
                          4.00    4.00 v input external delay
                  0.04    0.02    4.02 v a[3] (in)
     2    0.01                           a[3] (net)
                  0.04    0.00    4.02 v _2872_/B (Nand_gate)
                  0.05    0.04    4.07 ^ _2872_/Y (Nand_gate)
     2    0.00                           _1977_ (net)
                  0.05    0.00    4.07 ^ _2873_/B (Nor_gate)
                  0.04    0.04    4.11 v _2873_/Y (Nor_gate)
     3    0.01                           _1978_ (net)
                  0.04    0.00    4.11 v _2876_/A (Nor_gate)
                  0.07    0.07    4.18 ^ _2876_/Y (Nor_gate)
     1    0.00                           _1981_ (net)
                  0.07    0.00    4.18 ^ _2885_/A (Nor_gate)
                  0.02    0.03    4.21 v _2885_/Y (Nor_gate)
     1    0.00                           _1990_ (net)
                  0.02    0.00    4.21 v _2916_/A (Nand_gate)
                  0.04    0.04    4.26 ^ _2916_/Y (Nand_gate)
     1    0.00                           _2021_ (net)
                  0.04    0.00    4.26 ^ _2917_/B (Nor_gate)
                  0.04    0.04    4.29 v _2917_/Y (Nor_gate)
     2    0.01                           _2022_ (net)
                  0.04    0.00    4.29 v _2918_/A (sky130_fd_sc_hd__inv_2)
                  0.22    0.17    4.46 ^ _2918_/Y (sky130_fd_sc_hd__inv_2)
     1    0.05                           result[4] (net)
                  0.22    0.01    4.47 ^ result[4] (out)
                                  4.47   data arrival time

                  0.00    0.00    0.00   clock clk (rise edge)
                          0.00    0.00   clock network delay (ideal)
                          0.25    0.25   clock uncertainty
                          0.00    0.25   clock reconvergence pessimism
                         -4.00   -3.75   output external delay
                                 -3.75   data required time
-----------------------------------------------------------------------------
                                 -3.75   data required time
                                 -4.47   data arrival time
-----------------------------------------------------------------------------
                                  8.22   slack (MET)


Startpoint: b[21] (input port clocked by clk)
Endpoint: result[21] (output port clocked by clk)
Path Group: clk
Path Type: min

Fanout     Cap    Slew   Delay    Time   Description
-----------------------------------------------------------------------------
                  0.00    0.00    0.00   clock clk (rise edge)
                          0.00    0.00   clock network delay (ideal)
                          4.00    4.00 ^ input external delay
                  0.07    0.05    4.05 ^ b[21] (in)
     5    0.01                           b[21] (net)
                  0.07    0.00    4.05 ^ _2204_/B (Nor_gate)
                  0.03    0.04    4.09 v _2204_/Y (Nor_gate)
     2    0.01                           _0398_ (net)
                  0.03    0.00    4.09 v _3863_/A (Nor_gate)
                  0.07    0.06    4.15 ^ _3863_/Y (Nor_gate)
     1    0.00                           _0858_ (net)
                  0.07    0.00    4.15 ^ _3864_/B (Nor_gate)
                  0.02    0.03    4.18 v _3864_/Y (Nor_gate)
     1    0.00                           _0859_ (net)
                  0.02    0.00    4.18 v _3865_/B (Nand_gate)
                  0.03    0.03    4.21 ^ _3865_/Y (Nand_gate)
     1    0.00                           _0860_ (net)
                  0.03    0.00    4.21 ^ _3866_/B (Nor_gate)
                  0.02    0.02    4.23 v _3866_/Y (Nor_gate)
     1    0.00                           _0861_ (net)
                  0.02    0.00    4.23 v _3867_/A (inverter)
                  0.03    0.03    4.26 ^ _3867_/Y (inverter)
     1    0.00                           _0862_ (net)
                  0.03    0.00    4.26 ^ _3868_/B (Nor_gate)
                  0.07    0.06    4.32 v _3868_/Y (Nor_gate)
     2    0.02                           _0864_ (net)
                  0.07    0.00    4.32 v _3869_/A (sky130_fd_sc_hd__inv_2)
                  0.17    0.15    4.47 ^ _3869_/Y (sky130_fd_sc_hd__inv_2)
     1    0.04                           result[21] (net)
                  0.17    0.00    4.47 ^ result[21] (out)
                                  4.47   data arrival time

                  0.00    0.00    0.00   clock clk (rise edge)
                          0.00    0.00   clock network delay (ideal)
                          0.25    0.25   clock uncertainty
                          0.00    0.25   clock reconvergence pessimism
                         -4.00   -3.75   output external delay
                                 -3.75   data required time
-----------------------------------------------------------------------------
                                 -3.75   data required time
                                 -4.47   data arrival time
-----------------------------------------------------------------------------
                                  8.22   slack (MET)


Startpoint: a[24] (input port clocked by clk)
Endpoint: result[25] (output port clocked by clk)
Path Group: clk
Path Type: min

Fanout     Cap    Slew   Delay    Time   Description
-----------------------------------------------------------------------------
                  0.00    0.00    0.00   clock clk (rise edge)
                          0.00    0.00   clock network delay (ideal)
                          4.00    4.00 v input external delay
                  0.06    0.04    4.04 v a[24] (in)
     9    0.03                           a[24] (net)
                  0.06    0.00    4.04 v _3976_/A (Nand_gate)
                  0.05    0.06    4.10 ^ _3976_/Y (Nand_gate)
     2    0.01                           _0979_ (net)
                  0.05    0.00    4.10 ^ _4028_/A (Nand_gate)
                  0.04    0.05    4.15 v _4028_/Y (Nand_gate)
     2    0.00                           _1036_ (net)
                  0.04    0.00    4.15 v _4030_/B (Nand_gate)
                  0.03    0.03    4.19 ^ _4030_/Y (Nand_gate)
     1    0.00                           _1038_ (net)
                  0.03    0.00    4.19 ^ _4031_/B (Nand_gate)
                  0.03    0.03    4.22 v _4031_/Y (Nand_gate)
     1    0.00                           _1039_ (net)
                  0.03    0.00    4.22 v _4032_/B (Nor_gate)
                  0.07    0.05    4.27 ^ _4032_/Y (Nor_gate)
     1    0.00                           _1040_ (net)
                  0.07    0.00    4.27 ^ _4066_/A (Nor_gate)
                  0.06    0.06    4.33 v _4066_/Y (Nor_gate)
     2    0.01                           _1077_ (net)
                  0.06    0.00    4.33 v _4067_/A (sky130_fd_sc_hd__inv_2)
                  0.16    0.14    4.47 ^ _4067_/Y (sky130_fd_sc_hd__inv_2)
     1    0.03                           result[25] (net)
                  0.16    0.00    4.47 ^ result[25] (out)
                                  4.47   data arrival time

                  0.00    0.00    0.00   clock clk (rise edge)
                          0.00    0.00   clock network delay (ideal)
                          0.25    0.25   clock uncertainty
                          0.00    0.25   clock reconvergence pessimism
                         -4.00   -3.75   output external delay
                                 -3.75   data required time
-----------------------------------------------------------------------------
                                 -3.75   data required time
                                 -4.47   data arrival time
-----------------------------------------------------------------------------
                                  8.22   slack (MET)


Startpoint: a[2] (input port clocked by clk)
Endpoint: result[2] (output port clocked by clk)
Path Group: clk
Path Type: min

Fanout     Cap    Slew   Delay    Time   Description
-----------------------------------------------------------------------------
                  0.00    0.00    0.00   clock clk (rise edge)
                          0.00    0.00   clock network delay (ideal)
                          4.00    4.00 v input external delay
                  0.05    0.03    4.03 v a[2] (in)
     4    0.02                           a[2] (net)
                  0.05    0.00    4.03 v _2709_/A (Xnor)
                  0.17    0.14    4.17 ^ _2709_/Y (Xnor)
     4    0.01                           _1816_ (net)
                  0.17    0.00    4.17 ^ _2710_/B (Nor_gate)
                  0.04    0.05    4.22 v _2710_/Y (Nor_gate)
     2    0.00                           _1817_ (net)
                  0.04    0.00    4.22 v _2713_/A (Nor_gate)
                  0.07    0.07    4.29 ^ _2713_/Y (Nor_gate)
     1    0.00                           _1820_ (net)
                  0.07    0.00    4.29 ^ _2781_/A (Nor_gate)
                  0.05    0.06    4.35 v _2781_/Y (Nor_gate)
     2    0.01                           _1888_ (net)
                  0.05    0.00    4.35 v _2782_/A (sky130_fd_sc_hd__inv_2)
                  0.16    0.13    4.49 ^ _2782_/Y (sky130_fd_sc_hd__inv_2)
     1    0.03                           result[2] (net)
                  0.16    0.00    4.49 ^ result[2] (out)
                                  4.49   data arrival time

                  0.00    0.00    0.00   clock clk (rise edge)
                          0.00    0.00   clock network delay (ideal)
                          0.25    0.25   clock uncertainty
                          0.00    0.25   clock reconvergence pessimism
                         -4.00   -3.75   output external delay
                                 -3.75   data required time
-----------------------------------------------------------------------------
                                 -3.75   data required time
                                 -4.49   data arrival time
-----------------------------------------------------------------------------
                                  8.24   slack (MET)


Startpoint: b[18] (input port clocked by clk)
Endpoint: result[18] (output port clocked by clk)
Path Group: clk
Path Type: min

Fanout     Cap    Slew   Delay    Time   Description
-----------------------------------------------------------------------------
                  0.00    0.00    0.00   clock clk (rise edge)
                          0.00    0.00   clock network delay (ideal)
                          4.00    4.00 ^ input external delay
                  0.14    0.10    4.10 ^ b[18] (in)
     7    0.03                           b[18] (net)
                  0.14    0.00    4.10 ^ _3722_/A (Nand_gate)
                  0.03    0.05    4.15 v _3722_/Y (Nand_gate)
     1    0.00                           _0706_ (net)
                  0.03    0.00    4.15 v _3723_/B (Nand_gate)
                  0.03    0.03    4.18 ^ _3723_/Y (Nand_gate)
     1    0.00                           _0707_ (net)
                  0.03    0.00    4.18 ^ _3724_/B (Nor_gate)
                  0.02    0.02    4.20 v _3724_/Y (Nor_gate)
     1    0.00                           _0708_ (net)
                  0.02    0.00    4.20 v _3725_/B (Nand_gate)
                  0.03    0.03    4.23 ^ _3725_/Y (Nand_gate)
     1    0.00                           _0709_ (net)
                  0.03    0.00    4.23 ^ _3726_/B (Nor_gate)
                  0.02    0.03    4.26 v _3726_/Y (Nor_gate)
     1    0.00                           _0710_ (net)
                  0.02    0.00    4.26 v _3727_/B (Nand_gate)
                  0.03    0.03    4.29 ^ _3727_/Y (Nand_gate)
     1    0.00                           _0711_ (net)
                  0.03    0.00    4.29 ^ _3728_/B (Nor_gate)
                  0.07    0.06    4.35 v _3728_/Y (Nor_gate)
     2    0.02                           _0713_ (net)
                  0.07    0.00    4.35 v _3729_/A (sky130_fd_sc_hd__inv_2)
                  0.16    0.14    4.50 ^ _3729_/Y (sky130_fd_sc_hd__inv_2)
     1    0.03                           result[18] (net)
                  0.16    0.00    4.50 ^ result[18] (out)
                                  4.50   data arrival time

                  0.00    0.00    0.00   clock clk (rise edge)
                          0.00    0.00   clock network delay (ideal)
                          0.25    0.25   clock uncertainty
                          0.00    0.25   clock reconvergence pessimism
                         -4.00   -3.75   output external delay
                                 -3.75   data required time
-----------------------------------------------------------------------------
                                 -3.75   data required time
                                 -4.50   data arrival time
-----------------------------------------------------------------------------
                                  8.25   slack (MET)


Startpoint: alu_control[2] (input port clocked by clk)
Endpoint: result[0] (output port clocked by clk)
Path Group: clk
Path Type: min

Fanout     Cap    Slew   Delay    Time   Description
-----------------------------------------------------------------------------
                  0.00    0.00    0.00   clock clk (rise edge)
                          0.00    0.00   clock network delay (ideal)
                          4.00    4.00 v input external delay
                  0.05    0.03    4.03 v alu_control[2] (in)
     5    0.02                           alu_control[2] (net)
                  0.05    0.00    4.03 v _2491_/A (Nand_gate)
                  0.05    0.05    4.09 ^ _2491_/Y (Nand_gate)
     2    0.00                           _1600_ (net)
                  0.05    0.00    4.09 ^ _2492_/B (Nor_gate)
                  0.02    0.03    4.12 v _2492_/Y (Nor_gate)
     1    0.00                           _1601_ (net)
                  0.02    0.00    4.12 v _2493_/B (Nand_gate)
                  0.03    0.03    4.14 ^ _2493_/Y (Nand_gate)
     1    0.00                           _1602_ (net)
                  0.03    0.00    4.14 ^ _2494_/B (Nor_gate)
                  0.02    0.02    4.17 v _2494_/Y (Nor_gate)
     1    0.00                           _1603_ (net)
                  0.02    0.00    4.17 v _2495_/B (Nand_gate)
                  0.03    0.03    4.20 ^ _2495_/Y (Nand_gate)
     1    0.00                           _1604_ (net)
                  0.03    0.00    4.20 ^ _2602_/A (Nand_gate)
                  0.03    0.04    4.24 v _2602_/Y (Nand_gate)
     1    0.00                           _1711_ (net)
                  0.03    0.00    4.24 v _2603_/A (sky130_fd_sc_hd__buf_1)
                  0.28    0.26    4.49 v _2603_/X (sky130_fd_sc_hd__buf_1)
     2    0.05                           result[0] (net)
                  0.28    0.00    4.50 v result[0] (out)
                                  4.50   data arrival time

                  0.00    0.00    0.00   clock clk (rise edge)
                          0.00    0.00   clock network delay (ideal)
                          0.25    0.25   clock uncertainty
                          0.00    0.25   clock reconvergence pessimism
                         -4.00   -3.75   output external delay
                                 -3.75   data required time
-----------------------------------------------------------------------------
                                 -3.75   data required time
                                 -4.50   data arrival time
-----------------------------------------------------------------------------
                                  8.25   slack (MET)


Startpoint: b[9] (input port clocked by clk)
Endpoint: result[9] (output port clocked by clk)
Path Group: clk
Path Type: min

Fanout     Cap    Slew   Delay    Time   Description
-----------------------------------------------------------------------------
                  0.00    0.00    0.00   clock clk (rise edge)
                          0.00    0.00   clock network delay (ideal)
                          4.00    4.00 ^ input external delay
                  0.10    0.06    4.06 ^ b[9] (in)
     6    0.02                           b[9] (net)
                  0.10    0.00    4.06 ^ _3186_/A (Nand_gate)
                  0.03    0.05    4.11 v _3186_/Y (Nand_gate)
     1    0.00                           _0125_ (net)
                  0.03    0.00    4.11 v _3193_/A (Nand_gate)
                  0.03    0.04    4.15 ^ _3193_/Y (Nand_gate)
     1    0.00                           _0133_ (net)
                  0.03    0.00    4.15 ^ _3194_/B (Nor_gate)
                  0.03    0.03    4.18 v _3194_/Y (Nor_gate)
     1    0.01                           _0134_ (net)
                  0.03    0.00    4.18 v _3204_/A (Nand_gate)
                  0.03    0.04    4.21 ^ _3204_/Y (Nand_gate)
     1    0.00                           _0145_ (net)
                  0.03    0.00    4.21 ^ _3205_/B (Nor_gate)
                  0.02    0.02    4.24 v _3205_/Y (Nor_gate)
     1    0.00                           _0146_ (net)
                  0.02    0.00    4.24 v _3206_/B (Nand_gate)
                  0.07    0.05    4.29 ^ _3206_/Y (Nand_gate)
     1    0.01                           _0147_ (net)
                  0.07    0.00    4.29 ^ _3207_/B (Nor_gate)
                  0.07    0.07    4.36 v _3207_/Y (Nor_gate)
     2    0.01                           _0148_ (net)
                  0.07    0.00    4.36 v _3208_/A (sky130_fd_sc_hd__inv_2)
                  0.16    0.14    4.50 ^ _3208_/Y (sky130_fd_sc_hd__inv_2)
     1    0.04                           result[9] (net)
                  0.16    0.00    4.50 ^ result[9] (out)
                                  4.50   data arrival time

                  0.00    0.00    0.00   clock clk (rise edge)
                          0.00    0.00   clock network delay (ideal)
                          0.25    0.25   clock uncertainty
                          0.00    0.25   clock reconvergence pessimism
                         -4.00   -3.75   output external delay
                                 -3.75   data required time
-----------------------------------------------------------------------------
                                 -3.75   data required time
                                 -4.50   data arrival time
-----------------------------------------------------------------------------
                                  8.25   slack (MET)


Startpoint: a[7] (input port clocked by clk)
Endpoint: result[8] (output port clocked by clk)
Path Group: clk
Path Type: min

Fanout     Cap    Slew   Delay    Time   Description
-----------------------------------------------------------------------------
                  0.00    0.00    0.00   clock clk (rise edge)
                          0.00    0.00   clock network delay (ideal)
                          4.00    4.00 v input external delay
                  0.04    0.02    4.02 v a[7] (in)
     3    0.02                           a[7] (net)
                  0.04    0.00    4.02 v _3065_/A (Nand_gate)
                  0.07    0.06    4.09 ^ _3065_/Y (Nand_gate)
     3    0.01                           _2167_ (net)
                  0.07    0.00    4.09 ^ _3136_/B (Nand_gate)
                  0.03    0.04    4.13 v _3136_/Y (Nand_gate)
     1    0.00                           _0071_ (net)
                  0.03    0.00    4.13 v _3139_/A (Nand_gate)
                  0.03    0.04    4.16 ^ _3139_/Y (Nand_gate)
     1    0.00                           _0075_ (net)
                  0.03    0.00    4.16 ^ _3148_/A (Nand_gate)
                  0.03    0.03    4.20 v _3148_/Y (Nand_gate)
     1    0.00                           _0085_ (net)
                  0.03    0.00    4.20 v _3149_/B (Nor_gate)
                  0.07    0.06    4.26 ^ _3149_/Y (Nor_gate)
     1    0.00                           _0086_ (net)
                  0.07    0.00    4.26 ^ _3150_/B (Nand_gate)
                  0.03    0.04    4.30 v _3150_/Y (Nand_gate)
     1    0.00                           _0087_ (net)
                  0.03    0.00    4.30 v _3151_/A (sky130_fd_sc_hd__buf_1)
                  0.22    0.22    4.51 v _3151_/X (sky130_fd_sc_hd__buf_1)
     2    0.04                           result[8] (net)
                  0.22    0.00    4.51 v result[8] (out)
                                  4.51   data arrival time

                  0.00    0.00    0.00   clock clk (rise edge)
                          0.00    0.00   clock network delay (ideal)
                          0.25    0.25   clock uncertainty
                          0.00    0.25   clock reconvergence pessimism
                         -4.00   -3.75   output external delay
                                 -3.75   data required time
-----------------------------------------------------------------------------
                                 -3.75   data required time
                                 -4.51   data arrival time
-----------------------------------------------------------------------------
                                  8.26   slack (MET)


Startpoint: a[11] (input port clocked by clk)
Endpoint: result[11] (output port clocked by clk)
Path Group: clk
Path Type: min

Fanout     Cap    Slew   Delay    Time   Description
-----------------------------------------------------------------------------
                  0.00    0.00    0.00   clock clk (rise edge)
                          0.00    0.00   clock network delay (ideal)
                          4.00    4.00 v input external delay
                  0.06    0.04    4.04 v a[11] (in)
     5    0.02                           a[11] (net)
                  0.06    0.00    4.04 v _3273_/A (Xnor)
                  0.14    0.12    4.16 ^ _3273_/Y (Xnor)
     3    0.01                           _0219_ (net)
                  0.14    0.00    4.16 ^ _3276_/A (Nor_gate)
                  0.02    0.05    4.21 v _3276_/Y (Nor_gate)
     1    0.00                           _0222_ (net)
                  0.02    0.00    4.21 v _3279_/A (Nor_gate)
                  0.07    0.07    4.28 ^ _3279_/Y (Nor_gate)
     1    0.00                           _0226_ (net)
                  0.07    0.00    4.28 ^ _3326_/A (Nor_gate)
                  0.09    0.09    4.36 v _3326_/Y (Nor_gate)
     2    0.02                           _0277_ (net)
                  0.09    0.00    4.36 v _3327_/A (sky130_fd_sc_hd__inv_2)
                  0.16    0.15    4.52 ^ _3327_/Y (sky130_fd_sc_hd__inv_2)
     1    0.03                           result[11] (net)
                  0.16    0.00    4.52 ^ result[11] (out)
                                  4.52   data arrival time

                  0.00    0.00    0.00   clock clk (rise edge)
                          0.00    0.00   clock network delay (ideal)
                          0.25    0.25   clock uncertainty
                          0.00    0.25   clock reconvergence pessimism
                         -4.00   -3.75   output external delay
                                 -3.75   data required time
-----------------------------------------------------------------------------
                                 -3.75   data required time
                                 -4.52   data arrival time
-----------------------------------------------------------------------------
                                  8.27   slack (MET)


Startpoint: a[1] (input port clocked by clk)
Endpoint: result[1] (output port clocked by clk)
Path Group: clk
Path Type: min

Fanout     Cap    Slew   Delay    Time   Description
-----------------------------------------------------------------------------
                  0.00    0.00    0.00   clock clk (rise edge)
                          0.00    0.00   clock network delay (ideal)
                          4.00    4.00 v input external delay
                  0.10    0.07    4.07 v a[1] (in)
     9    0.04                           a[1] (net)
                  0.10    0.00    4.07 v _2483_/B (Nand_gate)
                  0.05    0.06    4.12 ^ _2483_/Y (Nand_gate)
     2    0.01                           _1592_ (net)
                  0.05    0.00    4.12 ^ _2677_/A (Nor_gate)
                  0.02    0.03    4.16 v _2677_/Y (Nor_gate)
     1    0.00                           _1785_ (net)
                  0.02    0.00    4.16 v _2680_/A (Nor_gate)
                  0.07    0.07    4.22 ^ _2680_/Y (Nor_gate)
     1    0.00                           _1788_ (net)
                  0.07    0.00    4.22 ^ _2685_/A (Nor_gate)
                  0.02    0.03    4.26 v _2685_/Y (Nor_gate)
     1    0.00                           _1793_ (net)
                  0.02    0.00    4.26 v _2698_/A (Nand_gate)
                  0.03    0.04    4.29 ^ _2698_/Y (Nand_gate)
     1    0.00                           _1806_ (net)
                  0.03    0.00    4.29 ^ _2699_/B (Nor_gate)
                  0.02    0.02    4.31 v _2699_/Y (Nor_gate)
     1    0.00                           _1807_ (net)
                  0.02    0.00    4.31 v _2700_/B (Nand_gate)
                  0.03    0.03    4.34 ^ _2700_/Y (Nand_gate)
     1    0.00                           _1808_ (net)
                  0.03    0.00    4.34 ^ _2701_/B (Nor_gate)
                  0.06    0.05    4.40 v _2701_/Y (Nor_gate)
     2    0.01                           _1809_ (net)
                  0.06    0.00    4.40 v _2702_/A (sky130_fd_sc_hd__inv_2)
                  0.16    0.14    4.54 ^ _2702_/Y (sky130_fd_sc_hd__inv_2)
     1    0.03                           result[1] (net)
                  0.16    0.00    4.54 ^ result[1] (out)
                                  4.54   data arrival time

                  0.00    0.00    0.00   clock clk (rise edge)
                          0.00    0.00   clock network delay (ideal)
                          0.25    0.25   clock uncertainty
                          0.00    0.25   clock reconvergence pessimism
                         -4.00   -3.75   output external delay
                                 -3.75   data required time
-----------------------------------------------------------------------------
                                 -3.75   data required time
                                 -4.54   data arrival time
-----------------------------------------------------------------------------
                                  8.29   slack (MET)


Startpoint: alu_control[1] (input port clocked by clk)
Endpoint: result[5] (output port clocked by clk)
Path Group: clk
Path Type: min

Fanout     Cap    Slew   Delay    Time   Description
-----------------------------------------------------------------------------
                  0.00    0.00    0.00   clock clk (rise edge)
                          0.00    0.00   clock network delay (ideal)
                          4.00    4.00 v input external delay
                  0.07    0.05    4.05 v alu_control[1] (in)
     7    0.03                           alu_control[1] (net)
                  0.07    0.00    4.05 v _2792_/A (Nand_gate)
                  0.17    0.14    4.19 ^ _2792_/Y (Nand_gate)
     5    0.02                           _1898_ (net)
                  0.17    0.00    4.19 ^ _2926_/A (Nor_gate)
                  0.02    0.05    4.24 v _2926_/Y (Nor_gate)
     1    0.00                           _2030_ (net)
                  0.02    0.00    4.24 v _2927_/B (Nand_gate)
                  0.03    0.03    4.27 ^ _2927_/Y (Nand_gate)
     1    0.00                           _2031_ (net)
                  0.03    0.00    4.27 ^ _2964_/A (Nand_gate)
                  0.03    0.03    4.30 v _2964_/Y (Nand_gate)
     1    0.00                           _2068_ (net)
                  0.03    0.00    4.30 v _2965_/A (sky130_fd_sc_hd__buf_1)
                  0.25    0.24    4.54 v _2965_/X (sky130_fd_sc_hd__buf_1)
     2    0.04                           result[5] (net)
                  0.25    0.00    4.54 v result[5] (out)
                                  4.54   data arrival time

                  0.00    0.00    0.00   clock clk (rise edge)
                          0.00    0.00   clock network delay (ideal)
                          0.25    0.25   clock uncertainty
                          0.00    0.25   clock reconvergence pessimism
                         -4.00   -3.75   output external delay
                                 -3.75   data required time
-----------------------------------------------------------------------------
                                 -3.75   data required time
                                 -4.54   data arrival time
-----------------------------------------------------------------------------
                                  8.29   slack (MET)


Startpoint: alu_control[1] (input port clocked by clk)
Endpoint: result[3] (output port clocked by clk)
Path Group: clk
Path Type: min

Fanout     Cap    Slew   Delay    Time   Description
-----------------------------------------------------------------------------
                  0.00    0.00    0.00   clock clk (rise edge)
                          0.00    0.00   clock network delay (ideal)
                          4.00    4.00 v input external delay
                  0.07    0.05    4.05 v alu_control[1] (in)
     7    0.03                           alu_control[1] (net)
                  0.07    0.00    4.05 v _2792_/A (Nand_gate)
                  0.17    0.14    4.19 ^ _2792_/Y (Nand_gate)
     5    0.02                           _1898_ (net)
                  0.17    0.00    4.19 ^ _2794_/A (Nor_gate)
                  0.02    0.05    4.24 v _2794_/Y (Nor_gate)
     1    0.00                           _1900_ (net)
                  0.02    0.00    4.24 v _2795_/B (Nand_gate)
                  0.03    0.03    4.27 ^ _2795_/Y (Nand_gate)
     1    0.00                           _1901_ (net)
                  0.03    0.00    4.27 ^ _2849_/A (Nand_gate)
                  0.03    0.03    4.30 v _2849_/Y (Nand_gate)
     1    0.00                           _1955_ (net)
                  0.03    0.00    4.30 v _2850_/A (sky130_fd_sc_hd__buf_1)
                  0.25    0.24    4.54 v _2850_/X (sky130_fd_sc_hd__buf_1)
     2    0.04                           result[3] (net)
                  0.25    0.00    4.54 v result[3] (out)
                                  4.54   data arrival time

                  0.00    0.00    0.00   clock clk (rise edge)
                          0.00    0.00   clock network delay (ideal)
                          0.25    0.25   clock uncertainty
                          0.00    0.25   clock reconvergence pessimism
                         -4.00   -3.75   output external delay
                                 -3.75   data required time
-----------------------------------------------------------------------------
                                 -3.75   data required time
                                 -4.54   data arrival time
-----------------------------------------------------------------------------
                                  8.29   slack (MET)


Startpoint: a[6] (input port clocked by clk)
Endpoint: result[6] (output port clocked by clk)
Path Group: clk
Path Type: min

Fanout     Cap    Slew   Delay    Time   Description
-----------------------------------------------------------------------------
                  0.00    0.00    0.00   clock clk (rise edge)
                          0.00    0.00   clock network delay (ideal)
                          4.00    4.00 v input external delay
                  0.07    0.05    4.05 v a[6] (in)
    10    0.03                           a[6] (net)
                  0.07    0.00    4.05 v _2971_/A (Xnor)
                  0.14    0.12    4.17 ^ _2971_/Y (Xnor)
     3    0.01                           _2074_ (net)
                  0.14    0.00    4.17 ^ _2985_/A (Nand_gate)
                  0.03    0.05    4.22 v _2985_/Y (Nand_gate)
     1    0.00                           _2088_ (net)
                  0.03    0.00    4.22 v _2988_/A (Nand_gate)
                  0.05    0.05    4.27 ^ _2988_/Y (Nand_gate)
     1    0.01                           _2091_ (net)
                  0.05    0.00    4.27 ^ _3030_/A (Nand_gate)
                  0.03    0.04    4.31 v _3030_/Y (Nand_gate)
     1    0.00                           _2133_ (net)
                  0.03    0.00    4.31 v _3031_/A (sky130_fd_sc_hd__buf_1)
                  0.25    0.24    4.55 v _3031_/X (sky130_fd_sc_hd__buf_1)
     2    0.04                           result[6] (net)
                  0.25    0.00    4.55 v result[6] (out)
                                  4.55   data arrival time

                  0.00    0.00    0.00   clock clk (rise edge)
                          0.00    0.00   clock network delay (ideal)
                          0.25    0.25   clock uncertainty
                          0.00    0.25   clock reconvergence pessimism
                         -4.00   -3.75   output external delay
                                 -3.75   data required time
-----------------------------------------------------------------------------
                                 -3.75   data required time
                                 -4.55   data arrival time
-----------------------------------------------------------------------------
                                  8.30   slack (MET)


Startpoint: a[28] (input port clocked by clk)
Endpoint: result[28] (output port clocked by clk)
Path Group: clk
Path Type: min

Fanout     Cap    Slew   Delay    Time   Description
-----------------------------------------------------------------------------
                  0.00    0.00    0.00   clock clk (rise edge)
                          0.00    0.00   clock network delay (ideal)
                          4.00    4.00 v input external delay
                  0.05    0.04    4.04 v a[28] (in)
     7    0.02                           a[28] (net)
                  0.05    0.00    4.04 v _4180_/A (Xnor)
                  0.05    0.09    4.13 v _4180_/Y (Xnor)
     1    0.00                           _1200_ (net)
                  0.05    0.00    4.13 v _4181_/A (inverter)
                  0.05    0.04    4.17 ^ _4181_/Y (inverter)
     2    0.00                           _1201_ (net)
                  0.05    0.00    4.17 ^ _4182_/B (Nand_gate)
                  0.03    0.04    4.21 v _4182_/Y (Nand_gate)
     1    0.00                           _1202_ (net)
                  0.03    0.00    4.21 v _4185_/A (Nand_gate)
                  0.03    0.04    4.25 ^ _4185_/Y (Nand_gate)
     1    0.00                           _1205_ (net)
                  0.03    0.00    4.25 ^ _4216_/A (Nand_gate)
                  0.03    0.03    4.28 v _4216_/Y (Nand_gate)
     1    0.00                           _1239_ (net)
                  0.03    0.00    4.28 v _4217_/A (sky130_fd_sc_hd__buf_1)
                  0.29    0.26    4.55 v _4217_/X (sky130_fd_sc_hd__buf_1)
     2    0.05                           result[28] (net)
                  0.29    0.01    4.55 v result[28] (out)
                                  4.55   data arrival time

                  0.00    0.00    0.00   clock clk (rise edge)
                          0.00    0.00   clock network delay (ideal)
                          0.25    0.25   clock uncertainty
                          0.00    0.25   clock reconvergence pessimism
                         -4.00   -3.75   output external delay
                                 -3.75   data required time
-----------------------------------------------------------------------------
                                 -3.75   data required time
                                 -4.55   data arrival time
-----------------------------------------------------------------------------
                                  8.30   slack (MET)


Startpoint: a[16] (input port clocked by clk)
Endpoint: result[17] (output port clocked by clk)
Path Group: clk
Path Type: min

Fanout     Cap    Slew   Delay    Time   Description
-----------------------------------------------------------------------------
                  0.00    0.00    0.00   clock clk (rise edge)
                          0.00    0.00   clock network delay (ideal)
                          4.00    4.00 v input external delay
                  0.04    0.03    4.03 v a[16] (in)
     3    0.02                           a[16] (net)
                  0.04    0.00    4.03 v _2409_/A (inverter)
                  0.05    0.05    4.07 ^ _2409_/Y (inverter)
     2    0.01                           _1518_ (net)
                  0.05    0.00    4.07 ^ _3640_/A (Nor_gate)
                  0.03    0.04    4.11 v _3640_/Y (Nor_gate)
     2    0.00                           _0617_ (net)
                  0.03    0.00    4.11 v _3641_/B (Nor_gate)
                  0.07    0.06    4.17 ^ _3641_/Y (Nor_gate)
     1    0.00                           _0618_ (net)
                  0.07    0.00    4.17 ^ _3644_/A (Nor_gate)
                  0.02    0.03    4.20 v _3644_/Y (Nor_gate)
     1    0.00                           _0621_ (net)
                  0.02    0.00    4.20 v _3669_/A (Nor_gate)
                  0.07    0.06    4.26 ^ _3669_/Y (Nor_gate)
     1    0.00                           _0649_ (net)
                  0.07    0.00    4.26 ^ _3670_/B (Nand_gate)
                  0.03    0.04    4.30 v _3670_/Y (Nand_gate)
     1    0.00                           _0650_ (net)
                  0.03    0.00    4.30 v _3671_/A (sky130_fd_sc_hd__buf_1)
                  0.28    0.25    4.55 v _3671_/X (sky130_fd_sc_hd__buf_1)
     2    0.05                           result[17] (net)
                  0.28    0.00    4.56 v result[17] (out)
                                  4.56   data arrival time

                  0.00    0.00    0.00   clock clk (rise edge)
                          0.00    0.00   clock network delay (ideal)
                          0.25    0.25   clock uncertainty
                          0.00    0.25   clock reconvergence pessimism
                         -4.00   -3.75   output external delay
                                 -3.75   data required time
-----------------------------------------------------------------------------
                                 -3.75   data required time
                                 -4.56   data arrival time
-----------------------------------------------------------------------------
                                  8.31   slack (MET)


Startpoint: b[29] (input port clocked by clk)
Endpoint: result[29] (output port clocked by clk)
Path Group: clk
Path Type: min

Fanout     Cap    Slew   Delay    Time   Description
-----------------------------------------------------------------------------
                  0.00    0.00    0.00   clock clk (rise edge)
                          0.00    0.00   clock network delay (ideal)
                          4.00    4.00 v input external delay
                  0.06    0.04    4.04 v b[29] (in)
     4    0.02                           b[29] (net)
                  0.06    0.00    4.04 v _4220_/A (Xnor)
                  0.10    0.10    4.13 ^ _4220_/Y (Xnor)
     2    0.01                           _1243_ (net)
                  0.10    0.00    4.13 ^ _4223_/B (Nand_gate)
                  0.05    0.06    4.19 v _4223_/Y (Nand_gate)
     2    0.01                           _1246_ (net)
                  0.05    0.00    4.19 v _4224_/B (Nand_gate)
                  0.05    0.05    4.24 ^ _4224_/Y (Nand_gate)
     2    0.01                           _1247_ (net)
                  0.05    0.00    4.24 ^ _4227_/A (Nor_gate)
                  0.02    0.03    4.27 v _4227_/Y (Nor_gate)
     1    0.00                           _1250_ (net)
                  0.02    0.00    4.27 v _4230_/A (Nor_gate)
                  0.07    0.07    4.34 ^ _4230_/Y (Nor_gate)
     1    0.00                           _1254_ (net)
                  0.07    0.00    4.34 ^ _4257_/A (Nor_gate)
                  0.03    0.05    4.39 v _4257_/Y (Nor_gate)
     2    0.01                           _1283_ (net)
                  0.03    0.00    4.39 v _4258_/A (sky130_fd_sc_hd__inv_2)
                  0.22    0.16    4.56 ^ _4258_/Y (sky130_fd_sc_hd__inv_2)
     1    0.05                           result[29] (net)
                  0.22    0.01    4.56 ^ result[29] (out)
                                  4.56   data arrival time

                  0.00    0.00    0.00   clock clk (rise edge)
                          0.00    0.00   clock network delay (ideal)
                          0.25    0.25   clock uncertainty
                          0.00    0.25   clock reconvergence pessimism
                         -4.00   -3.75   output external delay
                                 -3.75   data required time
-----------------------------------------------------------------------------
                                 -3.75   data required time
                                 -4.56   data arrival time
-----------------------------------------------------------------------------
                                  8.31   slack (MET)


Startpoint: b[15] (input port clocked by clk)
Endpoint: result[15] (output port clocked by clk)
Path Group: clk
Path Type: min

Fanout     Cap    Slew   Delay    Time   Description
-----------------------------------------------------------------------------
                  0.00    0.00    0.00   clock clk (rise edge)
                          0.00    0.00   clock network delay (ideal)
                          4.00    4.00 v input external delay
                  0.06    0.04    4.04 v b[15] (in)
     6    0.03                           b[15] (net)
                  0.06    0.00    4.04 v _3548_/A (Nand_gate)
                  0.04    0.04    4.09 ^ _3548_/Y (Nand_gate)
     1    0.00                           _0518_ (net)
                  0.04    0.00    4.09 ^ _3553_/A (Nand_gate)
                  0.03    0.04    4.12 v _3553_/Y (Nand_gate)
     1    0.00                           _0523_ (net)
                  0.03    0.00    4.12 v _3554_/B (Nor_gate)
                  0.07    0.05    4.18 ^ _3554_/Y (Nor_gate)
     1    0.00                           _0524_ (net)
                  0.07    0.00    4.18 ^ _3555_/B (Nand_gate)
                  0.04    0.04    4.22 v _3555_/Y (Nand_gate)
     1    0.00                           _0525_ (net)
                  0.04    0.00    4.22 v _3556_/B (Nor_gate)
                  0.09    0.07    4.30 ^ _3556_/Y (Nor_gate)
     1    0.00                           _0526_ (net)
                  0.09    0.00    4.30 ^ _3557_/B (Nand_gate)
                  0.03    0.04    4.34 v _3557_/Y (Nand_gate)
     1    0.00                           _0527_ (net)
                  0.03    0.00    4.34 v _3558_/A (sky130_fd_sc_hd__buf_1)
                  0.23    0.23    4.56 v _3558_/X (sky130_fd_sc_hd__buf_1)
     2    0.04                           result[15] (net)
                  0.23    0.00    4.56 v result[15] (out)
                                  4.56   data arrival time

                  0.00    0.00    0.00   clock clk (rise edge)
                          0.00    0.00   clock network delay (ideal)
                          0.25    0.25   clock uncertainty
                          0.00    0.25   clock reconvergence pessimism
                         -4.00   -3.75   output external delay
                                 -3.75   data required time
-----------------------------------------------------------------------------
                                 -3.75   data required time
                                 -4.56   data arrival time
-----------------------------------------------------------------------------
                                  8.31   slack (MET)


Startpoint: a[24] (input port clocked by clk)
Endpoint: result[24] (output port clocked by clk)
Path Group: clk
Path Type: min

Fanout     Cap    Slew   Delay    Time   Description
-----------------------------------------------------------------------------
                  0.00    0.00    0.00   clock clk (rise edge)
                          0.00    0.00   clock network delay (ideal)
                          4.00    4.00 v input external delay
                  0.06    0.04    4.04 v a[24] (in)
     9    0.03                           a[24] (net)
                  0.06    0.00    4.04 v _3978_/A (Nor_gate)
                  0.06    0.07    4.11 ^ _3978_/Y (Nor_gate)
     1    0.00                           _0982_ (net)
                  0.06    0.00    4.11 ^ _3979_/B (Nor_gate)
                  0.05    0.05    4.17 v _3979_/Y (Nor_gate)
     4    0.01                           _0983_ (net)
                  0.05    0.00    4.17 v _3981_/B (Nor_gate)
                  0.06    0.06    4.22 ^ _3981_/Y (Nor_gate)
     1    0.00                           _0985_ (net)
                  0.06    0.00    4.22 ^ _3982_/B (Nor_gate)
                  0.02    0.03    4.25 v _3982_/Y (Nor_gate)
     1    0.00                           _0986_ (net)
                  0.02    0.00    4.25 v _3983_/B (Nand_gate)
                  0.03    0.03    4.28 ^ _3983_/Y (Nand_gate)
     1    0.00                           _0987_ (net)
                  0.03    0.00    4.28 ^ _4019_/A (Nand_gate)
                  0.03    0.03    4.32 v _4019_/Y (Nand_gate)
     1    0.00                           _1027_ (net)
                  0.03    0.00    4.32 v _4020_/A (sky130_fd_sc_hd__buf_1)
                  0.28    0.26    4.57 v _4020_/X (sky130_fd_sc_hd__buf_1)
     2    0.05                           result[24] (net)
                  0.28    0.00    4.58 v result[24] (out)
                                  4.58   data arrival time

                  0.00    0.00    0.00   clock clk (rise edge)
                          0.00    0.00   clock network delay (ideal)
                          0.25    0.25   clock uncertainty
                          0.00    0.25   clock reconvergence pessimism
                         -4.00   -3.75   output external delay
                                 -3.75   data required time
-----------------------------------------------------------------------------
                                 -3.75   data required time
                                 -4.58   data arrival time
-----------------------------------------------------------------------------
                                  8.33   slack (MET)


Startpoint: a[30] (input port clocked by clk)
Endpoint: result[31] (output port clocked by clk)
Path Group: clk
Path Type: min

Fanout     Cap    Slew   Delay    Time   Description
-----------------------------------------------------------------------------
                  0.00    0.00    0.00   clock clk (rise edge)
                          0.00    0.00   clock network delay (ideal)
                          4.00    4.00 v input external delay
                  0.09    0.06    4.06 v a[30] (in)
     9    0.04                           a[30] (net)
                  0.09    0.00    4.06 v _4301_/A (Nand_gate)
                  0.04    0.05    4.11 ^ _4301_/Y (Nand_gate)
     1    0.00                           _1330_ (net)
                  0.04    0.00    4.11 ^ _4302_/A (Nand_gate)
                  0.05    0.05    4.16 v _4302_/Y (Nand_gate)
     2    0.01                           _1331_ (net)
                  0.05    0.00    4.16 v _4307_/A (Nor_gate)
                  0.07    0.07    4.23 ^ _4307_/Y (Nor_gate)
     1    0.00                           _1336_ (net)
                  0.07    0.00    4.23 ^ _4308_/B (Nor_gate)
                  0.02    0.03    4.26 v _4308_/Y (Nor_gate)
     1    0.00                           _1338_ (net)
                  0.02    0.00    4.26 v _4309_/B (Nand_gate)
                  0.03    0.03    4.29 ^ _4309_/Y (Nand_gate)
     1    0.00                           _1339_ (net)
                  0.03    0.00    4.29 ^ _4337_/A (Nand_gate)
                  0.03    0.03    4.33 v _4337_/Y (Nand_gate)
     1    0.00                           _1369_ (net)
                  0.03    0.00    4.33 v _4338_/A (sky130_fd_sc_hd__buf_1)
                  0.27    0.25    4.58 v _4338_/X (sky130_fd_sc_hd__buf_1)
     2    0.05                           result[31] (net)
                  0.27    0.00    4.58 v result[31] (out)
                                  4.58   data arrival time

                  0.00    0.00    0.00   clock clk (rise edge)
                          0.00    0.00   clock network delay (ideal)
                          0.25    0.25   clock uncertainty
                          0.00    0.25   clock reconvergence pessimism
                         -4.00   -3.75   output external delay
                                 -3.75   data required time
-----------------------------------------------------------------------------
                                 -3.75   data required time
                                 -4.58   data arrival time
-----------------------------------------------------------------------------
                                  8.33   slack (MET)


Startpoint: alu_control[1] (input port clocked by clk)
Endpoint: result[10] (output port clocked by clk)
Path Group: clk
Path Type: min

Fanout     Cap    Slew   Delay    Time   Description
-----------------------------------------------------------------------------
                  0.00    0.00    0.00   clock clk (rise edge)
                          0.00    0.00   clock network delay (ideal)
                          4.00    4.00 v input external delay
                  0.07    0.05    4.05 v alu_control[1] (in)
     7    0.03                           alu_control[1] (net)
                  0.07    0.00    4.05 v _2792_/A (Nand_gate)
                  0.17    0.14    4.19 ^ _2792_/Y (Nand_gate)
     5    0.02                           _1898_ (net)
                  0.17    0.00    4.19 ^ _3229_/A (Nor_gate)
                  0.02    0.05    4.24 v _3229_/Y (Nor_gate)
     1    0.00                           _0172_ (net)
                  0.02    0.00    4.24 v _3230_/B (Nand_gate)
                  0.05    0.05    4.28 ^ _3230_/Y (Nand_gate)
     1    0.01                           _0173_ (net)
                  0.05    0.00    4.28 ^ _3267_/A (Nand_gate)
                  0.03    0.04    4.32 v _3267_/Y (Nand_gate)
     1    0.00                           _0213_ (net)
                  0.03    0.00    4.32 v _3268_/A (sky130_fd_sc_hd__buf_1)
                  0.28    0.26    4.58 v _3268_/X (sky130_fd_sc_hd__buf_1)
     2    0.05                           result[10] (net)
                  0.29    0.01    4.58 v result[10] (out)
                                  4.58   data arrival time

                  0.00    0.00    0.00   clock clk (rise edge)
                          0.00    0.00   clock network delay (ideal)
                          0.25    0.25   clock uncertainty
                          0.00    0.25   clock reconvergence pessimism
                         -4.00   -3.75   output external delay
                                 -3.75   data required time
-----------------------------------------------------------------------------
                                 -3.75   data required time
                                 -4.58   data arrival time
-----------------------------------------------------------------------------
                                  8.33   slack (MET)


Startpoint: b[12] (input port clocked by clk)
Endpoint: result[12] (output port clocked by clk)
Path Group: clk
Path Type: min

Fanout     Cap    Slew   Delay    Time   Description
-----------------------------------------------------------------------------
                  0.00    0.00    0.00   clock clk (rise edge)
                          0.00    0.00   clock network delay (ideal)
                          4.00    4.00 v input external delay
                  0.07    0.04    4.04 v b[12] (in)
     7    0.03                           b[12] (net)
                  0.07    0.00    4.04 v _3367_/A (Nand_gate)
                  0.04    0.05    4.09 ^ _3367_/Y (Nand_gate)
     1    0.00                           _0321_ (net)
                  0.04    0.00    4.09 ^ _3372_/A (Nand_gate)
                  0.03    0.04    4.13 v _3372_/Y (Nand_gate)
     1    0.00                           _0327_ (net)
                  0.03    0.00    4.13 v _3380_/A (Nor_gate)
                  0.07    0.07    4.19 ^ _3380_/Y (Nor_gate)
     1    0.00                           _0336_ (net)
                  0.07    0.00    4.19 ^ _3381_/B (Nand_gate)
                  0.03    0.04    4.23 v _3381_/Y (Nand_gate)
     1    0.00                           _0337_ (net)
                  0.03    0.00    4.23 v _3395_/A (Nor_gate)
                  0.07    0.07    4.30 ^ _3395_/Y (Nor_gate)
     1    0.00                           _0352_ (net)
                  0.07    0.00    4.30 ^ _3396_/B (Nand_gate)
                  0.03    0.04    4.34 v _3396_/Y (Nand_gate)
     1    0.00                           _0353_ (net)
                  0.03    0.00    4.34 v _3397_/A (sky130_fd_sc_hd__buf_1)
                  0.25    0.24    4.58 v _3397_/X (sky130_fd_sc_hd__buf_1)
     2    0.04                           result[12] (net)
                  0.25    0.00    4.58 v result[12] (out)
                                  4.58   data arrival time

                  0.00    0.00    0.00   clock clk (rise edge)
                          0.00    0.00   clock network delay (ideal)
                          0.25    0.25   clock uncertainty
                          0.00    0.25   clock reconvergence pessimism
                         -4.00   -3.75   output external delay
                                 -3.75   data required time
-----------------------------------------------------------------------------
                                 -3.75   data required time
                                 -4.58   data arrival time
-----------------------------------------------------------------------------
                                  8.33   slack (MET)


Startpoint: b[14] (input port clocked by clk)
Endpoint: result[14] (output port clocked by clk)
Path Group: clk
Path Type: min

Fanout     Cap    Slew   Delay    Time   Description
-----------------------------------------------------------------------------
                  0.00    0.00    0.00   clock clk (rise edge)
                          0.00    0.00   clock network delay (ideal)
                          4.00    4.00 v input external delay
                  0.05    0.03    4.03 v b[14] (in)
     5    0.02                           b[14] (net)
                  0.05    0.00    4.03 v _2380_/A (inverter)
                  0.07    0.06    4.10 ^ _2380_/Y (inverter)
     3    0.01                           _1489_ (net)
                  0.07    0.00    4.10 ^ _3479_/A (Nor_gate)
                  0.02    0.03    4.13 v _3479_/Y (Nor_gate)
     1    0.00                           _0443_ (net)
                  0.02    0.00    4.13 v _3483_/A (Nor_gate)
                  0.07    0.07    4.20 ^ _3483_/Y (Nor_gate)
     1    0.00                           _0447_ (net)
                  0.07    0.00    4.20 ^ _3508_/A (Nand_gate)
                  0.04    0.05    4.25 v _3508_/Y (Nand_gate)
     1    0.00                           _0475_ (net)
                  0.04    0.00    4.25 v _3509_/B (Nor_gate)
                  0.07    0.06    4.31 ^ _3509_/Y (Nor_gate)
     1    0.00                           _0476_ (net)
                  0.07    0.00    4.31 ^ _3510_/B (Nand_gate)
                  0.03    0.04    4.34 v _3510_/Y (Nand_gate)
     1    0.00                           _0477_ (net)
                  0.03    0.00    4.34 v _3511_/A (sky130_fd_sc_hd__buf_1)
                  0.26    0.24    4.59 v _3511_/X (sky130_fd_sc_hd__buf_1)
     2    0.04                           result[14] (net)
                  0.26    0.00    4.59 v result[14] (out)
                                  4.59   data arrival time

                  0.00    0.00    0.00   clock clk (rise edge)
                          0.00    0.00   clock network delay (ideal)
                          0.25    0.25   clock uncertainty
                          0.00    0.25   clock reconvergence pessimism
                         -4.00   -3.75   output external delay
                                 -3.75   data required time
-----------------------------------------------------------------------------
                                 -3.75   data required time
                                 -4.59   data arrival time
-----------------------------------------------------------------------------
                                  8.34   slack (MET)


Startpoint: b[16] (input port clocked by clk)
Endpoint: result[16] (output port clocked by clk)
Path Group: clk
Path Type: min

Fanout     Cap    Slew   Delay    Time   Description
-----------------------------------------------------------------------------
                  0.00    0.00    0.00   clock clk (rise edge)
                          0.00    0.00   clock network delay (ideal)
                          4.00    4.00 v input external delay
                  0.09    0.06    4.06 v b[16] (in)
     8    0.04                           b[16] (net)
                  0.09    0.00    4.06 v _3616_/A (Nand_gate)
                  0.04    0.05    4.11 ^ _3616_/Y (Nand_gate)
     1    0.00                           _0591_ (net)
                  0.04    0.00    4.11 ^ _3622_/A (Nand_gate)
                  0.03    0.04    4.15 v _3622_/Y (Nand_gate)
     1    0.00                           _0598_ (net)
                  0.03    0.00    4.15 v _3623_/B (Nor_gate)
                  0.07    0.05    4.20 ^ _3623_/Y (Nor_gate)
     1    0.00                           _0599_ (net)
                  0.07    0.00    4.20 ^ _3624_/B (Nand_gate)
                  0.05    0.05    4.25 v _3624_/Y (Nand_gate)
     1    0.01                           _0600_ (net)
                  0.05    0.00    4.25 v _3625_/B (Nor_gate)
                  0.07    0.06    4.31 ^ _3625_/Y (Nor_gate)
     1    0.00                           _0601_ (net)
                  0.07    0.00    4.31 ^ _3626_/B (Nand_gate)
                  0.03    0.04    4.35 v _3626_/Y (Nand_gate)
     1    0.00                           _0602_ (net)
                  0.03    0.00    4.35 v _3627_/A (sky130_fd_sc_hd__buf_1)
                  0.26    0.24    4.59 v _3627_/X (sky130_fd_sc_hd__buf_1)
     2    0.04                           result[16] (net)
                  0.26    0.00    4.59 v result[16] (out)
                                  4.59   data arrival time

                  0.00    0.00    0.00   clock clk (rise edge)
                          0.00    0.00   clock network delay (ideal)
                          0.25    0.25   clock uncertainty
                          0.00    0.25   clock reconvergence pessimism
                         -4.00   -3.75   output external delay
                                 -3.75   data required time
-----------------------------------------------------------------------------
                                 -3.75   data required time
                                 -4.59   data arrival time
-----------------------------------------------------------------------------
                                  8.34   slack (MET)


Startpoint: a[26] (input port clocked by clk)
Endpoint: zero (output port clocked by clk)
Path Group: clk
Path Type: min

Fanout     Cap    Slew   Delay    Time   Description
-----------------------------------------------------------------------------
                  0.00    0.00    0.00   clock clk (rise edge)
                          0.00    0.00   clock network delay (ideal)
                          4.00    4.00 v input external delay
                  0.06    0.04    4.04 v a[26] (in)
     9    0.03                           a[26] (net)
                  0.06    0.00    4.04 v _4090_/A (Nand_gate)
                  0.05    0.06    4.10 ^ _4090_/Y (Nand_gate)
     2    0.01                           _1103_ (net)
                  0.05    0.00    4.10 ^ _4093_/A (Nand_gate)
                  0.03    0.04    4.14 v _4093_/Y (Nand_gate)
     1    0.00                           _1106_ (net)
                  0.03    0.00    4.14 v _4117_/A (Nand_gate)
                  0.04    0.04    4.18 ^ _4117_/Y (Nand_gate)
     1    0.00                           _1132_ (net)
                  0.04    0.00    4.18 ^ _4118_/B (Nor_gate)
                  0.05    0.05    4.23 v _4118_/Y (Nor_gate)
     2    0.01                           _1134_ (net)
                  0.05    0.00    4.23 v _4366_/B (Nand_gate)
                  0.03    0.03    4.26 ^ _4366_/Y (Nand_gate)
     1    0.00                           _1400_ (net)
                  0.03    0.00    4.26 ^ _4367_/B (Nor_gate)
                  0.02    0.02    4.29 v _4367_/Y (Nor_gate)
     1    0.00                           _1401_ (net)
                  0.02    0.00    4.29 v _4368_/B (Nand_gate)
                  0.03    0.03    4.31 ^ _4368_/Y (Nand_gate)
     1    0.00                           _1403_ (net)
                  0.03    0.00    4.31 ^ _4369_/B (Nor_gate)
                  0.02    0.03    4.34 v _4369_/Y (Nor_gate)
     1    0.00                           _1404_ (net)
                  0.02    0.00    4.34 v _4370_/B (Nand_gate)
                  0.03    0.03    4.37 ^ _4370_/Y (Nand_gate)
     1    0.00                           _1405_ (net)
                  0.03    0.00    4.37 ^ _4371_/B (Nor_gate)
                  0.02    0.02    4.39 v _4371_/Y (Nor_gate)
     1    0.00                           _1406_ (net)
                  0.02    0.00    4.39 v _4372_/A (sky130_fd_sc_hd__buf_1)
                  0.20    0.20    4.59 v _4372_/X (sky130_fd_sc_hd__buf_1)
     1    0.03                           zero (net)
                  0.20    0.00    4.59 v zero (out)
                                  4.59   data arrival time

                  0.00    0.00    0.00   clock clk (rise edge)
                          0.00    0.00   clock network delay (ideal)
                          0.25    0.25   clock uncertainty
                          0.00    0.25   clock reconvergence pessimism
                         -4.00   -3.75   output external delay
                                 -3.75   data required time
-----------------------------------------------------------------------------
                                 -3.75   data required time
                                 -4.59   data arrival time
-----------------------------------------------------------------------------
                                  8.34   slack (MET)


Startpoint: b[30] (input port clocked by clk)
Endpoint: result[30] (output port clocked by clk)
Path Group: clk
Path Type: min

Fanout     Cap    Slew   Delay    Time   Description
-----------------------------------------------------------------------------
                  0.00    0.00    0.00   clock clk (rise edge)
                          0.00    0.00   clock network delay (ideal)
                          4.00    4.00 v input external delay
                  0.04    0.03    4.03 v b[30] (in)
     4    0.02                           b[30] (net)
                  0.04    0.00    4.03 v _4292_/A (Nand_gate)
                  0.04    0.04    4.07 ^ _4292_/Y (Nand_gate)
     1    0.00                           _1321_ (net)
                  0.04    0.00    4.07 ^ _4293_/B (Nand_gate)
                  0.03    0.03    4.10 v _4293_/Y (Nand_gate)
     1    0.00                           _1322_ (net)
                  0.03    0.00    4.10 v _4294_/B (Nor_gate)
                  0.07    0.06    4.16 ^ _4294_/Y (Nor_gate)
     1    0.00                           _1323_ (net)
                  0.07    0.00    4.16 ^ _4295_/A (inverter)
                  0.02    0.03    4.18 v _4295_/Y (inverter)
     1    0.00                           _1324_ (net)
                  0.02    0.00    4.18 v _4296_/B (Nor_gate)
                  0.07    0.06    4.24 ^ _4296_/Y (Nor_gate)
     1    0.00                           _1325_ (net)
                  0.07    0.00    4.24 ^ _4297_/B (Nand_gate)
                  0.03    0.04    4.28 v _4297_/Y (Nand_gate)
     1    0.00                           _1326_ (net)
                  0.03    0.00    4.28 v _4298_/B (Nor_gate)
                  0.09    0.07    4.35 ^ _4298_/Y (Nor_gate)
     1    0.00                           _1328_ (net)
                  0.09    0.00    4.35 ^ _4299_/B (Nand_gate)
                  0.03    0.04    4.40 v _4299_/Y (Nand_gate)
     1    0.00                           _1329_ (net)
                  0.03    0.00    4.40 v _4300_/A (sky130_fd_sc_hd__buf_1)
                  0.23    0.22    4.62 v _4300_/X (sky130_fd_sc_hd__buf_1)
     2    0.04                           result[30] (net)
                  0.23    0.00    4.62 v result[30] (out)
                                  4.62   data arrival time

                  0.00    0.00    0.00   clock clk (rise edge)
                          0.00    0.00   clock network delay (ideal)
                          0.25    0.25   clock uncertainty
                          0.00    0.25   clock reconvergence pessimism
                         -4.00   -3.75   output external delay
                                 -3.75   data required time
-----------------------------------------------------------------------------
                                 -3.75   data required time
                                 -4.62   data arrival time
-----------------------------------------------------------------------------
                                  8.37   slack (MET)



min_report_end
max_report

===========================================================================
report_checks -path_delay max (Setup)
============================================================================
======================= Typical Corner ===================================

Startpoint: b[0] (input port clocked by clk)
Endpoint: zero (output port clocked by clk)
Path Group: clk
Path Type: max

Fanout     Cap    Slew   Delay    Time   Description
-----------------------------------------------------------------------------
                  0.00    0.00    0.00   clock clk (rise edge)
                          0.00    0.00   clock network delay (ideal)
                          4.00    4.00 ^ input external delay
                  0.17    0.12    4.12 ^ b[0] (in)
    10    0.04                           b[0] (net)
                  0.17    0.00    4.12 ^ _2324_/A (sky130_fd_sc_hd__buf_1)
                  0.47    0.42    4.54 ^ _2324_/X (sky130_fd_sc_hd__buf_1)
    10    0.04                           _1433_ (net)
                  0.47    0.00    4.54 ^ _2498_/A (sky130_fd_sc_hd__buf_1)
                  0.51    0.48    5.03 ^ _2498_/X (sky130_fd_sc_hd__buf_1)
    10    0.04                           _1607_ (net)
                  0.51    0.00    5.03 ^ _2499_/A (sky130_fd_sc_hd__buf_1)
                  0.47    0.46    5.49 ^ _2499_/X (sky130_fd_sc_hd__buf_1)
    10    0.04                           _1608_ (net)
                  0.47    0.00    5.49 ^ _2567_/A (sky130_fd_sc_hd__buf_1)
                  0.48    0.47    5.96 ^ _2567_/X (sky130_fd_sc_hd__buf_1)
    10    0.04                           _1676_ (net)
                  0.48    0.00    5.96 ^ _4094_/S (Mux)
                  0.05    0.27    6.23 v _4094_/Y (Mux)
     2    0.00                           _1107_ (net)
                  0.05    0.00    6.23 v _4194_/A (Mux)
                  0.05    0.23    6.46 v _4194_/Y (Mux)
     1    0.00                           _1215_ (net)
                  0.05    0.00    6.46 v _4195_/B (Mux)
                  0.04    0.16    6.62 v _4195_/Y (Mux)
     1    0.00                           _1216_ (net)
                  0.04    0.00    6.62 v _4196_/B (Mux)
                  0.04    0.17    6.78 v _4196_/Y (Mux)
     1    0.00                           _1217_ (net)
                  0.04    0.00    6.78 v _4197_/B (Nor_gate)
                  0.08    0.07    6.85 ^ _4197_/Y (Nor_gate)
     1    0.00                           _1218_ (net)
                  0.08    0.00    6.85 ^ _4198_/B (Nor_gate)
                  0.06    0.05    6.90 v _4198_/Y (Nor_gate)
     1    0.01                           _1220_ (net)
                  0.06    0.00    6.90 v _4199_/B (Nand_gate)
                  0.04    0.05    6.95 ^ _4199_/Y (Nand_gate)
     1    0.00                           _1221_ (net)
                  0.04    0.00    6.95 ^ _4214_/A (Nand_gate)
                  0.04    0.05    7.00 v _4214_/Y (Nand_gate)
     1    0.00                           _1237_ (net)
                  0.04    0.00    7.00 v _4215_/B (Nor_gate)
                  0.10    0.09    7.09 ^ _4215_/Y (Nor_gate)
     1    0.00                           _1238_ (net)
                  0.10    0.00    7.09 ^ _4216_/B (Nand_gate)
                  0.03    0.05    7.14 v _4216_/Y (Nand_gate)
     1    0.00                           _1239_ (net)
                  0.03    0.00    7.14 v _4217_/A (sky130_fd_sc_hd__buf_1)
                  0.29    0.29    7.43 v _4217_/X (sky130_fd_sc_hd__buf_1)
     2    0.05                           result[28] (net)
                  0.29    0.00    7.43 v _4367_/A (Nor_gate)
                  0.08    0.12    7.55 ^ _4367_/Y (Nor_gate)
     1    0.00                           _1401_ (net)
                  0.08    0.00    7.55 ^ _4368_/B (Nand_gate)
                  0.04    0.04    7.60 v _4368_/Y (Nand_gate)
     1    0.00                           _1403_ (net)
                  0.04    0.00    7.60 v _4369_/B (Nor_gate)
                  0.09    0.08    7.68 ^ _4369_/Y (Nor_gate)
     1    0.00                           _1404_ (net)
                  0.09    0.00    7.68 ^ _4370_/B (Nand_gate)
                  0.03    0.04    7.72 v _4370_/Y (Nand_gate)
     1    0.00                           _1405_ (net)
                  0.03    0.00    7.72 v _4371_/B (Nor_gate)
                  0.08    0.06    7.78 ^ _4371_/Y (Nor_gate)
     1    0.00                           _1406_ (net)
                  0.08    0.00    7.78 ^ _4372_/A (sky130_fd_sc_hd__buf_1)
                  0.40    0.36    8.14 ^ _4372_/X (sky130_fd_sc_hd__buf_1)
     1    0.03                           zero (net)
                  0.40    0.00    8.14 ^ zero (out)
                                  8.14   data arrival time

                  0.00   20.00   20.00   clock clk (rise edge)
                          0.00   20.00   clock network delay (ideal)
                         -0.25   19.75   clock uncertainty
                          0.00   19.75   clock reconvergence pessimism
                         -4.00   15.75   output external delay
                                 15.75   data required time
-----------------------------------------------------------------------------
                                 15.75   data required time
                                 -8.14   data arrival time
-----------------------------------------------------------------------------
                                  7.61   slack (MET)


Startpoint: alu_control[3] (input port clocked by clk)
Endpoint: result[31] (output port clocked by clk)
Path Group: clk
Path Type: max

Fanout     Cap    Slew   Delay    Time   Description
-----------------------------------------------------------------------------
                  0.00    0.00    0.00   clock clk (rise edge)
                          0.00    0.00   clock network delay (ideal)
                          4.00    4.00 v input external delay
                  0.05    0.04    4.04 v alu_control[3] (in)
     6    0.02                           alu_control[3] (net)
                  0.05    0.00    4.04 v _2490_/A (inverter)
                  0.12    0.10    4.14 ^ _2490_/Y (inverter)
     5    0.01                           _1599_ (net)
                  0.12    0.00    4.14 ^ _2571_/B (Nand_gate)
                  0.07    0.09    4.23 v _2571_/Y (Nand_gate)
     4    0.01                           _1680_ (net)
                  0.07    0.00    4.23 v _2669_/B (Nor_gate)
                  0.16    0.15    4.38 ^ _2669_/Y (Nor_gate)
     3    0.01                           _1777_ (net)
                  0.16    0.00    4.38 ^ _2706_/A (sky130_fd_sc_hd__buf_1)
                  0.43    0.40    4.78 ^ _2706_/X (sky130_fd_sc_hd__buf_1)
    10    0.04                           _1813_ (net)
                  0.43    0.00    4.78 ^ _3398_/A (sky130_fd_sc_hd__buf_1)
                  0.40    0.40    5.18 ^ _3398_/X (sky130_fd_sc_hd__buf_1)
    10    0.03                           _0355_ (net)
                  0.40    0.00    5.18 ^ _3512_/B (Nor_gate)
                  0.05    0.06    5.25 v _3512_/Y (Nor_gate)
     1    0.00                           _0478_ (net)
                  0.05    0.00    5.25 v _3513_/B (Nor_gate)
                  0.10    0.09    5.34 ^ _3513_/Y (Nor_gate)
     1    0.00                           _0479_ (net)
                  0.10    0.00    5.34 ^ _3514_/B (Xnor)
                  0.31    0.29    5.63 ^ _3514_/Y (Xnor)
     3    0.01                           _0480_ (net)
                  0.31    0.00    5.63 ^ _3515_/B (Xnor)
                  0.34    0.33    5.96 ^ _3515_/Y (Xnor)
     4    0.01                           _0481_ (net)
                  0.34    0.00    5.96 ^ _3567_/A (inverter)
                  0.06    0.05    6.01 v _3567_/Y (inverter)
     1    0.00                           _0537_ (net)
                  0.06    0.00    6.01 v _3568_/B (Nor_gate)
                  0.11    0.10    6.11 ^ _3568_/Y (Nor_gate)
     2    0.01                           _0539_ (net)
                  0.11    0.00    6.11 ^ _3569_/B (Nand_gate)
                  0.05    0.06    6.17 v _3569_/Y (Nand_gate)
     2    0.00                           _0540_ (net)
                  0.05    0.00    6.17 v _3679_/B (Nor_gate)
                  0.07    0.07    6.24 ^ _3679_/Y (Nor_gate)
     1    0.00                           _0659_ (net)
                  0.07    0.00    6.24 ^ _3690_/A (Nor_gate)
                  0.06    0.07    6.31 v _3690_/Y (Nor_gate)
     3    0.01                           _0671_ (net)
                  0.06    0.00    6.31 v _4078_/A (Nor_gate)
                  0.07    0.08    6.39 ^ _4078_/Y (Nor_gate)
     1    0.00                           _1090_ (net)
                  0.07    0.00    6.39 ^ _4082_/A (Nor_gate)
                  0.05    0.07    6.46 v _4082_/Y (Nor_gate)
     2    0.01                           _1094_ (net)
                  0.05    0.00    6.46 v _4167_/A (Nor_gate)
                  0.07    0.08    6.54 ^ _4167_/Y (Nor_gate)
     1    0.00                           _1185_ (net)
                  0.07    0.00    6.54 ^ _4176_/A (Nor_gate)
                  0.04    0.05    6.59 v _4176_/Y (Nor_gate)
     2    0.01                           _1195_ (net)
                  0.04    0.00    6.59 v _4183_/A (Nor_gate)
                  0.13    0.13    6.71 ^ _4183_/Y (Nor_gate)
     3    0.01                           _1203_ (net)
                  0.13    0.00    6.71 ^ _4265_/A (Nor_gate)
                  0.03    0.05    6.76 v _4265_/Y (Nor_gate)
     1    0.00                           _1291_ (net)
                  0.03    0.00    6.76 v _4266_/B (Nor_gate)
                  0.11    0.09    6.85 ^ _4266_/Y (Nor_gate)
     2    0.01                           _1292_ (net)
                  0.11    0.00    6.85 ^ _4267_/B (Nand_gate)
                  0.06    0.07    6.92 v _4267_/Y (Nand_gate)
     2    0.01                           _1293_ (net)
                  0.06    0.00    6.92 v _4302_/B (Nand_gate)
                  0.06    0.06    6.98 ^ _4302_/Y (Nand_gate)
     2    0.01                           _1331_ (net)
                  0.06    0.00    6.98 ^ _4307_/A (Nor_gate)
                  0.04    0.04    7.01 v _4307_/Y (Nor_gate)
     1    0.00                           _1336_ (net)
                  0.04    0.00    7.01 v _4308_/B (Nor_gate)
                  0.08    0.07    7.08 ^ _4308_/Y (Nor_gate)
     1    0.00                           _1338_ (net)
                  0.08    0.00    7.08 ^ _4309_/B (Nand_gate)
                  0.03    0.05    7.12 v _4309_/Y (Nand_gate)
     1    0.00                           _1339_ (net)
                  0.03    0.00    7.12 v _4337_/A (Nand_gate)
                  0.04    0.04    7.16 ^ _4337_/Y (Nand_gate)
     1    0.00                           _1369_ (net)
                  0.04    0.00    7.16 ^ _4338_/A (sky130_fd_sc_hd__buf_1)
                  0.55    0.45    7.61 ^ _4338_/X (sky130_fd_sc_hd__buf_1)
     2    0.05                           result[31] (net)
                  0.55    0.00    7.61 ^ result[31] (out)
                                  7.61   data arrival time

                  0.00   20.00   20.00   clock clk (rise edge)
                          0.00   20.00   clock network delay (ideal)
                         -0.25   19.75   clock uncertainty
                          0.00   19.75   clock reconvergence pessimism
                         -4.00   15.75   output external delay
                                 15.75   data required time
-----------------------------------------------------------------------------
                                 15.75   data required time
                                 -7.61   data arrival time
-----------------------------------------------------------------------------
                                  8.14   slack (MET)


Startpoint: b[0] (input port clocked by clk)
Endpoint: result[27] (output port clocked by clk)
Path Group: clk
Path Type: max

Fanout     Cap    Slew   Delay    Time   Description
-----------------------------------------------------------------------------
                  0.00    0.00    0.00   clock clk (rise edge)
                          0.00    0.00   clock network delay (ideal)
                          4.00    4.00 ^ input external delay
                  0.17    0.12    4.12 ^ b[0] (in)
    10    0.04                           b[0] (net)
                  0.17    0.00    4.12 ^ _2324_/A (sky130_fd_sc_hd__buf_1)
                  0.47    0.42    4.54 ^ _2324_/X (sky130_fd_sc_hd__buf_1)
    10    0.04                           _1433_ (net)
                  0.47    0.00    4.54 ^ _2498_/A (sky130_fd_sc_hd__buf_1)
                  0.51    0.48    5.03 ^ _2498_/X (sky130_fd_sc_hd__buf_1)
    10    0.04                           _1607_ (net)
                  0.51    0.00    5.03 ^ _2499_/A (sky130_fd_sc_hd__buf_1)
                  0.47    0.46    5.49 ^ _2499_/X (sky130_fd_sc_hd__buf_1)
    10    0.04                           _1608_ (net)
                  0.47    0.00    5.49 ^ _2567_/A (sky130_fd_sc_hd__buf_1)
                  0.48    0.47    5.96 ^ _2567_/X (sky130_fd_sc_hd__buf_1)
    10    0.04                           _1676_ (net)
                  0.48    0.00    5.96 ^ _3850_/S (Mux)
                  0.05    0.27    6.23 v _3850_/Y (Mux)
     2    0.00                           _0844_ (net)
                  0.05    0.00    6.23 v _3940_/A (Mux)
                  0.06    0.24    6.47 v _3940_/Y (Mux)
     2    0.01                           _0941_ (net)
                  0.06    0.00    6.47 v _4139_/A (Mux)
                  0.04    0.22    6.69 v _4139_/Y (Mux)
     1    0.00                           _1156_ (net)
                  0.04    0.00    6.69 v _4140_/B (Mux)
                  0.04    0.16    6.85 v _4140_/Y (Mux)
     1    0.00                           _1157_ (net)
                  0.04    0.00    6.85 v _4141_/B (Mux)
                  0.05    0.17    7.02 v _4141_/Y (Mux)
     1    0.00                           _1158_ (net)
                  0.05    0.00    7.02 v _4142_/A (inverter)
                  0.03    0.03    7.05 ^ _4142_/Y (inverter)
     1    0.00                           _1159_ (net)
                  0.03    0.00    7.05 ^ _4143_/B (Nor_gate)
                  0.06    0.03    7.09 v _4143_/Y (Nor_gate)
     1    0.01                           _1160_ (net)
                  0.06    0.00    7.09 v _4158_/A (Nor_gate)
                  0.09    0.10    7.19 ^ _4158_/Y (Nor_gate)
     1    0.00                           _1177_ (net)
                  0.09    0.00    7.19 ^ _4159_/B (Nand_gate)
                  0.04    0.05    7.24 v _4159_/Y (Nand_gate)
     1    0.00                           _1178_ (net)
                  0.04    0.00    7.24 v _4160_/B (Nor_gate)
                  0.16    0.14    7.38 ^ _4160_/Y (Nor_gate)
     2    0.01                           _1179_ (net)
                  0.16    0.00    7.38 ^ _4161_/A (sky130_fd_sc_hd__inv_2)
                  0.09    0.12    7.50 v _4161_/Y (sky130_fd_sc_hd__inv_2)
     1    0.03                           result[27] (net)
                  0.09    0.00    7.50 v result[27] (out)
                                  7.50   data arrival time

                  0.00   20.00   20.00   clock clk (rise edge)
                          0.00   20.00   clock network delay (ideal)
                         -0.25   19.75   clock uncertainty
                          0.00   19.75   clock reconvergence pessimism
                         -4.00   15.75   output external delay
                                 15.75   data required time
-----------------------------------------------------------------------------
                                 15.75   data required time
                                 -7.50   data arrival time
-----------------------------------------------------------------------------
                                  8.25   slack (MET)


Startpoint: b[0] (input port clocked by clk)
Endpoint: result[21] (output port clocked by clk)
Path Group: clk
Path Type: max

Fanout     Cap    Slew   Delay    Time   Description
-----------------------------------------------------------------------------
                  0.00    0.00    0.00   clock clk (rise edge)
                          0.00    0.00   clock network delay (ideal)
                          4.00    4.00 ^ input external delay
                  0.17    0.12    4.12 ^ b[0] (in)
    10    0.04                           b[0] (net)
                  0.17    0.00    4.12 ^ _2324_/A (sky130_fd_sc_hd__buf_1)
                  0.47    0.42    4.54 ^ _2324_/X (sky130_fd_sc_hd__buf_1)
    10    0.04                           _1433_ (net)
                  0.47    0.00    4.54 ^ _2498_/A (sky130_fd_sc_hd__buf_1)
                  0.51    0.48    5.03 ^ _2498_/X (sky130_fd_sc_hd__buf_1)
    10    0.04                           _1607_ (net)
                  0.51    0.00    5.03 ^ _2499_/A (sky130_fd_sc_hd__buf_1)
                  0.47    0.46    5.49 ^ _2499_/X (sky130_fd_sc_hd__buf_1)
    10    0.04                           _1608_ (net)
                  0.47    0.00    5.49 ^ _2567_/A (sky130_fd_sc_hd__buf_1)
                  0.48    0.47    5.96 ^ _2567_/X (sky130_fd_sc_hd__buf_1)
    10    0.04                           _1676_ (net)
                  0.48    0.00    5.96 ^ _3850_/S (Mux)
                  0.05    0.27    6.23 v _3850_/Y (Mux)
     2    0.00                           _0844_ (net)
                  0.05    0.00    6.23 v _3851_/B (Mux)
                  0.05    0.18    6.41 v _3851_/Y (Mux)
     2    0.00                           _0845_ (net)
                  0.05    0.00    6.41 v _3852_/B (Mux)
                  0.06    0.19    6.59 v _3852_/Y (Mux)
     2    0.01                           _0846_ (net)
                  0.06    0.00    6.59 v _3853_/B (Nor_gate)
                  0.07    0.07    6.66 ^ _3853_/Y (Nor_gate)
     1    0.00                           _0847_ (net)
                  0.07    0.00    6.66 ^ _3856_/A (Nor_gate)
                  0.02    0.04    6.70 v _3856_/Y (Nor_gate)
     1    0.00                           _0850_ (net)
                  0.02    0.00    6.70 v _3857_/B (Nor_gate)
                  0.13    0.11    6.81 ^ _3857_/Y (Nor_gate)
     1    0.01                           _0851_ (net)
                  0.13    0.00    6.81 ^ _3858_/B (Nand_gate)
                  0.04    0.05    6.86 v _3858_/Y (Nand_gate)
     1    0.00                           _0853_ (net)
                  0.04    0.00    6.86 v _3859_/B (Nand_gate)
                  0.08    0.07    6.93 ^ _3859_/Y (Nand_gate)
     1    0.01                           _0854_ (net)
                  0.08    0.00    6.93 ^ _3865_/A (Nand_gate)
                  0.03    0.05    6.97 v _3865_/Y (Nand_gate)
     1    0.00                           _0860_ (net)
                  0.03    0.00    6.97 v _3866_/B (Nor_gate)
                  0.07    0.06    7.04 ^ _3866_/Y (Nor_gate)
     1    0.00                           _0861_ (net)
                  0.07    0.00    7.04 ^ _3867_/A (inverter)
                  0.02    0.03    7.06 v _3867_/Y (inverter)
     1    0.00                           _0862_ (net)
                  0.02    0.00    7.06 v _3868_/B (Nor_gate)
                  0.28    0.22    7.29 ^ _3868_/Y (Nor_gate)
     2    0.02                           _0864_ (net)
                  0.28    0.00    7.29 ^ _3869_/A (sky130_fd_sc_hd__inv_2)
                  0.13    0.17    7.45 v _3869_/Y (sky130_fd_sc_hd__inv_2)
     1    0.04                           result[21] (net)
                  0.13    0.00    7.45 v result[21] (out)
                                  7.45   data arrival time

                  0.00   20.00   20.00   clock clk (rise edge)
                          0.00   20.00   clock network delay (ideal)
                         -0.25   19.75   clock uncertainty
                          0.00   19.75   clock reconvergence pessimism
                         -4.00   15.75   output external delay
                                 15.75   data required time
-----------------------------------------------------------------------------
                                 15.75   data required time
                                 -7.45   data arrival time
-----------------------------------------------------------------------------
                                  8.30   slack (MET)


Startpoint: b[0] (input port clocked by clk)
Endpoint: result[26] (output port clocked by clk)
Path Group: clk
Path Type: max

Fanout     Cap    Slew   Delay    Time   Description
-----------------------------------------------------------------------------
                  0.00    0.00    0.00   clock clk (rise edge)
                          0.00    0.00   clock network delay (ideal)
                          4.00    4.00 ^ input external delay
                  0.17    0.12    4.12 ^ b[0] (in)
    10    0.04                           b[0] (net)
                  0.17    0.00    4.12 ^ _2324_/A (sky130_fd_sc_hd__buf_1)
                  0.47    0.42    4.54 ^ _2324_/X (sky130_fd_sc_hd__buf_1)
    10    0.04                           _1433_ (net)
                  0.47    0.00    4.54 ^ _2498_/A (sky130_fd_sc_hd__buf_1)
                  0.51    0.48    5.03 ^ _2498_/X (sky130_fd_sc_hd__buf_1)
    10    0.04                           _1607_ (net)
                  0.51    0.00    5.03 ^ _2499_/A (sky130_fd_sc_hd__buf_1)
                  0.47    0.46    5.49 ^ _2499_/X (sky130_fd_sc_hd__buf_1)
    10    0.04                           _1608_ (net)
                  0.47    0.00    5.49 ^ _2567_/A (sky130_fd_sc_hd__buf_1)
                  0.48    0.47    5.96 ^ _2567_/X (sky130_fd_sc_hd__buf_1)
    10    0.04                           _1676_ (net)
                  0.48    0.00    5.96 ^ _4094_/S (Mux)
                  0.05    0.27    6.23 v _4094_/Y (Mux)
     2    0.00                           _1107_ (net)
                  0.05    0.00    6.23 v _4095_/B (Mux)
                  0.05    0.18    6.41 v _4095_/Y (Mux)
     2    0.00                           _1108_ (net)
                  0.05    0.00    6.41 v _4096_/B (Mux)
                  0.04    0.16    6.57 v _4096_/Y (Mux)
     1    0.00                           _1109_ (net)
                  0.04    0.00    6.57 v _4097_/B (Mux)
                  0.04    0.16    6.73 v _4097_/Y (Mux)
     1    0.00                           _1110_ (net)
                  0.04    0.00    6.73 v _4098_/B (Mux)
                  0.05    0.17    6.90 v _4098_/Y (Mux)
     1    0.00                           _1112_ (net)
                  0.05    0.00    6.90 v _4099_/A (inverter)
                  0.03    0.03    6.93 ^ _4099_/Y (inverter)
     1    0.00                           _1113_ (net)
                  0.03    0.00    6.93 ^ _4100_/B (Nor_gate)
                  0.06    0.03    6.97 v _4100_/Y (Nor_gate)
     1    0.01                           _1114_ (net)
                  0.06    0.00    6.97 v _4116_/A (Nor_gate)
                  0.09    0.10    7.07 ^ _4116_/Y (Nor_gate)
     1    0.00                           _1131_ (net)
                  0.09    0.00    7.07 ^ _4117_/B (Nand_gate)
                  0.04    0.05    7.12 v _4117_/Y (Nand_gate)
     1    0.00                           _1132_ (net)
                  0.04    0.00    7.12 v _4118_/B (Nor_gate)
                  0.18    0.15    7.27 ^ _4118_/Y (Nor_gate)
     2    0.01                           _1134_ (net)
                  0.18    0.00    7.27 ^ _4119_/A (sky130_fd_sc_hd__inv_2)
                  0.13    0.16    7.43 v _4119_/Y (sky130_fd_sc_hd__inv_2)
     1    0.05                           result[26] (net)
                  0.13    0.01    7.44 v result[26] (out)
                                  7.44   data arrival time

                  0.00   20.00   20.00   clock clk (rise edge)
                          0.00   20.00   clock network delay (ideal)
                         -0.25   19.75   clock uncertainty
                          0.00   19.75   clock reconvergence pessimism
                         -4.00   15.75   output external delay
                                 15.75   data required time
-----------------------------------------------------------------------------
                                 15.75   data required time
                                 -7.44   data arrival time
-----------------------------------------------------------------------------
                                  8.31   slack (MET)


Startpoint: b[0] (input port clocked by clk)
Endpoint: result[28] (output port clocked by clk)
Path Group: clk
Path Type: max

Fanout     Cap    Slew   Delay    Time   Description
-----------------------------------------------------------------------------
                  0.00    0.00    0.00   clock clk (rise edge)
                          0.00    0.00   clock network delay (ideal)
                          4.00    4.00 ^ input external delay
                  0.17    0.12    4.12 ^ b[0] (in)
    10    0.04                           b[0] (net)
                  0.17    0.00    4.12 ^ _2324_/A (sky130_fd_sc_hd__buf_1)
                  0.47    0.42    4.54 ^ _2324_/X (sky130_fd_sc_hd__buf_1)
    10    0.04                           _1433_ (net)
                  0.47    0.00    4.54 ^ _2498_/A (sky130_fd_sc_hd__buf_1)
                  0.51    0.48    5.03 ^ _2498_/X (sky130_fd_sc_hd__buf_1)
    10    0.04                           _1607_ (net)
                  0.51    0.00    5.03 ^ _2499_/A (sky130_fd_sc_hd__buf_1)
                  0.47    0.46    5.49 ^ _2499_/X (sky130_fd_sc_hd__buf_1)
    10    0.04                           _1608_ (net)
                  0.47    0.00    5.49 ^ _2567_/A (sky130_fd_sc_hd__buf_1)
                  0.48    0.47    5.96 ^ _2567_/X (sky130_fd_sc_hd__buf_1)
    10    0.04                           _1676_ (net)
                  0.48    0.00    5.96 ^ _4094_/S (Mux)
                  0.05    0.27    6.23 v _4094_/Y (Mux)
     2    0.00                           _1107_ (net)
                  0.05    0.00    6.23 v _4194_/A (Mux)
                  0.05    0.23    6.46 v _4194_/Y (Mux)
     1    0.00                           _1215_ (net)
                  0.05    0.00    6.46 v _4195_/B (Mux)
                  0.04    0.16    6.62 v _4195_/Y (Mux)
     1    0.00                           _1216_ (net)
                  0.04    0.00    6.62 v _4196_/B (Mux)
                  0.04    0.17    6.78 v _4196_/Y (Mux)
     1    0.00                           _1217_ (net)
                  0.04    0.00    6.78 v _4197_/B (Nor_gate)
                  0.08    0.07    6.85 ^ _4197_/Y (Nor_gate)
     1    0.00                           _1218_ (net)
                  0.08    0.00    6.85 ^ _4198_/B (Nor_gate)
                  0.06    0.05    6.90 v _4198_/Y (Nor_gate)
     1    0.01                           _1220_ (net)
                  0.06    0.00    6.90 v _4199_/B (Nand_gate)
                  0.04    0.05    6.95 ^ _4199_/Y (Nand_gate)
     1    0.00                           _1221_ (net)
                  0.04    0.00    6.95 ^ _4214_/A (Nand_gate)
                  0.04    0.05    7.00 v _4214_/Y (Nand_gate)
     1    0.00                           _1237_ (net)
                  0.04    0.00    7.00 v _4215_/B (Nor_gate)
                  0.10    0.09    7.09 ^ _4215_/Y (Nor_gate)
     1    0.00                           _1238_ (net)
                  0.10    0.00    7.09 ^ _4216_/B (Nand_gate)
                  0.03    0.05    7.14 v _4216_/Y (Nand_gate)
     1    0.00                           _1239_ (net)
                  0.03    0.00    7.14 v _4217_/A (sky130_fd_sc_hd__buf_1)
                  0.29    0.29    7.43 v _4217_/X (sky130_fd_sc_hd__buf_1)
     2    0.05                           result[28] (net)
                  0.29    0.01    7.44 v result[28] (out)
                                  7.44   data arrival time

                  0.00   20.00   20.00   clock clk (rise edge)
                          0.00   20.00   clock network delay (ideal)
                         -0.25   19.75   clock uncertainty
                          0.00   19.75   clock reconvergence pessimism
                         -4.00   15.75   output external delay
                                 15.75   data required time
-----------------------------------------------------------------------------
                                 15.75   data required time
                                 -7.44   data arrival time
-----------------------------------------------------------------------------
                                  8.31   slack (MET)


Startpoint: b[0] (input port clocked by clk)
Endpoint: result[25] (output port clocked by clk)
Path Group: clk
Path Type: max

Fanout     Cap    Slew   Delay    Time   Description
-----------------------------------------------------------------------------
                  0.00    0.00    0.00   clock clk (rise edge)
                          0.00    0.00   clock network delay (ideal)
                          4.00    4.00 ^ input external delay
                  0.17    0.12    4.12 ^ b[0] (in)
    10    0.04                           b[0] (net)
                  0.17    0.00    4.12 ^ _2324_/A (sky130_fd_sc_hd__buf_1)
                  0.47    0.42    4.54 ^ _2324_/X (sky130_fd_sc_hd__buf_1)
    10    0.04                           _1433_ (net)
                  0.47    0.00    4.54 ^ _2498_/A (sky130_fd_sc_hd__buf_1)
                  0.51    0.48    5.03 ^ _2498_/X (sky130_fd_sc_hd__buf_1)
    10    0.04                           _1607_ (net)
                  0.51    0.00    5.03 ^ _2499_/A (sky130_fd_sc_hd__buf_1)
                  0.47    0.46    5.49 ^ _2499_/X (sky130_fd_sc_hd__buf_1)
    10    0.04                           _1608_ (net)
                  0.47    0.00    5.49 ^ _2567_/A (sky130_fd_sc_hd__buf_1)
                  0.48    0.47    5.96 ^ _2567_/X (sky130_fd_sc_hd__buf_1)
    10    0.04                           _1676_ (net)
                  0.48    0.00    5.96 ^ _3939_/S (Mux)
                  0.05    0.27    6.23 v _3939_/Y (Mux)
     2    0.00                           _0940_ (net)
                  0.05    0.00    6.23 v _4044_/A (Mux)
                  0.05    0.24    6.47 v _4044_/Y (Mux)
     2    0.00                           _1053_ (net)
                  0.05    0.00    6.47 v _4045_/B (Mux)
                  0.05    0.17    6.64 v _4045_/Y (Mux)
     1    0.00                           _1054_ (net)
                  0.05    0.00    6.64 v _4046_/A (inverter)
                  0.03    0.04    6.67 ^ _4046_/Y (inverter)
     1    0.00                           _1055_ (net)
                  0.03    0.00    6.67 ^ _4047_/B (Nor_gate)
                  0.05    0.02    6.70 v _4047_/Y (Nor_gate)
     1    0.00                           _1056_ (net)
                  0.05    0.00    6.70 v _4048_/B (Nor_gate)
                  0.07    0.07    6.77 ^ _4048_/Y (Nor_gate)
     1    0.00                           _1058_ (net)
                  0.07    0.00    6.77 ^ _4049_/B (Nand_gate)
                  0.03    0.04    6.81 v _4049_/Y (Nand_gate)
     1    0.00                           _1059_ (net)
                  0.03    0.00    6.81 v _4050_/B (Nand_gate)
                  0.05    0.04    6.84 ^ _4050_/Y (Nand_gate)
     1    0.00                           _1060_ (net)
                  0.05    0.00    6.84 ^ _4051_/B (Nor_gate)
                  0.04    0.05    6.89 v _4051_/Y (Nor_gate)
     1    0.01                           _1061_ (net)
                  0.04    0.00    6.89 v _4062_/A (Nor_gate)
                  0.07    0.08    6.97 ^ _4062_/Y (Nor_gate)
     1    0.00                           _1073_ (net)
                  0.07    0.00    6.97 ^ _4063_/B (Nand_gate)
                  0.03    0.05    7.02 v _4063_/Y (Nand_gate)
     1    0.00                           _1074_ (net)
                  0.03    0.00    7.02 v _4064_/B (Nor_gate)
                  0.07    0.07    7.08 ^ _4064_/Y (Nor_gate)
     1    0.00                           _1075_ (net)
                  0.07    0.00    7.08 ^ _4065_/A (inverter)
                  0.03    0.04    7.12 v _4065_/Y (inverter)
     1    0.00                           _1076_ (net)
                  0.03    0.00    7.12 v _4066_/B (Nor_gate)
                  0.21    0.18    7.30 ^ _4066_/Y (Nor_gate)
     2    0.01                           _1077_ (net)
                  0.21    0.00    7.30 ^ _4067_/A (sky130_fd_sc_hd__inv_2)
                  0.11    0.14    7.44 v _4067_/Y (sky130_fd_sc_hd__inv_2)
     1    0.03                           result[25] (net)
                  0.11    0.00    7.44 v result[25] (out)
                                  7.44   data arrival time

                  0.00   20.00   20.00   clock clk (rise edge)
                          0.00   20.00   clock network delay (ideal)
                         -0.25   19.75   clock uncertainty
                          0.00   19.75   clock reconvergence pessimism
                         -4.00   15.75   output external delay
                                 15.75   data required time
-----------------------------------------------------------------------------
                                 15.75   data required time
                                 -7.44   data arrival time
-----------------------------------------------------------------------------
                                  8.31   slack (MET)


Startpoint: b[0] (input port clocked by clk)
Endpoint: result[23] (output port clocked by clk)
Path Group: clk
Path Type: max

Fanout     Cap    Slew   Delay    Time   Description
-----------------------------------------------------------------------------
                  0.00    0.00    0.00   clock clk (rise edge)
                          0.00    0.00   clock network delay (ideal)
                          4.00    4.00 ^ input external delay
                  0.17    0.12    4.12 ^ b[0] (in)
    10    0.04                           b[0] (net)
                  0.17    0.00    4.12 ^ _2324_/A (sky130_fd_sc_hd__buf_1)
                  0.47    0.42    4.54 ^ _2324_/X (sky130_fd_sc_hd__buf_1)
    10    0.04                           _1433_ (net)
                  0.47    0.00    4.54 ^ _2498_/A (sky130_fd_sc_hd__buf_1)
                  0.51    0.48    5.03 ^ _2498_/X (sky130_fd_sc_hd__buf_1)
    10    0.04                           _1607_ (net)
                  0.51    0.00    5.03 ^ _2499_/A (sky130_fd_sc_hd__buf_1)
                  0.47    0.46    5.49 ^ _2499_/X (sky130_fd_sc_hd__buf_1)
    10    0.04                           _1608_ (net)
                  0.47    0.00    5.49 ^ _2567_/A (sky130_fd_sc_hd__buf_1)
                  0.48    0.47    5.96 ^ _2567_/X (sky130_fd_sc_hd__buf_1)
    10    0.04                           _1676_ (net)
                  0.48    0.00    5.96 ^ _3850_/S (Mux)
                  0.05    0.27    6.23 v _3850_/Y (Mux)
     2    0.00                           _0844_ (net)
                  0.05    0.00    6.23 v _3940_/A (Mux)
                  0.06    0.24    6.47 v _3940_/Y (Mux)
     2    0.01                           _0941_ (net)
                  0.06    0.00    6.47 v _3941_/B (Mux)
                  0.06    0.19    6.66 v _3941_/Y (Mux)
     2    0.01                           _0942_ (net)
                  0.06    0.00    6.66 v _3942_/B (Nor_gate)
                  0.07    0.07    6.73 ^ _3942_/Y (Nor_gate)
     1    0.00                           _0943_ (net)
                  0.07    0.00    6.73 ^ _3943_/B (Nor_gate)
                  0.05    0.03    6.76 v _3943_/Y (Nor_gate)
     1    0.00                           _0944_ (net)
                  0.05    0.00    6.76 v _3944_/B (Nand_gate)
                  0.04    0.04    6.81 ^ _3944_/Y (Nand_gate)
     1    0.00                           _0945_ (net)
                  0.04    0.00    6.81 ^ _3945_/B (Nand_gate)
                  0.07    0.05    6.85 v _3945_/Y (Nand_gate)
     1    0.00                           _0946_ (net)
                  0.07    0.00    6.85 v _3946_/B (Nor_gate)
                  0.07    0.07    6.92 ^ _3946_/Y (Nor_gate)
     1    0.00                           _0947_ (net)
                  0.07    0.00    6.92 ^ _3947_/B (Nor_gate)
                  0.05    0.06    6.98 v _3947_/Y (Nor_gate)
     1    0.01                           _0948_ (net)
                  0.05    0.00    6.98 v _3954_/A (Nor_gate)
                  0.07    0.08    7.06 ^ _3954_/Y (Nor_gate)
     1    0.00                           _0956_ (net)
                  0.07    0.00    7.06 ^ _3955_/B (Nand_gate)
                  0.04    0.05    7.11 v _3955_/Y (Nand_gate)
     1    0.00                           _0957_ (net)
                  0.04    0.00    7.11 v _3956_/B (Nor_gate)
                  0.20    0.17    7.28 ^ _3956_/Y (Nor_gate)
     2    0.01                           _0958_ (net)
                  0.20    0.00    7.28 ^ _3957_/A (sky130_fd_sc_hd__inv_2)
                  0.11    0.15    7.43 v _3957_/Y (sky130_fd_sc_hd__inv_2)
     1    0.04                           result[23] (net)
                  0.11    0.00    7.43 v result[23] (out)
                                  7.43   data arrival time

                  0.00   20.00   20.00   clock clk (rise edge)
                          0.00   20.00   clock network delay (ideal)
                         -0.25   19.75   clock uncertainty
                          0.00   19.75   clock reconvergence pessimism
                         -4.00   15.75   output external delay
                                 15.75   data required time
-----------------------------------------------------------------------------
                                 15.75   data required time
                                 -7.43   data arrival time
-----------------------------------------------------------------------------
                                  8.32   slack (MET)


Startpoint: alu_control[3] (input port clocked by clk)
Endpoint: result[30] (output port clocked by clk)
Path Group: clk
Path Type: max

Fanout     Cap    Slew   Delay    Time   Description
-----------------------------------------------------------------------------
                  0.00    0.00    0.00   clock clk (rise edge)
                          0.00    0.00   clock network delay (ideal)
                          4.00    4.00 v input external delay
                  0.05    0.04    4.04 v alu_control[3] (in)
     6    0.02                           alu_control[3] (net)
                  0.05    0.00    4.04 v _2490_/A (inverter)
                  0.12    0.10    4.14 ^ _2490_/Y (inverter)
     5    0.01                           _1599_ (net)
                  0.12    0.00    4.14 ^ _2571_/B (Nand_gate)
                  0.07    0.09    4.23 v _2571_/Y (Nand_gate)
     4    0.01                           _1680_ (net)
                  0.07    0.00    4.23 v _2669_/B (Nor_gate)
                  0.16    0.15    4.38 ^ _2669_/Y (Nor_gate)
     3    0.01                           _1777_ (net)
                  0.16    0.00    4.38 ^ _2706_/A (sky130_fd_sc_hd__buf_1)
                  0.43    0.40    4.78 ^ _2706_/X (sky130_fd_sc_hd__buf_1)
    10    0.04                           _1813_ (net)
                  0.43    0.00    4.78 ^ _3398_/A (sky130_fd_sc_hd__buf_1)
                  0.40    0.40    5.18 ^ _3398_/X (sky130_fd_sc_hd__buf_1)
    10    0.03                           _0355_ (net)
                  0.40    0.00    5.18 ^ _3512_/B (Nor_gate)
                  0.05    0.06    5.25 v _3512_/Y (Nor_gate)
     1    0.00                           _0478_ (net)
                  0.05    0.00    5.25 v _3513_/B (Nor_gate)
                  0.10    0.09    5.34 ^ _3513_/Y (Nor_gate)
     1    0.00                           _0479_ (net)
                  0.10    0.00    5.34 ^ _3514_/B (Xnor)
                  0.31    0.29    5.63 ^ _3514_/Y (Xnor)
     3    0.01                           _0480_ (net)
                  0.31    0.00    5.63 ^ _3515_/B (Xnor)
                  0.34    0.33    5.96 ^ _3515_/Y (Xnor)
     4    0.01                           _0481_ (net)
                  0.34    0.00    5.96 ^ _3567_/A (inverter)
                  0.06    0.05    6.01 v _3567_/Y (inverter)
     1    0.00                           _0537_ (net)
                  0.06    0.00    6.01 v _3568_/B (Nor_gate)
                  0.11    0.10    6.11 ^ _3568_/Y (Nor_gate)
     2    0.01                           _0539_ (net)
                  0.11    0.00    6.11 ^ _3569_/B (Nand_gate)
                  0.05    0.06    6.17 v _3569_/Y (Nand_gate)
     2    0.00                           _0540_ (net)
                  0.05    0.00    6.17 v _3679_/B (Nor_gate)
                  0.07    0.07    6.24 ^ _3679_/Y (Nor_gate)
     1    0.00                           _0659_ (net)
                  0.07    0.00    6.24 ^ _3690_/A (Nor_gate)
                  0.06    0.07    6.31 v _3690_/Y (Nor_gate)
     3    0.01                           _0671_ (net)
                  0.06    0.00    6.31 v _4078_/A (Nor_gate)
                  0.07    0.08    6.39 ^ _4078_/Y (Nor_gate)
     1    0.00                           _1090_ (net)
                  0.07    0.00    6.39 ^ _4082_/A (Nor_gate)
                  0.05    0.07    6.46 v _4082_/Y (Nor_gate)
     2    0.01                           _1094_ (net)
                  0.05    0.00    6.46 v _4167_/A (Nor_gate)
                  0.07    0.08    6.54 ^ _4167_/Y (Nor_gate)
     1    0.00                           _1185_ (net)
                  0.07    0.00    6.54 ^ _4176_/A (Nor_gate)
                  0.04    0.05    6.59 v _4176_/Y (Nor_gate)
     2    0.01                           _1195_ (net)
                  0.04    0.00    6.59 v _4183_/A (Nor_gate)
                  0.13    0.13    6.71 ^ _4183_/Y (Nor_gate)
     3    0.01                           _1203_ (net)
                  0.13    0.00    6.71 ^ _4265_/A (Nor_gate)
                  0.03    0.05    6.76 v _4265_/Y (Nor_gate)
     1    0.00                           _1291_ (net)
                  0.03    0.00    6.76 v _4266_/B (Nor_gate)
                  0.11    0.09    6.85 ^ _4266_/Y (Nor_gate)
     2    0.01                           _1292_ (net)
                  0.11    0.00    6.85 ^ _4268_/B (Nor_gate)
                  0.04    0.04    6.89 v _4268_/Y (Nor_gate)
     1    0.00                           _1295_ (net)
                  0.04    0.00    6.89 v _4269_/B (Nor_gate)
                  0.08    0.06    6.96 ^ _4269_/Y (Nor_gate)
     1    0.00                           _1296_ (net)
                  0.08    0.00    6.96 ^ _4270_/B (Nand_gate)
                  0.03    0.05    7.00 v _4270_/Y (Nand_gate)
     1    0.00                           _1297_ (net)
                  0.03    0.00    7.00 v _4299_/A (Nand_gate)
                  0.04    0.04    7.04 ^ _4299_/Y (Nand_gate)
     1    0.00                           _1329_ (net)
                  0.04    0.00    7.04 ^ _4300_/A (sky130_fd_sc_hd__buf_1)
                  0.46    0.38    7.43 ^ _4300_/X (sky130_fd_sc_hd__buf_1)
     2    0.04                           result[30] (net)
                  0.46    0.00    7.43 ^ result[30] (out)
                                  7.43   data arrival time

                  0.00   20.00   20.00   clock clk (rise edge)
                          0.00   20.00   clock network delay (ideal)
                         -0.25   19.75   clock uncertainty
                          0.00   19.75   clock reconvergence pessimism
                         -4.00   15.75   output external delay
                                 15.75   data required time
-----------------------------------------------------------------------------
                                 15.75   data required time
                                 -7.43   data arrival time
-----------------------------------------------------------------------------
                                  8.32   slack (MET)


Startpoint: b[0] (input port clocked by clk)
Endpoint: result[29] (output port clocked by clk)
Path Group: clk
Path Type: max

Fanout     Cap    Slew   Delay    Time   Description
-----------------------------------------------------------------------------
                  0.00    0.00    0.00   clock clk (rise edge)
                          0.00    0.00   clock network delay (ideal)
                          4.00    4.00 ^ input external delay
                  0.17    0.12    4.12 ^ b[0] (in)
    10    0.04                           b[0] (net)
                  0.17    0.00    4.12 ^ _2324_/A (sky130_fd_sc_hd__buf_1)
                  0.47    0.42    4.54 ^ _2324_/X (sky130_fd_sc_hd__buf_1)
    10    0.04                           _1433_ (net)
                  0.47    0.00    4.54 ^ _2498_/A (sky130_fd_sc_hd__buf_1)
                  0.51    0.48    5.03 ^ _2498_/X (sky130_fd_sc_hd__buf_1)
    10    0.04                           _1607_ (net)
                  0.51    0.00    5.03 ^ _2499_/A (sky130_fd_sc_hd__buf_1)
                  0.47    0.46    5.49 ^ _2499_/X (sky130_fd_sc_hd__buf_1)
    10    0.04                           _1608_ (net)
                  0.47    0.00    5.49 ^ _2567_/A (sky130_fd_sc_hd__buf_1)
                  0.48    0.47    5.96 ^ _2567_/X (sky130_fd_sc_hd__buf_1)
    10    0.04                           _1676_ (net)
                  0.48    0.00    5.96 ^ _3939_/S (Mux)
                  0.05    0.27    6.23 v _3939_/Y (Mux)
     2    0.00                           _0940_ (net)
                  0.05    0.00    6.23 v _4044_/A (Mux)
                  0.05    0.24    6.47 v _4044_/Y (Mux)
     2    0.00                           _1053_ (net)
                  0.05    0.00    6.47 v _4237_/A (Mux)
                  0.04    0.22    6.69 v _4237_/Y (Mux)
     1    0.00                           _1261_ (net)
                  0.04    0.00    6.69 v _4238_/B (Mux)
                  0.06    0.19    6.88 v _4238_/Y (Mux)
     1    0.01                           _1263_ (net)
                  0.06    0.00    6.88 v _4239_/B (Nor_gate)
                  0.07    0.07    6.95 ^ _4239_/Y (Nor_gate)
     1    0.00                           _1264_ (net)
                  0.07    0.00    6.95 ^ _4242_/A (Nor_gate)
                  0.03    0.04    6.99 v _4242_/Y (Nor_gate)
     1    0.00                           _1267_ (net)
                  0.03    0.00    6.99 v _4255_/A (Nor_gate)
                  0.09    0.10    7.09 ^ _4255_/Y (Nor_gate)
     1    0.00                           _1281_ (net)
                  0.09    0.00    7.09 ^ _4256_/B (Nand_gate)
                  0.04    0.06    7.14 v _4256_/Y (Nand_gate)
     1    0.00                           _1282_ (net)
                  0.04    0.00    7.14 v _4257_/B (Nor_gate)
                  0.14    0.12    7.26 ^ _4257_/Y (Nor_gate)
     2    0.01                           _1283_ (net)
                  0.14    0.00    7.26 ^ _4258_/A (sky130_fd_sc_hd__inv_2)
                  0.11    0.14    7.40 v _4258_/Y (sky130_fd_sc_hd__inv_2)
     1    0.05                           result[29] (net)
                  0.11    0.01    7.41 v result[29] (out)
                                  7.41   data arrival time

                  0.00   20.00   20.00   clock clk (rise edge)
                          0.00   20.00   clock network delay (ideal)
                         -0.25   19.75   clock uncertainty
                          0.00   19.75   clock reconvergence pessimism
                         -4.00   15.75   output external delay
                                 15.75   data required time
-----------------------------------------------------------------------------
                                 15.75   data required time
                                 -7.41   data arrival time
-----------------------------------------------------------------------------
                                  8.34   slack (MET)


Startpoint: b[0] (input port clocked by clk)
Endpoint: result[18] (output port clocked by clk)
Path Group: clk
Path Type: max

Fanout     Cap    Slew   Delay    Time   Description
-----------------------------------------------------------------------------
                  0.00    0.00    0.00   clock clk (rise edge)
                          0.00    0.00   clock network delay (ideal)
                          4.00    4.00 ^ input external delay
                  0.17    0.12    4.12 ^ b[0] (in)
    10    0.04                           b[0] (net)
                  0.17    0.00    4.12 ^ _2324_/A (sky130_fd_sc_hd__buf_1)
                  0.47    0.42    4.54 ^ _2324_/X (sky130_fd_sc_hd__buf_1)
    10    0.04                           _1433_ (net)
                  0.47    0.00    4.54 ^ _2498_/A (sky130_fd_sc_hd__buf_1)
                  0.51    0.48    5.03 ^ _2498_/X (sky130_fd_sc_hd__buf_1)
    10    0.04                           _1607_ (net)
                  0.51    0.00    5.03 ^ _2499_/A (sky130_fd_sc_hd__buf_1)
                  0.47    0.46    5.49 ^ _2499_/X (sky130_fd_sc_hd__buf_1)
    10    0.04                           _1608_ (net)
                  0.47    0.00    5.49 ^ _3711_/S (Mux)
                  0.04    0.26    5.74 v _3711_/Y (Mux)
     1    0.00                           _0694_ (net)
                  0.04    0.00    5.74 v _3712_/A (Mux)
                  0.05    0.24    5.98 v _3712_/Y (Mux)
     1    0.00                           _0695_ (net)
                  0.05    0.00    5.98 v _3715_/A (Mux)
                  0.07    0.27    6.25 v _3715_/Y (Mux)
     2    0.01                           _0698_ (net)
                  0.07    0.00    6.25 v _3716_/B (Mux)
                  0.05    0.18    6.43 v _3716_/Y (Mux)
     1    0.00                           _0699_ (net)
                  0.05    0.00    6.43 v _3717_/B (Mux)
                  0.06    0.18    6.62 v _3717_/Y (Mux)
     1    0.01                           _0700_ (net)
                  0.06    0.00    6.62 v _3718_/B (Nand_gate)
                  0.08    0.07    6.69 ^ _3718_/Y (Nand_gate)
     1    0.01                           _0702_ (net)
                  0.08    0.00    6.69 ^ _3725_/A (Nand_gate)
                  0.03    0.05    6.73 v _3725_/Y (Nand_gate)
     1    0.00                           _0709_ (net)
                  0.03    0.00    6.73 v _3726_/B (Nor_gate)
                  0.09    0.09    6.82 ^ _3726_/Y (Nor_gate)
     1    0.00                           _0710_ (net)
                  0.09    0.00    6.82 ^ _3727_/B (Nand_gate)
                  0.03    0.05    6.86 v _3727_/Y (Nand_gate)
     1    0.00                           _0711_ (net)
                  0.03    0.00    6.86 v _3728_/B (Nor_gate)
                  0.27    0.22    7.09 ^ _3728_/Y (Nor_gate)
     2    0.02                           _0713_ (net)
                  0.27    0.00    7.09 ^ _3729_/A (sky130_fd_sc_hd__inv_2)
                  0.12    0.16    7.25 v _3729_/Y (sky130_fd_sc_hd__inv_2)
     1    0.03                           result[18] (net)
                  0.12    0.00    7.25 v result[18] (out)
                                  7.25   data arrival time

                  0.00   20.00   20.00   clock clk (rise edge)
                          0.00   20.00   clock network delay (ideal)
                         -0.25   19.75   clock uncertainty
                          0.00   19.75   clock reconvergence pessimism
                         -4.00   15.75   output external delay
                                 15.75   data required time
-----------------------------------------------------------------------------
                                 15.75   data required time
                                 -7.25   data arrival time
-----------------------------------------------------------------------------
                                  8.50   slack (MET)


Startpoint: alu_control[3] (input port clocked by clk)
Endpoint: result[24] (output port clocked by clk)
Path Group: clk
Path Type: max

Fanout     Cap    Slew   Delay    Time   Description
-----------------------------------------------------------------------------
                  0.00    0.00    0.00   clock clk (rise edge)
                          0.00    0.00   clock network delay (ideal)
                          4.00    4.00 v input external delay
                  0.05    0.04    4.04 v alu_control[3] (in)
     6    0.02                           alu_control[3] (net)
                  0.05    0.00    4.04 v _2490_/A (inverter)
                  0.12    0.10    4.14 ^ _2490_/Y (inverter)
     5    0.01                           _1599_ (net)
                  0.12    0.00    4.14 ^ _2571_/B (Nand_gate)
                  0.07    0.09    4.23 v _2571_/Y (Nand_gate)
     4    0.01                           _1680_ (net)
                  0.07    0.00    4.23 v _2669_/B (Nor_gate)
                  0.16    0.15    4.38 ^ _2669_/Y (Nor_gate)
     3    0.01                           _1777_ (net)
                  0.16    0.00    4.38 ^ _2706_/A (sky130_fd_sc_hd__buf_1)
                  0.43    0.40    4.78 ^ _2706_/X (sky130_fd_sc_hd__buf_1)
    10    0.04                           _1813_ (net)
                  0.43    0.00    4.78 ^ _3398_/A (sky130_fd_sc_hd__buf_1)
                  0.40    0.40    5.18 ^ _3398_/X (sky130_fd_sc_hd__buf_1)
    10    0.03                           _0355_ (net)
                  0.40    0.00    5.18 ^ _3512_/B (Nor_gate)
                  0.05    0.06    5.25 v _3512_/Y (Nor_gate)
     1    0.00                           _0478_ (net)
                  0.05    0.00    5.25 v _3513_/B (Nor_gate)
                  0.10    0.09    5.34 ^ _3513_/Y (Nor_gate)
     1    0.00                           _0479_ (net)
                  0.10    0.00    5.34 ^ _3514_/B (Xnor)
                  0.31    0.29    5.63 ^ _3514_/Y (Xnor)
     3    0.01                           _0480_ (net)
                  0.31    0.00    5.63 ^ _3515_/B (Xnor)
                  0.34    0.33    5.96 ^ _3515_/Y (Xnor)
     4    0.01                           _0481_ (net)
                  0.34    0.00    5.96 ^ _3567_/A (inverter)
                  0.06    0.05    6.01 v _3567_/Y (inverter)
     1    0.00                           _0537_ (net)
                  0.06    0.00    6.01 v _3568_/B (Nor_gate)
                  0.11    0.10    6.11 ^ _3568_/Y (Nor_gate)
     2    0.01                           _0539_ (net)
                  0.11    0.00    6.11 ^ _3569_/B (Nand_gate)
                  0.05    0.06    6.17 v _3569_/Y (Nand_gate)
     2    0.00                           _0540_ (net)
                  0.05    0.00    6.17 v _3570_/B (Nor_gate)
                  0.07    0.06    6.23 ^ _3570_/Y (Nor_gate)
     1    0.00                           _0541_ (net)
                  0.07    0.00    6.23 ^ _3579_/A (Nor_gate)
                  0.02    0.04    6.27 v _3579_/Y (Nor_gate)
     1    0.00                           _0551_ (net)
                  0.02    0.00    6.27 v _3580_/B (Nand_gate)
                  0.13    0.10    6.37 ^ _3580_/Y (Nand_gate)
     4    0.02                           _0552_ (net)
                  0.13    0.00    6.37 ^ _3962_/A (Nand_gate)
                  0.04    0.06    6.43 v _3962_/Y (Nand_gate)
     1    0.00                           _0964_ (net)
                  0.04    0.00    6.44 v _3972_/A (Nand_gate)
                  0.09    0.08    6.52 ^ _3972_/Y (Nand_gate)
     2    0.01                           _0975_ (net)
                  0.09    0.00    6.52 ^ _3981_/A (Nor_gate)
                  0.03    0.04    6.56 v _3981_/Y (Nor_gate)
     1    0.00                           _0985_ (net)
                  0.03    0.00    6.56 v _3982_/B (Nor_gate)
                  0.08    0.06    6.62 ^ _3982_/Y (Nor_gate)
     1    0.00                           _0986_ (net)
                  0.08    0.00    6.62 ^ _3983_/B (Nand_gate)
                  0.03    0.05    6.67 v _3983_/Y (Nand_gate)
     1    0.00                           _0987_ (net)
                  0.03    0.00    6.67 v _4019_/A (Nand_gate)
                  0.03    0.04    6.71 ^ _4019_/Y (Nand_gate)
     1    0.00                           _1027_ (net)
                  0.03    0.00    6.71 ^ _4020_/A (sky130_fd_sc_hd__buf_1)
                  0.56    0.46    7.16 ^ _4020_/X (sky130_fd_sc_hd__buf_1)
     2    0.05                           result[24] (net)
                  0.56    0.00    7.17 ^ result[24] (out)
                                  7.17   data arrival time

                  0.00   20.00   20.00   clock clk (rise edge)
                          0.00   20.00   clock network delay (ideal)
                         -0.25   19.75   clock uncertainty
                          0.00   19.75   clock reconvergence pessimism
                         -4.00   15.75   output external delay
                                 15.75   data required time
-----------------------------------------------------------------------------
                                 15.75   data required time
                                 -7.17   data arrival time
-----------------------------------------------------------------------------
                                  8.58   slack (MET)


Startpoint: alu_control[3] (input port clocked by clk)
Endpoint: result[17] (output port clocked by clk)
Path Group: clk
Path Type: max

Fanout     Cap    Slew   Delay    Time   Description
-----------------------------------------------------------------------------
                  0.00    0.00    0.00   clock clk (rise edge)
                          0.00    0.00   clock network delay (ideal)
                          4.00    4.00 v input external delay
                  0.05    0.04    4.04 v alu_control[3] (in)
     6    0.02                           alu_control[3] (net)
                  0.05    0.00    4.04 v _2490_/A (inverter)
                  0.12    0.10    4.14 ^ _2490_/Y (inverter)
     5    0.01                           _1599_ (net)
                  0.12    0.00    4.14 ^ _2571_/B (Nand_gate)
                  0.07    0.09    4.23 v _2571_/Y (Nand_gate)
     4    0.01                           _1680_ (net)
                  0.07    0.00    4.23 v _2669_/B (Nor_gate)
                  0.16    0.15    4.38 ^ _2669_/Y (Nor_gate)
     3    0.01                           _1777_ (net)
                  0.16    0.00    4.38 ^ _2706_/A (sky130_fd_sc_hd__buf_1)
                  0.43    0.40    4.78 ^ _2706_/X (sky130_fd_sc_hd__buf_1)
    10    0.04                           _1813_ (net)
                  0.43    0.00    4.78 ^ _3398_/A (sky130_fd_sc_hd__buf_1)
                  0.40    0.40    5.18 ^ _3398_/X (sky130_fd_sc_hd__buf_1)
    10    0.03                           _0355_ (net)
                  0.40    0.00    5.18 ^ _3512_/B (Nor_gate)
                  0.05    0.06    5.25 v _3512_/Y (Nor_gate)
     1    0.00                           _0478_ (net)
                  0.05    0.00    5.25 v _3513_/B (Nor_gate)
                  0.10    0.09    5.34 ^ _3513_/Y (Nor_gate)
     1    0.00                           _0479_ (net)
                  0.10    0.00    5.34 ^ _3514_/B (Xnor)
                  0.31    0.29    5.63 ^ _3514_/Y (Xnor)
     3    0.01                           _0480_ (net)
                  0.31    0.00    5.63 ^ _3515_/B (Xnor)
                  0.34    0.33    5.96 ^ _3515_/Y (Xnor)
     4    0.01                           _0481_ (net)
                  0.34    0.00    5.96 ^ _3567_/A (inverter)
                  0.06    0.05    6.01 v _3567_/Y (inverter)
     1    0.00                           _0537_ (net)
                  0.06    0.00    6.01 v _3568_/B (Nor_gate)
                  0.11    0.10    6.11 ^ _3568_/Y (Nor_gate)
     2    0.01                           _0539_ (net)
                  0.11    0.00    6.11 ^ _3569_/B (Nand_gate)
                  0.05    0.06    6.17 v _3569_/Y (Nand_gate)
     2    0.00                           _0540_ (net)
                  0.05    0.00    6.17 v _3570_/B (Nor_gate)
                  0.07    0.06    6.23 ^ _3570_/Y (Nor_gate)
     1    0.00                           _0541_ (net)
                  0.07    0.00    6.23 ^ _3579_/A (Nor_gate)
                  0.02    0.04    6.27 v _3579_/Y (Nor_gate)
     1    0.00                           _0551_ (net)
                  0.02    0.00    6.27 v _3580_/B (Nand_gate)
                  0.13    0.10    6.37 ^ _3580_/Y (Nand_gate)
     4    0.02                           _0552_ (net)
                  0.13    0.00    6.37 ^ _3590_/A (Nand_gate)
                  0.05    0.07    6.45 v _3590_/Y (Nand_gate)
     2    0.01                           _0563_ (net)
                  0.05    0.00    6.45 v _3635_/B (Nand_gate)
                  0.05    0.05    6.50 ^ _3635_/Y (Nand_gate)
     2    0.00                           _0611_ (net)
                  0.05    0.00    6.50 ^ _3637_/B (Nor_gate)
                  0.03    0.03    6.53 v _3637_/Y (Nor_gate)
     1    0.00                           _0613_ (net)
                  0.03    0.00    6.53 v _3638_/B (Nor_gate)
                  0.08    0.06    6.59 ^ _3638_/Y (Nor_gate)
     1    0.00                           _0615_ (net)
                  0.08    0.00    6.59 ^ _3639_/B (Nand_gate)
                  0.04    0.05    6.64 v _3639_/Y (Nand_gate)
     1    0.00                           _0616_ (net)
                  0.04    0.00    6.64 v _3670_/A (Nand_gate)
                  0.04    0.04    6.68 ^ _3670_/Y (Nand_gate)
     1    0.00                           _0650_ (net)
                  0.04    0.00    6.68 ^ _3671_/A (sky130_fd_sc_hd__buf_1)
                  0.55    0.45    7.13 ^ _3671_/X (sky130_fd_sc_hd__buf_1)
     2    0.05                           result[17] (net)
                  0.55    0.01    7.14 ^ result[17] (out)
                                  7.14   data arrival time

                  0.00   20.00   20.00   clock clk (rise edge)
                          0.00   20.00   clock network delay (ideal)
                         -0.25   19.75   clock uncertainty
                          0.00   19.75   clock reconvergence pessimism
                         -4.00   15.75   output external delay
                                 15.75   data required time
-----------------------------------------------------------------------------
                                 15.75   data required time
                                 -7.14   data arrival time
-----------------------------------------------------------------------------
                                  8.61   slack (MET)


Startpoint: b[0] (input port clocked by clk)
Endpoint: result[19] (output port clocked by clk)
Path Group: clk
Path Type: max

Fanout     Cap    Slew   Delay    Time   Description
-----------------------------------------------------------------------------
                  0.00    0.00    0.00   clock clk (rise edge)
                          0.00    0.00   clock network delay (ideal)
                          4.00    4.00 ^ input external delay
                  0.17    0.12    4.12 ^ b[0] (in)
    10    0.04                           b[0] (net)
                  0.17    0.00    4.12 ^ _2324_/A (sky130_fd_sc_hd__buf_1)
                  0.47    0.42    4.54 ^ _2324_/X (sky130_fd_sc_hd__buf_1)
    10    0.04                           _1433_ (net)
                  0.47    0.00    4.54 ^ _2498_/A (sky130_fd_sc_hd__buf_1)
                  0.51    0.48    5.03 ^ _2498_/X (sky130_fd_sc_hd__buf_1)
    10    0.04                           _1607_ (net)
                  0.51    0.00    5.03 ^ _2499_/A (sky130_fd_sc_hd__buf_1)
                  0.47    0.46    5.49 ^ _2499_/X (sky130_fd_sc_hd__buf_1)
    10    0.04                           _1608_ (net)
                  0.47    0.00    5.49 ^ _3648_/S (Mux)
                  0.06    0.28    5.77 v _3648_/Y (Mux)
     2    0.00                           _0626_ (net)
                  0.06    0.00    5.77 v _3749_/A (Mux)
                  0.05    0.23    6.00 v _3749_/Y (Mux)
     2    0.00                           _0735_ (net)
                  0.05    0.00    6.00 v _3750_/B (Mux)
                  0.06    0.18    6.18 v _3750_/Y (Mux)
     2    0.00                           _0736_ (net)
                  0.06    0.00    6.18 v _3751_/B (Mux)
                  0.05    0.18    6.36 v _3751_/Y (Mux)
     1    0.00                           _0737_ (net)
                  0.05    0.00    6.36 v _3753_/B (Mux)
                  0.05    0.18    6.54 v _3753_/Y (Mux)
     1    0.00                           _0739_ (net)
                  0.05    0.00    6.54 v _3754_/B (Nand_gate)
                  0.06    0.04    6.58 ^ _3754_/Y (Nand_gate)
     1    0.00                           _0740_ (net)
                  0.06    0.00    6.58 ^ _3765_/A (Nand_gate)
                  0.03    0.04    6.63 v _3765_/Y (Nand_gate)
     1    0.00                           _0752_ (net)
                  0.03    0.00    6.63 v _3766_/B (Nor_gate)
                  0.12    0.10    6.73 ^ _3766_/Y (Nor_gate)
     1    0.01                           _0753_ (net)
                  0.12    0.00    6.73 ^ _3767_/B (Nand_gate)
                  0.03    0.05    6.78 v _3767_/Y (Nand_gate)
     1    0.00                           _0754_ (net)
                  0.03    0.00    6.78 v _3768_/B (Nor_gate)
                  0.18    0.15    6.93 ^ _3768_/Y (Nor_gate)
     2    0.01                           _0756_ (net)
                  0.18    0.00    6.93 ^ _3769_/A (sky130_fd_sc_hd__inv_2)
                  0.13    0.16    7.08 v _3769_/Y (sky130_fd_sc_hd__inv_2)
     1    0.05                           result[19] (net)
                  0.13    0.01    7.09 v result[19] (out)
                                  7.09   data arrival time

                  0.00   20.00   20.00   clock clk (rise edge)
                          0.00   20.00   clock network delay (ideal)
                         -0.25   19.75   clock uncertainty
                          0.00   19.75   clock reconvergence pessimism
                         -4.00   15.75   output external delay
                                 15.75   data required time
-----------------------------------------------------------------------------
                                 15.75   data required time
                                 -7.09   data arrival time
-----------------------------------------------------------------------------
                                  8.66   slack (MET)


Startpoint: alu_control[3] (input port clocked by clk)
Endpoint: result[22] (output port clocked by clk)
Path Group: clk
Path Type: max

Fanout     Cap    Slew   Delay    Time   Description
-----------------------------------------------------------------------------
                  0.00    0.00    0.00   clock clk (rise edge)
                          0.00    0.00   clock network delay (ideal)
                          4.00    4.00 v input external delay
                  0.05    0.04    4.04 v alu_control[3] (in)
     6    0.02                           alu_control[3] (net)
                  0.05    0.00    4.04 v _2490_/A (inverter)
                  0.12    0.10    4.14 ^ _2490_/Y (inverter)
     5    0.01                           _1599_ (net)
                  0.12    0.00    4.14 ^ _2571_/B (Nand_gate)
                  0.07    0.09    4.23 v _2571_/Y (Nand_gate)
     4    0.01                           _1680_ (net)
                  0.07    0.00    4.23 v _2669_/B (Nor_gate)
                  0.16    0.15    4.38 ^ _2669_/Y (Nor_gate)
     3    0.01                           _1777_ (net)
                  0.16    0.00    4.38 ^ _2706_/A (sky130_fd_sc_hd__buf_1)
                  0.43    0.40    4.78 ^ _2706_/X (sky130_fd_sc_hd__buf_1)
    10    0.04                           _1813_ (net)
                  0.43    0.00    4.78 ^ _3398_/A (sky130_fd_sc_hd__buf_1)
                  0.40    0.40    5.18 ^ _3398_/X (sky130_fd_sc_hd__buf_1)
    10    0.03                           _0355_ (net)
                  0.40    0.00    5.18 ^ _3512_/B (Nor_gate)
                  0.05    0.06    5.25 v _3512_/Y (Nor_gate)
     1    0.00                           _0478_ (net)
                  0.05    0.00    5.25 v _3513_/B (Nor_gate)
                  0.10    0.09    5.34 ^ _3513_/Y (Nor_gate)
     1    0.00                           _0479_ (net)
                  0.10    0.00    5.34 ^ _3514_/B (Xnor)
                  0.31    0.29    5.63 ^ _3514_/Y (Xnor)
     3    0.01                           _0480_ (net)
                  0.31    0.00    5.63 ^ _3515_/B (Xnor)
                  0.34    0.33    5.96 ^ _3515_/Y (Xnor)
     4    0.01                           _0481_ (net)
                  0.34    0.00    5.96 ^ _3567_/A (inverter)
                  0.06    0.05    6.01 v _3567_/Y (inverter)
     1    0.00                           _0537_ (net)
                  0.06    0.00    6.01 v _3568_/B (Nor_gate)
                  0.11    0.10    6.11 ^ _3568_/Y (Nor_gate)
     2    0.01                           _0539_ (net)
                  0.11    0.00    6.11 ^ _3569_/B (Nand_gate)
                  0.05    0.06    6.17 v _3569_/Y (Nand_gate)
     2    0.00                           _0540_ (net)
                  0.05    0.00    6.17 v _3679_/B (Nor_gate)
                  0.07    0.07    6.24 ^ _3679_/Y (Nor_gate)
     1    0.00                           _0659_ (net)
                  0.07    0.00    6.24 ^ _3690_/A (Nor_gate)
                  0.06    0.07    6.31 v _3690_/Y (Nor_gate)
     3    0.01                           _0671_ (net)
                  0.06    0.00    6.31 v _3883_/A (Nor_gate)
                  0.06    0.08    6.39 ^ _3883_/Y (Nor_gate)
     1    0.00                           _0879_ (net)
                  0.06    0.00    6.39 ^ _3884_/B (Nor_gate)
                  0.02    0.03    6.42 v _3884_/Y (Nor_gate)
     1    0.00                           _0880_ (net)
                  0.02    0.00    6.42 v _3886_/A (Nor_gate)
                  0.07    0.07    6.49 ^ _3886_/Y (Nor_gate)
     1    0.00                           _0882_ (net)
                  0.07    0.00    6.49 ^ _3887_/B (Nor_gate)
                  0.04    0.04    6.53 v _3887_/Y (Nor_gate)
     2    0.01                           _0883_ (net)
                  0.04    0.00    6.53 v _3888_/B (Nor_gate)
                  0.11    0.09    6.63 ^ _3888_/Y (Nor_gate)
     2    0.01                           _0885_ (net)
                  0.11    0.00    6.63 ^ _3891_/A (Nor_gate)
                  0.03    0.06    6.68 v _3891_/Y (Nor_gate)
     1    0.01                           _0888_ (net)
                  0.03    0.00    6.68 v _3919_/A (Nor_gate)
                  0.27    0.23    6.91 ^ _3919_/Y (Nor_gate)
     2    0.02                           _0919_ (net)
                  0.27    0.00    6.91 ^ _3920_/A (sky130_fd_sc_hd__inv_2)
                  0.12    0.16    7.07 v _3920_/Y (sky130_fd_sc_hd__inv_2)
     1    0.04                           result[22] (net)
                  0.12    0.00    7.07 v result[22] (out)
                                  7.07   data arrival time

                  0.00   20.00   20.00   clock clk (rise edge)
                          0.00   20.00   clock network delay (ideal)
                         -0.25   19.75   clock uncertainty
                          0.00   19.75   clock reconvergence pessimism
                         -4.00   15.75   output external delay
                                 15.75   data required time
-----------------------------------------------------------------------------
                                 15.75   data required time
                                 -7.07   data arrival time
-----------------------------------------------------------------------------
                                  8.68   slack (MET)


Startpoint: b[0] (input port clocked by clk)
Endpoint: result[20] (output port clocked by clk)
Path Group: clk
Path Type: max

Fanout     Cap    Slew   Delay    Time   Description
-----------------------------------------------------------------------------
                  0.00    0.00    0.00   clock clk (rise edge)
                          0.00    0.00   clock network delay (ideal)
                          4.00    4.00 ^ input external delay
                  0.17    0.12    4.12 ^ b[0] (in)
    10    0.04                           b[0] (net)
                  0.17    0.00    4.12 ^ _2324_/A (sky130_fd_sc_hd__buf_1)
                  0.47    0.42    4.54 ^ _2324_/X (sky130_fd_sc_hd__buf_1)
    10    0.04                           _1433_ (net)
                  0.47    0.00    4.54 ^ _2498_/A (sky130_fd_sc_hd__buf_1)
                  0.51    0.48    5.03 ^ _2498_/X (sky130_fd_sc_hd__buf_1)
    10    0.04                           _1607_ (net)
                  0.51    0.00    5.03 ^ _2499_/A (sky130_fd_sc_hd__buf_1)
                  0.47    0.46    5.49 ^ _2499_/X (sky130_fd_sc_hd__buf_1)
    10    0.04                           _1608_ (net)
                  0.47    0.00    5.49 ^ _3713_/S (Mux)
                  0.05    0.27    5.76 v _3713_/Y (Mux)
     2    0.00                           _0696_ (net)
                  0.05    0.00    5.76 v _3807_/A (Mux)
                  0.05    0.24    5.99 v _3807_/Y (Mux)
     2    0.00                           _0797_ (net)
                  0.05    0.00    5.99 v _3808_/B (Mux)
                  0.06    0.19    6.18 v _3808_/Y (Mux)
     2    0.01                           _0799_ (net)
                  0.06    0.00    6.18 v _3809_/B (Nor_gate)
                  0.07    0.07    6.25 ^ _3809_/Y (Nor_gate)
     1    0.00                           _0800_ (net)
                  0.07    0.00    6.25 ^ _3812_/A (Nor_gate)
                  0.02    0.04    6.29 v _3812_/Y (Nor_gate)
     1    0.00                           _0803_ (net)
                  0.02    0.00    6.29 v _3813_/B (Nor_gate)
                  0.11    0.09    6.38 ^ _3813_/Y (Nor_gate)
     1    0.01                           _0804_ (net)
                  0.11    0.00    6.38 ^ _3814_/B (Nand_gate)
                  0.04    0.05    6.43 v _3814_/Y (Nand_gate)
     1    0.00                           _0805_ (net)
                  0.04    0.00    6.43 v _3815_/A (inverter)
                  0.03    0.03    6.46 ^ _3815_/Y (inverter)
     1    0.00                           _0806_ (net)
                  0.03    0.00    6.46 ^ _3816_/B (Nor_gate)
                  0.05    0.05    6.50 v _3816_/Y (Nor_gate)
     1    0.01                           _0807_ (net)
                  0.05    0.00    6.50 v _3823_/A (Nor_gate)
                  0.08    0.09    6.59 ^ _3823_/Y (Nor_gate)
     1    0.00                           _0815_ (net)
                  0.08    0.00    6.59 ^ _3824_/B (Nand_gate)
                  0.03    0.05    6.64 v _3824_/Y (Nand_gate)
     1    0.00                           _0816_ (net)
                  0.03    0.00    6.64 v _3825_/B (Nor_gate)
                  0.27    0.22    6.85 ^ _3825_/Y (Nor_gate)
     2    0.02                           _0817_ (net)
                  0.27    0.00    6.85 ^ _3826_/A (sky130_fd_sc_hd__inv_2)
                  0.12    0.17    7.02 v _3826_/Y (sky130_fd_sc_hd__inv_2)
     1    0.04                           result[20] (net)
                  0.12    0.00    7.02 v result[20] (out)
                                  7.02   data arrival time

                  0.00   20.00   20.00   clock clk (rise edge)
                          0.00   20.00   clock network delay (ideal)
                         -0.25   19.75   clock uncertainty
                          0.00   19.75   clock reconvergence pessimism
                         -4.00   15.75   output external delay
                                 15.75   data required time
-----------------------------------------------------------------------------
                                 15.75   data required time
                                 -7.02   data arrival time
-----------------------------------------------------------------------------
                                  8.73   slack (MET)


Startpoint: alu_control[3] (input port clocked by clk)
Endpoint: result[16] (output port clocked by clk)
Path Group: clk
Path Type: max

Fanout     Cap    Slew   Delay    Time   Description
-----------------------------------------------------------------------------
                  0.00    0.00    0.00   clock clk (rise edge)
                          0.00    0.00   clock network delay (ideal)
                          4.00    4.00 v input external delay
                  0.05    0.04    4.04 v alu_control[3] (in)
     6    0.02                           alu_control[3] (net)
                  0.05    0.00    4.04 v _2490_/A (inverter)
                  0.12    0.10    4.14 ^ _2490_/Y (inverter)
     5    0.01                           _1599_ (net)
                  0.12    0.00    4.14 ^ _2571_/B (Nand_gate)
                  0.07    0.09    4.23 v _2571_/Y (Nand_gate)
     4    0.01                           _1680_ (net)
                  0.07    0.00    4.23 v _2669_/B (Nor_gate)
                  0.16    0.15    4.38 ^ _2669_/Y (Nor_gate)
     3    0.01                           _1777_ (net)
                  0.16    0.00    4.38 ^ _2706_/A (sky130_fd_sc_hd__buf_1)
                  0.43    0.40    4.78 ^ _2706_/X (sky130_fd_sc_hd__buf_1)
    10    0.04                           _1813_ (net)
                  0.43    0.00    4.78 ^ _3398_/A (sky130_fd_sc_hd__buf_1)
                  0.40    0.40    5.18 ^ _3398_/X (sky130_fd_sc_hd__buf_1)
    10    0.03                           _0355_ (net)
                  0.40    0.00    5.18 ^ _3512_/B (Nor_gate)
                  0.05    0.06    5.25 v _3512_/Y (Nor_gate)
     1    0.00                           _0478_ (net)
                  0.05    0.00    5.25 v _3513_/B (Nor_gate)
                  0.10    0.09    5.34 ^ _3513_/Y (Nor_gate)
     1    0.00                           _0479_ (net)
                  0.10    0.00    5.34 ^ _3514_/B (Xnor)
                  0.31    0.29    5.63 ^ _3514_/Y (Xnor)
     3    0.01                           _0480_ (net)
                  0.31    0.00    5.63 ^ _3515_/B (Xnor)
                  0.34    0.33    5.96 ^ _3515_/Y (Xnor)
     4    0.01                           _0481_ (net)
                  0.34    0.00    5.96 ^ _3567_/A (inverter)
                  0.06    0.05    6.01 v _3567_/Y (inverter)
     1    0.00                           _0537_ (net)
                  0.06    0.00    6.01 v _3568_/B (Nor_gate)
                  0.11    0.10    6.11 ^ _3568_/Y (Nor_gate)
     2    0.01                           _0539_ (net)
                  0.11    0.00    6.11 ^ _3569_/B (Nand_gate)
                  0.05    0.06    6.17 v _3569_/Y (Nand_gate)
     2    0.00                           _0540_ (net)
                  0.05    0.00    6.17 v _3570_/B (Nor_gate)
                  0.07    0.06    6.23 ^ _3570_/Y (Nor_gate)
     1    0.00                           _0541_ (net)
                  0.07    0.00    6.23 ^ _3579_/A (Nor_gate)
                  0.02    0.04    6.27 v _3579_/Y (Nor_gate)
     1    0.00                           _0551_ (net)
                  0.02    0.00    6.27 v _3580_/B (Nand_gate)
                  0.13    0.10    6.37 ^ _3580_/Y (Nand_gate)
     4    0.02                           _0552_ (net)
                  0.13    0.00    6.37 ^ _3591_/A (Nor_gate)
                  0.03    0.05    6.42 v _3591_/Y (Nor_gate)
     1    0.00                           _0564_ (net)
                  0.03    0.00    6.42 v _3592_/B (Nor_gate)
                  0.08    0.06    6.48 ^ _3592_/Y (Nor_gate)
     1    0.00                           _0565_ (net)
                  0.08    0.00    6.48 ^ _3593_/B (Nand_gate)
                  0.03    0.05    6.53 v _3593_/Y (Nand_gate)
     1    0.00                           _0566_ (net)
                  0.03    0.00    6.53 v _3626_/A (Nand_gate)
                  0.04    0.04    6.57 ^ _3626_/Y (Nand_gate)
     1    0.00                           _0602_ (net)
                  0.04    0.00    6.57 ^ _3627_/A (sky130_fd_sc_hd__buf_1)
                  0.51    0.42    6.99 ^ _3627_/X (sky130_fd_sc_hd__buf_1)
     2    0.04                           result[16] (net)
                  0.51    0.00    7.00 ^ result[16] (out)
                                  7.00   data arrival time

                  0.00   20.00   20.00   clock clk (rise edge)
                          0.00   20.00   clock network delay (ideal)
                         -0.25   19.75   clock uncertainty
                          0.00   19.75   clock reconvergence pessimism
                         -4.00   15.75   output external delay
                                 15.75   data required time
-----------------------------------------------------------------------------
                                 15.75   data required time
                                 -7.00   data arrival time
-----------------------------------------------------------------------------
                                  8.75   slack (MET)


Startpoint: alu_control[3] (input port clocked by clk)
Endpoint: result[15] (output port clocked by clk)
Path Group: clk
Path Type: max

Fanout     Cap    Slew   Delay    Time   Description
-----------------------------------------------------------------------------
                  0.00    0.00    0.00   clock clk (rise edge)
                          0.00    0.00   clock network delay (ideal)
                          4.00    4.00 v input external delay
                  0.05    0.04    4.04 v alu_control[3] (in)
     6    0.02                           alu_control[3] (net)
                  0.05    0.00    4.04 v _2490_/A (inverter)
                  0.12    0.10    4.14 ^ _2490_/Y (inverter)
     5    0.01                           _1599_ (net)
                  0.12    0.00    4.14 ^ _2571_/B (Nand_gate)
                  0.07    0.09    4.23 v _2571_/Y (Nand_gate)
     4    0.01                           _1680_ (net)
                  0.07    0.00    4.23 v _2669_/B (Nor_gate)
                  0.16    0.15    4.38 ^ _2669_/Y (Nor_gate)
     3    0.01                           _1777_ (net)
                  0.16    0.00    4.38 ^ _2706_/A (sky130_fd_sc_hd__buf_1)
                  0.43    0.40    4.78 ^ _2706_/X (sky130_fd_sc_hd__buf_1)
    10    0.04                           _1813_ (net)
                  0.43    0.00    4.78 ^ _2969_/A (Nor_gate)
                  0.08    0.11    4.89 v _2969_/Y (Nor_gate)
     2    0.01                           _2072_ (net)
                  0.08    0.00    4.89 v _3033_/A (Nor_gate)
                  0.11    0.11    5.01 ^ _3033_/Y (Nor_gate)
     1    0.01                           _2135_ (net)
                  0.11    0.00    5.01 ^ _3034_/B (Xnor)
                  0.31    0.29    5.29 ^ _3034_/Y (Xnor)
     3    0.01                           _2136_ (net)
                  0.31    0.00    5.29 ^ _3035_/B (Xnor)
                  0.26    0.28    5.57 ^ _3035_/Y (Xnor)
     3    0.01                           _2137_ (net)
                  0.26    0.00    5.57 ^ _3083_/B (Nand_gate)
                  0.08    0.11    5.68 v _3083_/Y (Nand_gate)
     3    0.01                           _0014_ (net)
                  0.08    0.00    5.68 v _3084_/B (Nor_gate)
                  0.10    0.10    5.78 ^ _3084_/Y (Nor_gate)
     2    0.00                           _0015_ (net)
                  0.10    0.00    5.78 ^ _3085_/B (Nand_gate)
                  0.04    0.05    5.83 v _3085_/Y (Nand_gate)
     1    0.00                           _0016_ (net)
                  0.04    0.00    5.83 v _3098_/A (Nand_gate)
                  0.11    0.10    5.93 ^ _3098_/Y (Nand_gate)
     3    0.01                           _0030_ (net)
                  0.11    0.00    5.93 ^ _3342_/A (Nand_gate)
                  0.06    0.08    6.01 v _3342_/Y (Nand_gate)
     2    0.01                           _0294_ (net)
                  0.06    0.00    6.01 v _3354_/A (Nand_gate)
                  0.07    0.08    6.08 ^ _3354_/Y (Nand_gate)
     3    0.01                           _0307_ (net)
                  0.07    0.00    6.08 ^ _3466_/A (inverter)
                  0.02    0.03    6.11 v _3466_/Y (inverter)
     1    0.00                           _0428_ (net)
                  0.02    0.00    6.11 v _3468_/A (Nor_gate)
                  0.07    0.08    6.19 ^ _3468_/Y (Nor_gate)
     1    0.00                           _0431_ (net)
                  0.07    0.00    6.19 ^ _3469_/B (Nor_gate)
                  0.04    0.04    6.23 v _3469_/Y (Nor_gate)
     2    0.01                           _0432_ (net)
                  0.04    0.00    6.23 v _3471_/B (Nor_gate)
                  0.11    0.09    6.32 ^ _3471_/Y (Nor_gate)
     2    0.00                           _0434_ (net)
                  0.11    0.00    6.32 ^ _3517_/A (inverter)
                  0.03    0.03    6.36 v _3517_/Y (inverter)
     1    0.00                           _0483_ (net)
                  0.03    0.00    6.36 v _3518_/B (Nand_gate)
                  0.05    0.05    6.40 ^ _3518_/Y (Nand_gate)
     2    0.00                           _0485_ (net)
                  0.05    0.00    6.40 ^ _3520_/B (Nor_gate)
                  0.05    0.03    6.43 v _3520_/Y (Nor_gate)
     1    0.00                           _0487_ (net)
                  0.05    0.00    6.43 v _3521_/B (Nor_gate)
                  0.08    0.07    6.50 ^ _3521_/Y (Nor_gate)
     1    0.00                           _0488_ (net)
                  0.08    0.00    6.50 ^ _3522_/B (Nand_gate)
                  0.03    0.05    6.54 v _3522_/Y (Nand_gate)
     1    0.00                           _0489_ (net)
                  0.03    0.00    6.54 v _3557_/A (Nand_gate)
                  0.04    0.04    6.58 ^ _3557_/Y (Nand_gate)
     1    0.00                           _0527_ (net)
                  0.04    0.00    6.58 ^ _3558_/A (sky130_fd_sc_hd__buf_1)
                  0.46    0.39    6.97 ^ _3558_/X (sky130_fd_sc_hd__buf_1)
     2    0.04                           result[15] (net)
                  0.46    0.00    6.97 ^ result[15] (out)
                                  6.97   data arrival time

                  0.00   20.00   20.00   clock clk (rise edge)
                          0.00   20.00   clock network delay (ideal)
                         -0.25   19.75   clock uncertainty
                          0.00   19.75   clock reconvergence pessimism
                         -4.00   15.75   output external delay
                                 15.75   data required time
-----------------------------------------------------------------------------
                                 15.75   data required time
                                 -6.97   data arrival time
-----------------------------------------------------------------------------
                                  8.78   slack (MET)


Startpoint: b[0] (input port clocked by clk)
Endpoint: result[4] (output port clocked by clk)
Path Group: clk
Path Type: max

Fanout     Cap    Slew   Delay    Time   Description
-----------------------------------------------------------------------------
                  0.00    0.00    0.00   clock clk (rise edge)
                          0.00    0.00   clock network delay (ideal)
                          4.00    4.00 ^ input external delay
                  0.17    0.12    4.12 ^ b[0] (in)
    10    0.04                           b[0] (net)
                  0.17    0.00    4.12 ^ _2324_/A (sky130_fd_sc_hd__buf_1)
                  0.47    0.42    4.54 ^ _2324_/X (sky130_fd_sc_hd__buf_1)
    10    0.04                           _1433_ (net)
                  0.47    0.00    4.54 ^ _2498_/A (sky130_fd_sc_hd__buf_1)
                  0.51    0.48    5.03 ^ _2498_/X (sky130_fd_sc_hd__buf_1)
    10    0.04                           _1607_ (net)
                  0.51    0.00    5.03 ^ _2499_/A (sky130_fd_sc_hd__buf_1)
                  0.47    0.46    5.49 ^ _2499_/X (sky130_fd_sc_hd__buf_1)
    10    0.04                           _1608_ (net)
                  0.47    0.00    5.49 ^ _2500_/S (Mux)
                  0.04    0.26    5.74 v _2500_/Y (Mux)
     1    0.00                           _1609_ (net)
                  0.04    0.00    5.74 v _2503_/A (Mux)
                  0.07    0.26    6.00 v _2503_/Y (Mux)
     2    0.01                           _1612_ (net)
                  0.07    0.00    6.00 v _2900_/A (Mux)
                  0.04    0.23    6.23 v _2900_/Y (Mux)
     1    0.00                           _2005_ (net)
                  0.04    0.00    6.23 v _2904_/A (Mux)
                  0.05    0.24    6.46 v _2904_/Y (Mux)
     1    0.00                           _2009_ (net)
                  0.05    0.00    6.46 v _2905_/B (Nand_gate)
                  0.04    0.04    6.50 ^ _2905_/Y (Nand_gate)
     1    0.00                           _2010_ (net)
                  0.04    0.00    6.50 ^ _2914_/A (Nand_gate)
                  0.04    0.05    6.55 v _2914_/Y (Nand_gate)
     1    0.00                           _2019_ (net)
                  0.04    0.00    6.55 v _2915_/B (Nand_gate)
                  0.04    0.04    6.59 ^ _2915_/Y (Nand_gate)
     1    0.00                           _2020_ (net)
                  0.04    0.00    6.59 ^ _2916_/B (Nand_gate)
                  0.04    0.05    6.64 v _2916_/Y (Nand_gate)
     1    0.00                           _2021_ (net)
                  0.04    0.00    6.64 v _2917_/B (Nor_gate)
                  0.14    0.12    6.76 ^ _2917_/Y (Nor_gate)
     2    0.01                           _2022_ (net)
                  0.14    0.00    6.76 ^ _2918_/A (sky130_fd_sc_hd__inv_2)
                  0.12    0.14    6.90 v _2918_/Y (sky130_fd_sc_hd__inv_2)
     1    0.05                           result[4] (net)
                  0.12    0.01    6.91 v result[4] (out)
                                  6.91   data arrival time

                  0.00   20.00   20.00   clock clk (rise edge)
                          0.00   20.00   clock network delay (ideal)
                         -0.25   19.75   clock uncertainty
                          0.00   19.75   clock reconvergence pessimism
                         -4.00   15.75   output external delay
                                 15.75   data required time
-----------------------------------------------------------------------------
                                 15.75   data required time
                                 -6.91   data arrival time
-----------------------------------------------------------------------------
                                  8.84   slack (MET)


Startpoint: b[1] (input port clocked by clk)
Endpoint: result[11] (output port clocked by clk)
Path Group: clk
Path Type: max

Fanout     Cap    Slew   Delay    Time   Description
-----------------------------------------------------------------------------
                  0.00    0.00    0.00   clock clk (rise edge)
                          0.00    0.00   clock network delay (ideal)
                          4.00    4.00 v input external delay
                  0.03    0.02    4.02 v b[1] (in)
     3    0.01                           b[1] (net)
                  0.03    0.00    4.02 v _2322_/A (inverter)
                  0.05    0.05    4.07 ^ _2322_/Y (inverter)
     2    0.01                           _1431_ (net)
                  0.05    0.00    4.07 ^ _2323_/A (sky130_fd_sc_hd__buf_1)
                  0.44    0.38    4.45 ^ _2323_/X (sky130_fd_sc_hd__buf_1)
    10    0.04                           _1432_ (net)
                  0.44    0.00    4.45 ^ _2832_/A (sky130_fd_sc_hd__buf_1)
                  0.39    0.40    4.85 ^ _2832_/X (sky130_fd_sc_hd__buf_1)
    10    0.03                           _1938_ (net)
                  0.39    0.00    4.85 ^ _3053_/A (sky130_fd_sc_hd__buf_1)
                  0.41    0.41    5.26 ^ _3053_/X (sky130_fd_sc_hd__buf_1)
    10    0.04                           _2155_ (net)
                  0.41    0.00    5.26 ^ _3306_/A (sky130_fd_sc_hd__buf_1)
                  0.45    0.44    5.69 ^ _3306_/X (sky130_fd_sc_hd__buf_1)
    10    0.04                           _0255_ (net)
                  0.45    0.00    5.69 ^ _3307_/S (Mux)
                  0.05    0.26    5.95 v _3307_/Y (Mux)
     1    0.00                           _0256_ (net)
                  0.05    0.00    5.95 v _3308_/A (Nand_gate)
                  0.04    0.04    6.00 ^ _3308_/Y (Nand_gate)
     1    0.00                           _0258_ (net)
                  0.04    0.00    6.00 ^ _3309_/B (Nand_gate)
                  0.07    0.07    6.07 v _3309_/Y (Nand_gate)
     2    0.01                           _0259_ (net)
                  0.07    0.00    6.07 v _3310_/B (Nand_gate)
                  0.09    0.08    6.15 ^ _3310_/Y (Nand_gate)
     1    0.01                           _0260_ (net)
                  0.09    0.00    6.15 ^ _3316_/A (Nand_gate)
                  0.03    0.05    6.20 v _3316_/Y (Nand_gate)
     1    0.00                           _0266_ (net)
                  0.03    0.00    6.20 v _3322_/A (Nor_gate)
                  0.07    0.08    6.28 ^ _3322_/Y (Nor_gate)
     1    0.00                           _0273_ (net)
                  0.07    0.00    6.28 ^ _3323_/A (inverter)
                  0.02    0.03    6.31 v _3323_/Y (inverter)
     1    0.00                           _0274_ (net)
                  0.02    0.00    6.31 v _3324_/B (Nor_gate)
                  0.07    0.06    6.37 ^ _3324_/Y (Nor_gate)
     1    0.00                           _0275_ (net)
                  0.07    0.00    6.37 ^ _3325_/B (Nand_gate)
                  0.04    0.05    6.42 v _3325_/Y (Nand_gate)
     1    0.00                           _0276_ (net)
                  0.04    0.00    6.42 v _3326_/B (Nor_gate)
                  0.33    0.26    6.69 ^ _3326_/Y (Nor_gate)
     2    0.02                           _0277_ (net)
                  0.33    0.00    6.69 ^ _3327_/A (sky130_fd_sc_hd__inv_2)
                  0.13    0.17    6.86 v _3327_/Y (sky130_fd_sc_hd__inv_2)
     1    0.03                           result[11] (net)
                  0.13    0.00    6.86 v result[11] (out)
                                  6.86   data arrival time

                  0.00   20.00   20.00   clock clk (rise edge)
                          0.00   20.00   clock network delay (ideal)
                         -0.25   19.75   clock uncertainty
                          0.00   19.75   clock reconvergence pessimism
                         -4.00   15.75   output external delay
                                 15.75   data required time
-----------------------------------------------------------------------------
                                 15.75   data required time
                                 -6.86   data arrival time
-----------------------------------------------------------------------------
                                  8.89   slack (MET)


Startpoint: alu_control[3] (input port clocked by clk)
Endpoint: result[14] (output port clocked by clk)
Path Group: clk
Path Type: max

Fanout     Cap    Slew   Delay    Time   Description
-----------------------------------------------------------------------------
                  0.00    0.00    0.00   clock clk (rise edge)
                          0.00    0.00   clock network delay (ideal)
                          4.00    4.00 v input external delay
                  0.05    0.04    4.04 v alu_control[3] (in)
     6    0.02                           alu_control[3] (net)
                  0.05    0.00    4.04 v _2490_/A (inverter)
                  0.12    0.10    4.14 ^ _2490_/Y (inverter)
     5    0.01                           _1599_ (net)
                  0.12    0.00    4.14 ^ _2571_/B (Nand_gate)
                  0.07    0.09    4.23 v _2571_/Y (Nand_gate)
     4    0.01                           _1680_ (net)
                  0.07    0.00    4.23 v _2669_/B (Nor_gate)
                  0.16    0.15    4.38 ^ _2669_/Y (Nor_gate)
     3    0.01                           _1777_ (net)
                  0.16    0.00    4.38 ^ _2706_/A (sky130_fd_sc_hd__buf_1)
                  0.43    0.40    4.78 ^ _2706_/X (sky130_fd_sc_hd__buf_1)
    10    0.04                           _1813_ (net)
                  0.43    0.00    4.78 ^ _2969_/A (Nor_gate)
                  0.08    0.11    4.89 v _2969_/Y (Nor_gate)
     2    0.01                           _2072_ (net)
                  0.08    0.00    4.89 v _3033_/A (Nor_gate)
                  0.11    0.11    5.01 ^ _3033_/Y (Nor_gate)
     1    0.01                           _2135_ (net)
                  0.11    0.00    5.01 ^ _3034_/B (Xnor)
                  0.31    0.29    5.29 ^ _3034_/Y (Xnor)
     3    0.01                           _2136_ (net)
                  0.31    0.00    5.29 ^ _3035_/B (Xnor)
                  0.26    0.28    5.57 ^ _3035_/Y (Xnor)
     3    0.01                           _2137_ (net)
                  0.26    0.00    5.57 ^ _3083_/B (Nand_gate)
                  0.08    0.11    5.68 v _3083_/Y (Nand_gate)
     3    0.01                           _0014_ (net)
                  0.08    0.00    5.68 v _3084_/B (Nor_gate)
                  0.10    0.10    5.78 ^ _3084_/Y (Nor_gate)
     2    0.00                           _0015_ (net)
                  0.10    0.00    5.78 ^ _3085_/B (Nand_gate)
                  0.04    0.05    5.83 v _3085_/Y (Nand_gate)
     1    0.00                           _0016_ (net)
                  0.04    0.00    5.83 v _3098_/A (Nand_gate)
                  0.11    0.10    5.93 ^ _3098_/Y (Nand_gate)
     3    0.01                           _0030_ (net)
                  0.11    0.00    5.93 ^ _3342_/A (Nand_gate)
                  0.06    0.08    6.01 v _3342_/Y (Nand_gate)
     2    0.01                           _0294_ (net)
                  0.06    0.00    6.01 v _3354_/A (Nand_gate)
                  0.07    0.08    6.08 ^ _3354_/Y (Nand_gate)
     3    0.01                           _0307_ (net)
                  0.07    0.00    6.08 ^ _3466_/A (inverter)
                  0.02    0.03    6.11 v _3466_/Y (inverter)
     1    0.00                           _0428_ (net)
                  0.02    0.00    6.11 v _3468_/A (Nor_gate)
                  0.07    0.08    6.19 ^ _3468_/Y (Nor_gate)
     1    0.00                           _0431_ (net)
                  0.07    0.00    6.19 ^ _3469_/B (Nor_gate)
                  0.04    0.04    6.23 v _3469_/Y (Nor_gate)
     2    0.01                           _0432_ (net)
                  0.04    0.00    6.23 v _3470_/B (Nand_gate)
                  0.05    0.04    6.27 ^ _3470_/Y (Nand_gate)
     1    0.00                           _0433_ (net)
                  0.05    0.00    6.27 ^ _3473_/A (Nand_gate)
                  0.03    0.04    6.31 v _3473_/Y (Nand_gate)
     1    0.00                           _0436_ (net)
                  0.03    0.00    6.31 v _3510_/A (Nand_gate)
                  0.04    0.04    6.35 ^ _3510_/Y (Nand_gate)
     1    0.00                           _0477_ (net)
                  0.04    0.00    6.35 ^ _3511_/A (sky130_fd_sc_hd__buf_1)
                  0.52    0.43    6.78 ^ _3511_/X (sky130_fd_sc_hd__buf_1)
     2    0.04                           result[14] (net)
                  0.52    0.00    6.78 ^ result[14] (out)
                                  6.78   data arrival time

                  0.00   20.00   20.00   clock clk (rise edge)
                          0.00   20.00   clock network delay (ideal)
                         -0.25   19.75   clock uncertainty
                          0.00   19.75   clock reconvergence pessimism
                         -4.00   15.75   output external delay
                                 15.75   data required time
-----------------------------------------------------------------------------
                                 15.75   data required time
                                 -6.78   data arrival time
-----------------------------------------------------------------------------
                                  8.97   slack (MET)


Startpoint: alu_control[3] (input port clocked by clk)
Endpoint: result[12] (output port clocked by clk)
Path Group: clk
Path Type: max

Fanout     Cap    Slew   Delay    Time   Description
-----------------------------------------------------------------------------
                  0.00    0.00    0.00   clock clk (rise edge)
                          0.00    0.00   clock network delay (ideal)
                          4.00    4.00 v input external delay
                  0.05    0.04    4.04 v alu_control[3] (in)
     6    0.02                           alu_control[3] (net)
                  0.05    0.00    4.04 v _2490_/A (inverter)
                  0.12    0.10    4.14 ^ _2490_/Y (inverter)
     5    0.01                           _1599_ (net)
                  0.12    0.00    4.14 ^ _2571_/B (Nand_gate)
                  0.07    0.09    4.23 v _2571_/Y (Nand_gate)
     4    0.01                           _1680_ (net)
                  0.07    0.00    4.23 v _2669_/B (Nor_gate)
                  0.16    0.15    4.38 ^ _2669_/Y (Nor_gate)
     3    0.01                           _1777_ (net)
                  0.16    0.00    4.38 ^ _2706_/A (sky130_fd_sc_hd__buf_1)
                  0.43    0.40    4.78 ^ _2706_/X (sky130_fd_sc_hd__buf_1)
    10    0.04                           _1813_ (net)
                  0.43    0.00    4.78 ^ _2969_/A (Nor_gate)
                  0.08    0.11    4.89 v _2969_/Y (Nor_gate)
     2    0.01                           _2072_ (net)
                  0.08    0.00    4.89 v _3033_/A (Nor_gate)
                  0.11    0.11    5.01 ^ _3033_/Y (Nor_gate)
     1    0.01                           _2135_ (net)
                  0.11    0.00    5.01 ^ _3034_/B (Xnor)
                  0.31    0.29    5.29 ^ _3034_/Y (Xnor)
     3    0.01                           _2136_ (net)
                  0.31    0.00    5.29 ^ _3035_/B (Xnor)
                  0.26    0.28    5.57 ^ _3035_/Y (Xnor)
     3    0.01                           _2137_ (net)
                  0.26    0.00    5.57 ^ _3083_/B (Nand_gate)
                  0.08    0.11    5.68 v _3083_/Y (Nand_gate)
     3    0.01                           _0014_ (net)
                  0.08    0.00    5.68 v _3084_/B (Nor_gate)
                  0.10    0.10    5.78 ^ _3084_/Y (Nor_gate)
     2    0.00                           _0015_ (net)
                  0.10    0.00    5.78 ^ _3085_/B (Nand_gate)
                  0.04    0.05    5.83 v _3085_/Y (Nand_gate)
     1    0.00                           _0016_ (net)
                  0.04    0.00    5.83 v _3098_/A (Nand_gate)
                  0.11    0.10    5.93 ^ _3098_/Y (Nand_gate)
     3    0.01                           _0030_ (net)
                  0.11    0.00    5.93 ^ _3342_/A (Nand_gate)
                  0.06    0.08    6.01 v _3342_/Y (Nand_gate)
     2    0.01                           _0294_ (net)
                  0.06    0.00    6.01 v _3354_/A (Nand_gate)
                  0.07    0.08    6.08 ^ _3354_/Y (Nand_gate)
     3    0.01                           _0307_ (net)
                  0.07    0.00    6.08 ^ _3356_/B (Nor_gate)
                  0.03    0.03    6.12 v _3356_/Y (Nor_gate)
     1    0.00                           _0309_ (net)
                  0.03    0.00    6.12 v _3357_/B (Nor_gate)
                  0.08    0.06    6.18 ^ _3357_/Y (Nor_gate)
     1    0.00                           _0310_ (net)
                  0.08    0.00    6.18 ^ _3358_/B (Nand_gate)
                  0.04    0.06    6.24 v _3358_/Y (Nand_gate)
     1    0.00                           _0312_ (net)
                  0.04    0.00    6.24 v _3396_/A (Nand_gate)
                  0.04    0.05    6.28 ^ _3396_/Y (Nand_gate)
     1    0.00                           _0353_ (net)
                  0.04    0.00    6.28 ^ _3397_/A (sky130_fd_sc_hd__buf_1)
                  0.50    0.41    6.70 ^ _3397_/X (sky130_fd_sc_hd__buf_1)
     2    0.04                           result[12] (net)
                  0.50    0.00    6.70 ^ result[12] (out)
                                  6.70   data arrival time

                  0.00   20.00   20.00   clock clk (rise edge)
                          0.00   20.00   clock network delay (ideal)
                         -0.25   19.75   clock uncertainty
                          0.00   19.75   clock reconvergence pessimism
                         -4.00   15.75   output external delay
                                 15.75   data required time
-----------------------------------------------------------------------------
                                 15.75   data required time
                                 -6.70   data arrival time
-----------------------------------------------------------------------------
                                  9.05   slack (MET)


Startpoint: b[0] (input port clocked by clk)
Endpoint: result[0] (output port clocked by clk)
Path Group: clk
Path Type: max

Fanout     Cap    Slew   Delay    Time   Description
-----------------------------------------------------------------------------
                  0.00    0.00    0.00   clock clk (rise edge)
                          0.00    0.00   clock network delay (ideal)
                          4.00    4.00 ^ input external delay
                  0.17    0.12    4.12 ^ b[0] (in)
    10    0.04                           b[0] (net)
                  0.17    0.00    4.12 ^ _2324_/A (sky130_fd_sc_hd__buf_1)
                  0.47    0.42    4.54 ^ _2324_/X (sky130_fd_sc_hd__buf_1)
    10    0.04                           _1433_ (net)
                  0.47    0.00    4.54 ^ _2498_/A (sky130_fd_sc_hd__buf_1)
                  0.51    0.48    5.03 ^ _2498_/X (sky130_fd_sc_hd__buf_1)
    10    0.04                           _1607_ (net)
                  0.51    0.00    5.03 ^ _2499_/A (sky130_fd_sc_hd__buf_1)
                  0.47    0.46    5.49 ^ _2499_/X (sky130_fd_sc_hd__buf_1)
    10    0.04                           _1608_ (net)
                  0.47    0.00    5.49 ^ _2500_/S (Mux)
                  0.04    0.26    5.74 v _2500_/Y (Mux)
     1    0.00                           _1609_ (net)
                  0.04    0.00    5.74 v _2503_/A (Mux)
                  0.07    0.26    6.00 v _2503_/Y (Mux)
     2    0.01                           _1612_ (net)
                  0.07    0.00    6.00 v _2504_/B (Nor_gate)
                  0.08    0.07    6.07 ^ _2504_/Y (Nor_gate)
     1    0.00                           _1613_ (net)
                  0.08    0.00    6.07 ^ _2514_/A (Nor_gate)
                  0.03    0.04    6.11 v _2514_/Y (Nor_gate)
     1    0.00                           _1623_ (net)
                  0.03    0.00    6.11 v _2532_/A (Nor_gate)
                  0.08    0.08    6.19 ^ _2532_/Y (Nor_gate)
     1    0.00                           _1641_ (net)
                  0.08    0.00    6.19 ^ _2566_/A (Nor_gate)
                  0.03    0.04    6.24 v _2566_/Y (Nor_gate)
     1    0.00                           _1675_ (net)
                  0.03    0.00    6.24 v _2601_/A (Nor_gate)
                  0.10    0.10    6.34 ^ _2601_/Y (Nor_gate)
     1    0.01                           _1710_ (net)
                  0.10    0.00    6.34 ^ _2602_/B (Nand_gate)
                  0.04    0.05    6.39 v _2602_/Y (Nand_gate)
     1    0.00                           _1711_ (net)
                  0.04    0.00    6.39 v _2603_/A (sky130_fd_sc_hd__buf_1)
                  0.28    0.29    6.68 v _2603_/X (sky130_fd_sc_hd__buf_1)
     2    0.05                           result[0] (net)
                  0.28    0.00    6.69 v result[0] (out)
                                  6.69   data arrival time

                  0.00   20.00   20.00   clock clk (rise edge)
                          0.00   20.00   clock network delay (ideal)
                         -0.25   19.75   clock uncertainty
                          0.00   19.75   clock reconvergence pessimism
                         -4.00   15.75   output external delay
                                 15.75   data required time
-----------------------------------------------------------------------------
                                 15.75   data required time
                                 -6.69   data arrival time
-----------------------------------------------------------------------------
                                  9.06   slack (MET)


Startpoint: alu_control[3] (input port clocked by clk)
Endpoint: result[10] (output port clocked by clk)
Path Group: clk
Path Type: max

Fanout     Cap    Slew   Delay    Time   Description
-----------------------------------------------------------------------------
                  0.00    0.00    0.00   clock clk (rise edge)
                          0.00    0.00   clock network delay (ideal)
                          4.00    4.00 v input external delay
                  0.05    0.04    4.04 v alu_control[3] (in)
     6    0.02                           alu_control[3] (net)
                  0.05    0.00    4.04 v _2490_/A (inverter)
                  0.12    0.10    4.14 ^ _2490_/Y (inverter)
     5    0.01                           _1599_ (net)
                  0.12    0.00    4.14 ^ _2571_/B (Nand_gate)
                  0.07    0.09    4.23 v _2571_/Y (Nand_gate)
     4    0.01                           _1680_ (net)
                  0.07    0.00    4.23 v _2669_/B (Nor_gate)
                  0.16    0.15    4.38 ^ _2669_/Y (Nor_gate)
     3    0.01                           _1777_ (net)
                  0.16    0.00    4.38 ^ _2706_/A (sky130_fd_sc_hd__buf_1)
                  0.43    0.40    4.78 ^ _2706_/X (sky130_fd_sc_hd__buf_1)
    10    0.04                           _1813_ (net)
                  0.43    0.00    4.78 ^ _2969_/A (Nor_gate)
                  0.08    0.11    4.89 v _2969_/Y (Nor_gate)
     2    0.01                           _2072_ (net)
                  0.08    0.00    4.89 v _3033_/A (Nor_gate)
                  0.11    0.11    5.01 ^ _3033_/Y (Nor_gate)
     1    0.01                           _2135_ (net)
                  0.11    0.00    5.01 ^ _3034_/B (Xnor)
                  0.31    0.29    5.29 ^ _3034_/Y (Xnor)
     3    0.01                           _2136_ (net)
                  0.31    0.00    5.29 ^ _3035_/B (Xnor)
                  0.26    0.28    5.57 ^ _3035_/Y (Xnor)
     3    0.01                           _2137_ (net)
                  0.26    0.00    5.57 ^ _3083_/B (Nand_gate)
                  0.08    0.11    5.68 v _3083_/Y (Nand_gate)
     3    0.01                           _0014_ (net)
                  0.08    0.00    5.68 v _3084_/B (Nor_gate)
                  0.10    0.10    5.78 ^ _3084_/Y (Nor_gate)
     2    0.00                           _0015_ (net)
                  0.10    0.00    5.78 ^ _3218_/A (inverter)
                  0.03    0.03    5.81 v _3218_/Y (inverter)
     1    0.00                           _0160_ (net)
                  0.03    0.00    5.81 v _3219_/B (Nor_gate)
                  0.07    0.06    5.88 ^ _3219_/Y (Nor_gate)
     1    0.00                           _0161_ (net)
                  0.07    0.00    5.88 ^ _3223_/A (Nor_gate)
                  0.05    0.06    5.94 v _3223_/Y (Nor_gate)
     2    0.01                           _0165_ (net)
                  0.05    0.00    5.94 v _3225_/A (Nor_gate)
                  0.06    0.07    6.02 ^ _3225_/Y (Nor_gate)
     1    0.00                           _0167_ (net)
                  0.06    0.00    6.02 ^ _3226_/B (Nor_gate)
                  0.03    0.04    6.06 v _3226_/Y (Nor_gate)
     2    0.01                           _0168_ (net)
                  0.03    0.00    6.06 v _3227_/B (Nand_gate)
                  0.04    0.04    6.09 ^ _3227_/Y (Nand_gate)
     1    0.00                           _0169_ (net)
                  0.04    0.00    6.09 ^ _3230_/A (Nand_gate)
                  0.05    0.06    6.15 v _3230_/Y (Nand_gate)
     1    0.01                           _0173_ (net)
                  0.05    0.00    6.15 v _3267_/A (Nand_gate)
                  0.04    0.04    6.20 ^ _3267_/Y (Nand_gate)
     1    0.00                           _0213_ (net)
                  0.04    0.00    6.20 ^ _3268_/A (sky130_fd_sc_hd__buf_1)
                  0.57    0.46    6.66 ^ _3268_/X (sky130_fd_sc_hd__buf_1)
     2    0.05                           result[10] (net)
                  0.57    0.01    6.66 ^ result[10] (out)
                                  6.66   data arrival time

                  0.00   20.00   20.00   clock clk (rise edge)
                          0.00   20.00   clock network delay (ideal)
                         -0.25   19.75   clock uncertainty
                          0.00   19.75   clock reconvergence pessimism
                         -4.00   15.75   output external delay
                                 15.75   data required time
-----------------------------------------------------------------------------
                                 15.75   data required time
                                 -6.66   data arrival time
-----------------------------------------------------------------------------
                                  9.09   slack (MET)


Startpoint: alu_control[3] (input port clocked by clk)
Endpoint: result[13] (output port clocked by clk)
Path Group: clk
Path Type: max

Fanout     Cap    Slew   Delay    Time   Description
-----------------------------------------------------------------------------
                  0.00    0.00    0.00   clock clk (rise edge)
                          0.00    0.00   clock network delay (ideal)
                          4.00    4.00 v input external delay
                  0.05    0.04    4.04 v alu_control[3] (in)
     6    0.02                           alu_control[3] (net)
                  0.05    0.00    4.04 v _2490_/A (inverter)
                  0.12    0.10    4.14 ^ _2490_/Y (inverter)
     5    0.01                           _1599_ (net)
                  0.12    0.00    4.14 ^ _2571_/B (Nand_gate)
                  0.07    0.09    4.23 v _2571_/Y (Nand_gate)
     4    0.01                           _1680_ (net)
                  0.07    0.00    4.23 v _2669_/B (Nor_gate)
                  0.16    0.15    4.38 ^ _2669_/Y (Nor_gate)
     3    0.01                           _1777_ (net)
                  0.16    0.00    4.38 ^ _2706_/A (sky130_fd_sc_hd__buf_1)
                  0.43    0.40    4.78 ^ _2706_/X (sky130_fd_sc_hd__buf_1)
    10    0.04                           _1813_ (net)
                  0.43    0.00    4.78 ^ _2969_/A (Nor_gate)
                  0.08    0.11    4.89 v _2969_/Y (Nor_gate)
     2    0.01                           _2072_ (net)
                  0.08    0.00    4.89 v _3033_/A (Nor_gate)
                  0.11    0.11    5.01 ^ _3033_/Y (Nor_gate)
     1    0.01                           _2135_ (net)
                  0.11    0.00    5.01 ^ _3034_/B (Xnor)
                  0.31    0.29    5.29 ^ _3034_/Y (Xnor)
     3    0.01                           _2136_ (net)
                  0.31    0.00    5.29 ^ _3035_/B (Xnor)
                  0.26    0.28    5.57 ^ _3035_/Y (Xnor)
     3    0.01                           _2137_ (net)
                  0.26    0.00    5.57 ^ _3083_/B (Nand_gate)
                  0.08    0.11    5.68 v _3083_/Y (Nand_gate)
     3    0.01                           _0014_ (net)
                  0.08    0.00    5.68 v _3084_/B (Nor_gate)
                  0.10    0.10    5.78 ^ _3084_/Y (Nor_gate)
     2    0.00                           _0015_ (net)
                  0.10    0.00    5.78 ^ _3085_/B (Nand_gate)
                  0.04    0.05    5.83 v _3085_/Y (Nand_gate)
     1    0.00                           _0016_ (net)
                  0.04    0.00    5.83 v _3098_/A (Nand_gate)
                  0.11    0.10    5.93 ^ _3098_/Y (Nand_gate)
     3    0.01                           _0030_ (net)
                  0.11    0.00    5.93 ^ _3342_/A (Nand_gate)
                  0.06    0.08    6.01 v _3342_/Y (Nand_gate)
     2    0.01                           _0294_ (net)
                  0.06    0.00    6.01 v _3354_/A (Nand_gate)
                  0.07    0.08    6.08 ^ _3354_/Y (Nand_gate)
     3    0.01                           _0307_ (net)
                  0.07    0.00    6.08 ^ _3355_/B (Nand_gate)
                  0.05    0.06    6.14 v _3355_/Y (Nand_gate)
     2    0.01                           _0308_ (net)
                  0.05    0.00    6.14 v _3405_/B (Nand_gate)
                  0.06    0.05    6.20 ^ _3405_/Y (Nand_gate)
     2    0.01                           _0362_ (net)
                  0.06    0.00    6.20 ^ _3407_/B (Nand_gate)
                  0.05    0.04    6.24 v _3407_/Y (Nand_gate)
     1    0.00                           _0364_ (net)
                  0.05    0.00    6.24 v _3408_/B (Nand_gate)
                  0.06    0.04    6.27 ^ _3408_/Y (Nand_gate)
     1    0.00                           _0366_ (net)
                  0.06    0.00    6.27 ^ _3409_/B (Nor_gate)
                  0.02    0.03    6.31 v _3409_/Y (Nor_gate)
     1    0.00                           _0367_ (net)
                  0.02    0.00    6.31 v _3452_/A (Nor_gate)
                  0.17    0.15    6.46 ^ _3452_/Y (Nor_gate)
     2    0.01                           _0414_ (net)
                  0.17    0.00    6.46 ^ _3453_/A (sky130_fd_sc_hd__inv_2)
                  0.10    0.13    6.59 v _3453_/Y (sky130_fd_sc_hd__inv_2)
     1    0.03                           result[13] (net)
                  0.10    0.00    6.59 v result[13] (out)
                                  6.59   data arrival time

                  0.00   20.00   20.00   clock clk (rise edge)
                          0.00   20.00   clock network delay (ideal)
                         -0.25   19.75   clock uncertainty
                          0.00   19.75   clock reconvergence pessimism
                         -4.00   15.75   output external delay
                                 15.75   data required time
-----------------------------------------------------------------------------
                                 15.75   data required time
                                 -6.59   data arrival time
-----------------------------------------------------------------------------
                                  9.16   slack (MET)


Startpoint: b[0] (input port clocked by clk)
Endpoint: result[8] (output port clocked by clk)
Path Group: clk
Path Type: max

Fanout     Cap    Slew   Delay    Time   Description
-----------------------------------------------------------------------------
                  0.00    0.00    0.00   clock clk (rise edge)
                          0.00    0.00   clock network delay (ideal)
                          4.00    4.00 ^ input external delay
                  0.17    0.12    4.12 ^ b[0] (in)
    10    0.04                           b[0] (net)
                  0.17    0.00    4.12 ^ _2324_/A (sky130_fd_sc_hd__buf_1)
                  0.47    0.42    4.54 ^ _2324_/X (sky130_fd_sc_hd__buf_1)
    10    0.04                           _1433_ (net)
                  0.47    0.00    4.54 ^ _2558_/A (sky130_fd_sc_hd__buf_1)
                  0.52    0.49    5.03 ^ _2558_/X (sky130_fd_sc_hd__buf_1)
    10    0.04                           _1667_ (net)
                  0.52    0.00    5.03 ^ _2559_/S (Mux)
                  0.04    0.26    5.29 v _2559_/Y (Mux)
     1    0.00                           _1668_ (net)
                  0.04    0.00    5.29 v _2560_/B (Mux)
                  0.07    0.20    5.49 v _2560_/Y (Mux)
     3    0.01                           _1669_ (net)
                  0.07    0.00    5.49 v _2561_/B (Mux)
                  0.06    0.19    5.68 v _2561_/Y (Mux)
     2    0.01                           _1670_ (net)
                  0.06    0.00    5.68 v _3129_/B (Nor_gate)
                  0.13    0.11    5.80 ^ _3129_/Y (Nor_gate)
     2    0.01                           _0064_ (net)
                  0.13    0.00    5.80 ^ _3130_/B (Nor_gate)
                  0.04    0.06    5.85 v _3130_/Y (Nor_gate)
     2    0.01                           _0065_ (net)
                  0.04    0.00    5.85 v _3131_/B (Nor_gate)
                  0.07    0.06    5.92 ^ _3131_/Y (Nor_gate)
     1    0.00                           _0066_ (net)
                  0.07    0.00    5.92 ^ _3134_/A (Nor_gate)
                  0.02    0.04    5.95 v _3134_/Y (Nor_gate)
     1    0.00                           _0069_ (net)
                  0.02    0.00    5.95 v _3135_/B (Nor_gate)
                  0.15    0.13    6.08 ^ _3135_/Y (Nor_gate)
     1    0.01                           _0070_ (net)
                  0.15    0.00    6.08 ^ _3149_/A (Nor_gate)
                  0.03    0.06    6.14 v _3149_/Y (Nor_gate)
     1    0.00                           _0086_ (net)
                  0.03    0.00    6.14 v _3150_/B (Nand_gate)
                  0.04    0.04    6.18 ^ _3150_/Y (Nand_gate)
     1    0.00                           _0087_ (net)
                  0.04    0.00    6.18 ^ _3151_/A (sky130_fd_sc_hd__buf_1)
                  0.44    0.37    6.55 ^ _3151_/X (sky130_fd_sc_hd__buf_1)
     2    0.04                           result[8] (net)
                  0.44    0.00    6.55 ^ result[8] (out)
                                  6.55   data arrival time

                  0.00   20.00   20.00   clock clk (rise edge)
                          0.00   20.00   clock network delay (ideal)
                         -0.25   19.75   clock uncertainty
                          0.00   19.75   clock reconvergence pessimism
                         -4.00   15.75   output external delay
                                 15.75   data required time
-----------------------------------------------------------------------------
                                 15.75   data required time
                                 -6.55   data arrival time
-----------------------------------------------------------------------------
                                  9.20   slack (MET)


Startpoint: b[0] (input port clocked by clk)
Endpoint: result[9] (output port clocked by clk)
Path Group: clk
Path Type: max

Fanout     Cap    Slew   Delay    Time   Description
-----------------------------------------------------------------------------
                  0.00    0.00    0.00   clock clk (rise edge)
                          0.00    0.00   clock network delay (ideal)
                          4.00    4.00 ^ input external delay
                  0.17    0.12    4.12 ^ b[0] (in)
    10    0.04                           b[0] (net)
                  0.17    0.00    4.12 ^ _2324_/A (sky130_fd_sc_hd__buf_1)
                  0.47    0.42    4.54 ^ _2324_/X (sky130_fd_sc_hd__buf_1)
    10    0.04                           _1433_ (net)
                  0.47    0.00    4.54 ^ _2498_/A (sky130_fd_sc_hd__buf_1)
                  0.51    0.48    5.03 ^ _2498_/X (sky130_fd_sc_hd__buf_1)
    10    0.04                           _1607_ (net)
                  0.51    0.00    5.03 ^ _2830_/S (Mux)
                  0.07    0.30    5.33 v _2830_/Y (Mux)
     3    0.01                           _1936_ (net)
                  0.07    0.00    5.33 v _2943_/A (Mux)
                  0.05    0.24    5.57 v _2943_/Y (Mux)
     2    0.00                           _2047_ (net)
                  0.05    0.00    5.57 v _3198_/A (Mux)
                  0.06    0.25    5.82 v _3198_/Y (Mux)
     2    0.01                           _0139_ (net)
                  0.06    0.00    5.82 v _3199_/B (Nand_gate)
                  0.06    0.04    5.86 ^ _3199_/Y (Nand_gate)
     1    0.00                           _0140_ (net)
                  0.06    0.00    5.86 ^ _3202_/A (Nand_gate)
                  0.05    0.06    5.93 v _3202_/Y (Nand_gate)
     2    0.01                           _0143_ (net)
                  0.05    0.00    5.93 v _3203_/B (Nand_gate)
                  0.07    0.07    6.00 ^ _3203_/Y (Nand_gate)
     1    0.01                           _0144_ (net)
                  0.07    0.00    6.00 ^ _3204_/B (Nand_gate)
                  0.03    0.04    6.04 v _3204_/Y (Nand_gate)
     1    0.00                           _0145_ (net)
                  0.03    0.00    6.04 v _3205_/B (Nor_gate)
                  0.07    0.06    6.10 ^ _3205_/Y (Nor_gate)
     1    0.00                           _0146_ (net)
                  0.07    0.00    6.10 ^ _3206_/B (Nand_gate)
                  0.06    0.07    6.17 v _3206_/Y (Nand_gate)
     1    0.01                           _0147_ (net)
                  0.06    0.00    6.17 v _3207_/B (Nor_gate)
                  0.25    0.21    6.38 ^ _3207_/Y (Nor_gate)
     2    0.02                           _0148_ (net)
                  0.25    0.00    6.38 ^ _3208_/A (sky130_fd_sc_hd__inv_2)
                  0.12    0.16    6.54 v _3208_/Y (sky130_fd_sc_hd__inv_2)
     1    0.04                           result[9] (net)
                  0.12    0.00    6.54 v result[9] (out)
                                  6.54   data arrival time

                  0.00   20.00   20.00   clock clk (rise edge)
                          0.00   20.00   clock network delay (ideal)
                         -0.25   19.75   clock uncertainty
                          0.00   19.75   clock reconvergence pessimism
                         -4.00   15.75   output external delay
                                 15.75   data required time
-----------------------------------------------------------------------------
                                 15.75   data required time
                                 -6.54   data arrival time
-----------------------------------------------------------------------------
                                  9.21   slack (MET)


Startpoint: b[0] (input port clocked by clk)
Endpoint: result[1] (output port clocked by clk)
Path Group: clk
Path Type: max

Fanout     Cap    Slew   Delay    Time   Description
-----------------------------------------------------------------------------
                  0.00    0.00    0.00   clock clk (rise edge)
                          0.00    0.00   clock network delay (ideal)
                          4.00    4.00 ^ input external delay
                  0.17    0.12    4.12 ^ b[0] (in)
    10    0.04                           b[0] (net)
                  0.17    0.00    4.12 ^ _2324_/A (sky130_fd_sc_hd__buf_1)
                  0.47    0.42    4.54 ^ _2324_/X (sky130_fd_sc_hd__buf_1)
    10    0.04                           _1433_ (net)
                  0.47    0.00    4.54 ^ _2498_/A (sky130_fd_sc_hd__buf_1)
                  0.51    0.48    5.03 ^ _2498_/X (sky130_fd_sc_hd__buf_1)
    10    0.04                           _1607_ (net)
                  0.51    0.00    5.03 ^ _2499_/A (sky130_fd_sc_hd__buf_1)
                  0.47    0.46    5.49 ^ _2499_/X (sky130_fd_sc_hd__buf_1)
    10    0.04                           _1608_ (net)
                  0.47    0.00    5.49 ^ _2646_/A (Nor_gate)
                  0.07    0.09    5.58 v _2646_/Y (Nor_gate)
     1    0.00                           _1754_ (net)
                  0.07    0.00    5.58 v _2647_/B (Nor_gate)
                  0.14    0.13    5.70 ^ _2647_/Y (Nor_gate)
     3    0.01                           _1755_ (net)
                  0.14    0.00    5.70 ^ _2648_/B (Mux)
                  0.06    0.13    5.84 ^ _2648_/Y (Mux)
     2    0.01                           _1756_ (net)
                  0.06    0.00    5.84 ^ _2649_/A (inverter)
                  0.02    0.03    5.87 v _2649_/Y (inverter)
     1    0.00                           _1757_ (net)
                  0.02    0.00    5.87 v _2650_/B (Nand_gate)
                  0.05    0.03    5.91 ^ _2650_/Y (Nand_gate)
     1    0.00                           _1758_ (net)
                  0.05    0.00    5.91 ^ _2651_/B (Nand_gate)
                  0.05    0.06    5.96 v _2651_/Y (Nand_gate)
     2    0.01                           _1759_ (net)
                  0.05    0.00    5.96 v _2652_/B (Nand_gate)
                  0.06    0.05    6.01 ^ _2652_/Y (Nand_gate)
     1    0.00                           _1760_ (net)
                  0.06    0.00    6.01 ^ _2653_/B (Nand_gate)
                  0.03    0.04    6.05 v _2653_/Y (Nand_gate)
     1    0.00                           _1761_ (net)
                  0.03    0.00    6.05 v _2654_/A (inverter)
                  0.03    0.03    6.08 ^ _2654_/Y (inverter)
     1    0.00                           _1762_ (net)
                  0.03    0.00    6.08 ^ _2655_/B (Nor_gate)
                  0.05    0.03    6.11 v _2655_/Y (Nor_gate)
     1    0.00                           _1763_ (net)
                  0.05    0.00    6.11 v _2701_/A (Nor_gate)
                  0.23    0.20    6.32 ^ _2701_/Y (Nor_gate)
     2    0.01                           _1809_ (net)
                  0.23    0.00    6.32 ^ _2702_/A (sky130_fd_sc_hd__inv_2)
                  0.11    0.15    6.46 v _2702_/Y (sky130_fd_sc_hd__inv_2)
     1    0.03                           result[1] (net)
                  0.11    0.00    6.46 v result[1] (out)
                                  6.46   data arrival time

                  0.00   20.00   20.00   clock clk (rise edge)
                          0.00   20.00   clock network delay (ideal)
                         -0.25   19.75   clock uncertainty
                          0.00   19.75   clock reconvergence pessimism
                         -4.00   15.75   output external delay
                                 15.75   data required time
-----------------------------------------------------------------------------
                                 15.75   data required time
                                 -6.46   data arrival time
-----------------------------------------------------------------------------
                                  9.29   slack (MET)


Startpoint: b[0] (input port clocked by clk)
Endpoint: result[5] (output port clocked by clk)
Path Group: clk
Path Type: max

Fanout     Cap    Slew   Delay    Time   Description
-----------------------------------------------------------------------------
                  0.00    0.00    0.00   clock clk (rise edge)
                          0.00    0.00   clock network delay (ideal)
                          4.00    4.00 ^ input external delay
                  0.17    0.12    4.12 ^ b[0] (in)
    10    0.04                           b[0] (net)
                  0.17    0.00    4.12 ^ _2324_/A (sky130_fd_sc_hd__buf_1)
                  0.47    0.42    4.54 ^ _2324_/X (sky130_fd_sc_hd__buf_1)
    10    0.04                           _1433_ (net)
                  0.47    0.00    4.54 ^ _2498_/A (sky130_fd_sc_hd__buf_1)
                  0.51    0.48    5.03 ^ _2498_/X (sky130_fd_sc_hd__buf_1)
    10    0.04                           _1607_ (net)
                  0.51    0.00    5.03 ^ _2499_/A (sky130_fd_sc_hd__buf_1)
                  0.47    0.46    5.49 ^ _2499_/X (sky130_fd_sc_hd__buf_1)
    10    0.04                           _1608_ (net)
                  0.47    0.00    5.49 ^ _2646_/A (Nor_gate)
                  0.07    0.09    5.58 v _2646_/Y (Nor_gate)
     1    0.00                           _1754_ (net)
                  0.07    0.00    5.58 v _2647_/B (Nor_gate)
                  0.14    0.13    5.70 ^ _2647_/Y (Nor_gate)
     3    0.01                           _1755_ (net)
                  0.14    0.00    5.70 ^ _2930_/A (Nor_gate)
                  0.03    0.05    5.75 v _2930_/Y (Nor_gate)
     1    0.00                           _2034_ (net)
                  0.03    0.00    5.75 v _2931_/B (Nor_gate)
                  0.06    0.06    5.81 ^ _2931_/Y (Nor_gate)
     1    0.00                           _2035_ (net)
                  0.06    0.00    5.81 ^ _2932_/B (Nor_gate)
                  0.04    0.03    5.85 v _2932_/Y (Nor_gate)
     1    0.00                           _2036_ (net)
                  0.04    0.00    5.85 v _2939_/A (Nor_gate)
                  0.11    0.11    5.96 ^ _2939_/Y (Nor_gate)
     2    0.01                           _2043_ (net)
                  0.11    0.00    5.96 ^ _2940_/B (Nor_gate)
                  0.07    0.06    6.01 v _2940_/Y (Nor_gate)
     1    0.01                           _2044_ (net)
                  0.07    0.00    6.01 v _2963_/A (Nor_gate)
                  0.10    0.11    6.12 ^ _2963_/Y (Nor_gate)
     1    0.00                           _2067_ (net)
                  0.10    0.00    6.12 ^ _2964_/B (Nand_gate)
                  0.03    0.05    6.16 v _2964_/Y (Nand_gate)
     1    0.00                           _2068_ (net)
                  0.03    0.00    6.16 v _2965_/A (sky130_fd_sc_hd__buf_1)
                  0.25    0.26    6.43 v _2965_/X (sky130_fd_sc_hd__buf_1)
     2    0.04                           result[5] (net)
                  0.25    0.00    6.43 v result[5] (out)
                                  6.43   data arrival time

                  0.00   20.00   20.00   clock clk (rise edge)
                          0.00   20.00   clock network delay (ideal)
                         -0.25   19.75   clock uncertainty
                          0.00   19.75   clock reconvergence pessimism
                         -4.00   15.75   output external delay
                                 15.75   data required time
-----------------------------------------------------------------------------
                                 15.75   data required time
                                 -6.43   data arrival time
-----------------------------------------------------------------------------
                                  9.32   slack (MET)


Startpoint: b[0] (input port clocked by clk)
Endpoint: result[7] (output port clocked by clk)
Path Group: clk
Path Type: max

Fanout     Cap    Slew   Delay    Time   Description
-----------------------------------------------------------------------------
                  0.00    0.00    0.00   clock clk (rise edge)
                          0.00    0.00   clock network delay (ideal)
                          4.00    4.00 ^ input external delay
                  0.17    0.12    4.12 ^ b[0] (in)
    10    0.04                           b[0] (net)
                  0.17    0.00    4.12 ^ _2324_/A (sky130_fd_sc_hd__buf_1)
                  0.47    0.42    4.54 ^ _2324_/X (sky130_fd_sc_hd__buf_1)
    10    0.04                           _1433_ (net)
                  0.47    0.00    4.54 ^ _2498_/A (sky130_fd_sc_hd__buf_1)
                  0.51    0.48    5.03 ^ _2498_/X (sky130_fd_sc_hd__buf_1)
    10    0.04                           _1607_ (net)
                  0.51    0.00    5.03 ^ _2686_/A (Nor_gate)
                  0.06    0.08    5.11 v _2686_/Y (Nor_gate)
     1    0.00                           _1794_ (net)
                  0.06    0.00    5.11 v _2687_/B (Nor_gate)
                  0.10    0.09    5.21 ^ _2687_/Y (Nor_gate)
     2    0.00                           _1795_ (net)
                  0.10    0.00    5.21 ^ _2688_/A (inverter)
                  0.03    0.04    5.25 v _2688_/Y (inverter)
     2    0.00                           _1796_ (net)
                  0.03    0.00    5.25 v _2833_/A (Mux)
                  0.06    0.25    5.50 v _2833_/Y (Mux)
     2    0.01                           _1939_ (net)
                  0.06    0.00    5.50 v _3056_/A (Mux)
                  0.07    0.27    5.77 v _3056_/Y (Mux)
     2    0.01                           _2158_ (net)
                  0.07    0.00    5.77 v _3057_/B (Nor_gate)
                  0.12    0.11    5.88 ^ _3057_/Y (Nor_gate)
     2    0.01                           _2159_ (net)
                  0.12    0.00    5.88 ^ _3063_/A (Nor_gate)
                  0.03    0.05    5.93 v _3063_/Y (Nor_gate)
     1    0.00                           _2165_ (net)
                  0.03    0.00    5.93 v _3064_/B (Nor_gate)
                  0.17    0.14    6.07 ^ _3064_/Y (Nor_gate)
     1    0.01                           _2166_ (net)
                  0.17    0.00    6.07 ^ _3078_/A (Nor_gate)
                  0.03    0.06    6.13 v _3078_/Y (Nor_gate)
     1    0.00                           _0010_ (net)
                  0.03    0.00    6.13 v _3079_/A (inverter)
                  0.03    0.03    6.16 ^ _3079_/Y (inverter)
     1    0.00                           _0011_ (net)
                  0.03    0.00    6.16 ^ _3080_/B (Nor_gate)
                  0.05    0.05    6.21 v _3080_/Y (Nor_gate)
     2    0.01                           _0012_ (net)
                  0.05    0.00    6.21 v _3081_/A (sky130_fd_sc_hd__inv_2)
                  0.19    0.17    6.38 ^ _3081_/Y (sky130_fd_sc_hd__inv_2)
     1    0.04                           result[7] (net)
                  0.19    0.00    6.38 ^ result[7] (out)
                                  6.38   data arrival time

                  0.00   20.00   20.00   clock clk (rise edge)
                          0.00   20.00   clock network delay (ideal)
                         -0.25   19.75   clock uncertainty
                          0.00   19.75   clock reconvergence pessimism
                         -4.00   15.75   output external delay
                                 15.75   data required time
-----------------------------------------------------------------------------
                                 15.75   data required time
                                 -6.38   data arrival time
-----------------------------------------------------------------------------
                                  9.37   slack (MET)


Startpoint: b[0] (input port clocked by clk)
Endpoint: result[2] (output port clocked by clk)
Path Group: clk
Path Type: max

Fanout     Cap    Slew   Delay    Time   Description
-----------------------------------------------------------------------------
                  0.00    0.00    0.00   clock clk (rise edge)
                          0.00    0.00   clock network delay (ideal)
                          4.00    4.00 ^ input external delay
                  0.17    0.12    4.12 ^ b[0] (in)
    10    0.04                           b[0] (net)
                  0.17    0.00    4.12 ^ _2324_/A (sky130_fd_sc_hd__buf_1)
                  0.47    0.42    4.54 ^ _2324_/X (sky130_fd_sc_hd__buf_1)
    10    0.04                           _1433_ (net)
                  0.47    0.00    4.54 ^ _2498_/A (sky130_fd_sc_hd__buf_1)
                  0.51    0.48    5.03 ^ _2498_/X (sky130_fd_sc_hd__buf_1)
    10    0.04                           _1607_ (net)
                  0.51    0.00    5.03 ^ _2732_/S (Mux)
                  0.04    0.26    5.29 v _2732_/Y (Mux)
     1    0.00                           _1839_ (net)
                  0.04    0.00    5.29 v _2734_/A (Mux)
                  0.05    0.23    5.52 v _2734_/Y (Mux)
     1    0.00                           _1841_ (net)
                  0.05    0.00    5.52 v _2738_/A (Mux)
                  0.07    0.27    5.79 v _2738_/Y (Mux)
     2    0.01                           _1845_ (net)
                  0.07    0.00    5.79 v _2739_/B (Nand_gate)
                  0.07    0.06    5.85 ^ _2739_/Y (Nand_gate)
     2    0.01                           _1846_ (net)
                  0.07    0.00    5.85 ^ _2740_/B (Nand_gate)
                  0.03    0.04    5.89 v _2740_/Y (Nand_gate)
     1    0.00                           _1847_ (net)
                  0.03    0.00    5.89 v _2741_/B (Nand_gate)
                  0.06    0.04    5.94 ^ _2741_/Y (Nand_gate)
     1    0.00                           _1848_ (net)
                  0.06    0.00    5.94 ^ _2742_/B (Nand_gate)
                  0.03    0.04    5.98 v _2742_/Y (Nand_gate)
     1    0.00                           _1849_ (net)
                  0.03    0.00    5.98 v _2743_/B (Nand_gate)
                  0.06    0.04    6.02 ^ _2743_/Y (Nand_gate)
     1    0.00                           _1850_ (net)
                  0.06    0.00    6.02 ^ _2780_/A (Nand_gate)
                  0.04    0.05    6.07 v _2780_/Y (Nand_gate)
     1    0.00                           _1887_ (net)
                  0.04    0.00    6.07 v _2781_/B (Nor_gate)
                  0.20    0.16    6.23 ^ _2781_/Y (Nor_gate)
     2    0.01                           _1888_ (net)
                  0.20    0.00    6.23 ^ _2782_/A (sky130_fd_sc_hd__inv_2)
                  0.10    0.14    6.37 v _2782_/Y (sky130_fd_sc_hd__inv_2)
     1    0.03                           result[2] (net)
                  0.10    0.00    6.37 v result[2] (out)
                                  6.37   data arrival time

                  0.00   20.00   20.00   clock clk (rise edge)
                          0.00   20.00   clock network delay (ideal)
                         -0.25   19.75   clock uncertainty
                          0.00   19.75   clock reconvergence pessimism
                         -4.00   15.75   output external delay
                                 15.75   data required time
-----------------------------------------------------------------------------
                                 15.75   data required time
                                 -6.37   data arrival time
-----------------------------------------------------------------------------
                                  9.38   slack (MET)


Startpoint: alu_control[3] (input port clocked by clk)
Endpoint: result[6] (output port clocked by clk)
Path Group: clk
Path Type: max

Fanout     Cap    Slew   Delay    Time   Description
-----------------------------------------------------------------------------
                  0.00    0.00    0.00   clock clk (rise edge)
                          0.00    0.00   clock network delay (ideal)
                          4.00    4.00 v input external delay
                  0.05    0.04    4.04 v alu_control[3] (in)
     6    0.02                           alu_control[3] (net)
                  0.05    0.00    4.04 v _2490_/A (inverter)
                  0.12    0.10    4.14 ^ _2490_/Y (inverter)
     5    0.01                           _1599_ (net)
                  0.12    0.00    4.14 ^ _2571_/B (Nand_gate)
                  0.07    0.09    4.23 v _2571_/Y (Nand_gate)
     4    0.01                           _1680_ (net)
                  0.07    0.00    4.23 v _2669_/B (Nor_gate)
                  0.16    0.15    4.38 ^ _2669_/Y (Nor_gate)
     3    0.01                           _1777_ (net)
                  0.16    0.00    4.38 ^ _2706_/A (sky130_fd_sc_hd__buf_1)
                  0.43    0.40    4.78 ^ _2706_/X (sky130_fd_sc_hd__buf_1)
    10    0.04                           _1813_ (net)
                  0.43    0.00    4.78 ^ _2707_/B (Nor_gate)
                  0.07    0.09    4.87 v _2707_/Y (Nor_gate)
     1    0.01                           _1814_ (net)
                  0.07    0.00    4.87 v _2708_/B (Xnor)
                  0.25    0.10    4.97 ^ _2708_/Y (Xnor)
     2    0.01                           _1815_ (net)
                  0.25    0.00    4.97 ^ _2709_/B (Xnor)
                  0.32    0.32    5.29 ^ _2709_/Y (Xnor)
     4    0.01                           _1816_ (net)
                  0.32    0.00    5.29 ^ _2977_/A (inverter)
                  0.06    0.05    5.34 v _2977_/Y (inverter)
     1    0.00                           _2080_ (net)
                  0.06    0.00    5.34 v _2979_/A (Nand_gate)
                  0.04    0.05    5.38 ^ _2979_/Y (Nand_gate)
     1    0.00                           _2082_ (net)
                  0.04    0.00    5.38 ^ _2980_/B (Nor_gate)
                  0.04    0.03    5.41 v _2980_/Y (Nor_gate)
     1    0.00                           _2083_ (net)
                  0.04    0.00    5.41 v _2981_/A (Nor_gate)
                  0.14    0.13    5.54 ^ _2981_/Y (Nor_gate)
     2    0.01                           _2084_ (net)
                  0.14    0.00    5.54 ^ _2983_/A (Nor_gate)
                  0.03    0.05    5.59 v _2983_/Y (Nor_gate)
     1    0.00                           _2086_ (net)
                  0.03    0.00    5.59 v _2984_/B (Nor_gate)
                  0.11    0.09    5.69 ^ _2984_/Y (Nor_gate)
     2    0.01                           _2087_ (net)
                  0.11    0.00    5.69 ^ _2986_/B (Nor_gate)
                  0.05    0.05    5.74 v _2986_/Y (Nor_gate)
     2    0.00                           _2089_ (net)
                  0.05    0.00    5.74 v _2987_/B (Nor_gate)
                  0.07    0.07    5.80 ^ _2987_/Y (Nor_gate)
     1    0.00                           _2090_ (net)
                  0.07    0.00    5.80 ^ _2988_/B (Nand_gate)
                  0.05    0.06    5.86 v _2988_/Y (Nand_gate)
     1    0.01                           _2091_ (net)
                  0.05    0.00    5.86 v _3030_/A (Nand_gate)
                  0.04    0.04    5.90 ^ _3030_/Y (Nand_gate)
     1    0.00                           _2133_ (net)
                  0.04    0.00    5.90 ^ _3031_/A (sky130_fd_sc_hd__buf_1)
                  0.50    0.41    6.32 ^ _3031_/X (sky130_fd_sc_hd__buf_1)
     2    0.04                           result[6] (net)
                  0.50    0.00    6.32 ^ result[6] (out)
                                  6.32   data arrival time

                  0.00   20.00   20.00   clock clk (rise edge)
                          0.00   20.00   clock network delay (ideal)
                         -0.25   19.75   clock uncertainty
                          0.00   19.75   clock reconvergence pessimism
                         -4.00   15.75   output external delay
                                 15.75   data required time
-----------------------------------------------------------------------------
                                 15.75   data required time
                                 -6.32   data arrival time
-----------------------------------------------------------------------------
                                  9.43   slack (MET)


Startpoint: b[0] (input port clocked by clk)
Endpoint: result[3] (output port clocked by clk)
Path Group: clk
Path Type: max

Fanout     Cap    Slew   Delay    Time   Description
-----------------------------------------------------------------------------
                  0.00    0.00    0.00   clock clk (rise edge)
                          0.00    0.00   clock network delay (ideal)
                          4.00    4.00 ^ input external delay
                  0.17    0.12    4.12 ^ b[0] (in)
    10    0.04                           b[0] (net)
                  0.17    0.00    4.12 ^ _2324_/A (sky130_fd_sc_hd__buf_1)
                  0.47    0.42    4.54 ^ _2324_/X (sky130_fd_sc_hd__buf_1)
    10    0.04                           _1433_ (net)
                  0.47    0.00    4.54 ^ _2498_/A (sky130_fd_sc_hd__buf_1)
                  0.51    0.48    5.03 ^ _2498_/X (sky130_fd_sc_hd__buf_1)
    10    0.04                           _1607_ (net)
                  0.51    0.00    5.03 ^ _2686_/A (Nor_gate)
                  0.06    0.08    5.11 v _2686_/Y (Nor_gate)
     1    0.00                           _1794_ (net)
                  0.06    0.00    5.11 v _2687_/B (Nor_gate)
                  0.10    0.09    5.21 ^ _2687_/Y (Nor_gate)
     2    0.00                           _1795_ (net)
                  0.10    0.00    5.21 ^ _2688_/A (inverter)
                  0.03    0.04    5.25 v _2688_/Y (inverter)
     2    0.00                           _1796_ (net)
                  0.03    0.00    5.25 v _2833_/A (Mux)
                  0.06    0.25    5.50 v _2833_/Y (Mux)
     2    0.01                           _1939_ (net)
                  0.06    0.00    5.50 v _2834_/B (Nor_gate)
                  0.15    0.13    5.63 ^ _2834_/Y (Nor_gate)
     2    0.01                           _1940_ (net)
                  0.15    0.00    5.63 ^ _2835_/B (Nand_gate)
                  0.06    0.07    5.70 v _2835_/Y (Nand_gate)
     1    0.00                           _1941_ (net)
                  0.06    0.00    5.70 v _2847_/A (Nand_gate)
                  0.04    0.05    5.75 ^ _2847_/Y (Nand_gate)
     1    0.00                           _1953_ (net)
                  0.04    0.00    5.75 ^ _2848_/B (Nor_gate)
                  0.03    0.04    5.78 v _2848_/Y (Nor_gate)
     1    0.01                           _1954_ (net)
                  0.03    0.00    5.78 v _2849_/B (Nand_gate)
                  0.04    0.04    5.82 ^ _2849_/Y (Nand_gate)
     1    0.00                           _1955_ (net)
                  0.04    0.00    5.82 ^ _2850_/A (sky130_fd_sc_hd__buf_1)
                  0.50    0.42    6.23 ^ _2850_/X (sky130_fd_sc_hd__buf_1)
     2    0.04                           result[3] (net)
                  0.50    0.00    6.24 ^ result[3] (out)
                                  6.24   data arrival time

                  0.00   20.00   20.00   clock clk (rise edge)
                          0.00   20.00   clock network delay (ideal)
                         -0.25   19.75   clock uncertainty
                          0.00   19.75   clock reconvergence pessimism
                         -4.00   15.75   output external delay
                                 15.75   data required time
-----------------------------------------------------------------------------
                                 15.75   data required time
                                 -6.24   data arrival time
-----------------------------------------------------------------------------
                                  9.51   slack (MET)



max_report_end
checks_report

===========================================================================
report_checks -unconstrained
===========================================================================
======================= Typical Corner ===================================

Startpoint: b[0] (input port clocked by clk)
Endpoint: zero (output port clocked by clk)
Path Group: clk
Path Type: max

Fanout     Cap    Slew   Delay    Time   Description
-----------------------------------------------------------------------------
                  0.00    0.00    0.00   clock clk (rise edge)
                          0.00    0.00   clock network delay (ideal)
                          4.00    4.00 ^ input external delay
                  0.17    0.12    4.12 ^ b[0] (in)
    10    0.04                           b[0] (net)
                  0.17    0.00    4.12 ^ _2324_/A (sky130_fd_sc_hd__buf_1)
                  0.47    0.42    4.54 ^ _2324_/X (sky130_fd_sc_hd__buf_1)
    10    0.04                           _1433_ (net)
                  0.47    0.00    4.54 ^ _2498_/A (sky130_fd_sc_hd__buf_1)
                  0.51    0.48    5.03 ^ _2498_/X (sky130_fd_sc_hd__buf_1)
    10    0.04                           _1607_ (net)
                  0.51    0.00    5.03 ^ _2499_/A (sky130_fd_sc_hd__buf_1)
                  0.47    0.46    5.49 ^ _2499_/X (sky130_fd_sc_hd__buf_1)
    10    0.04                           _1608_ (net)
                  0.47    0.00    5.49 ^ _2567_/A (sky130_fd_sc_hd__buf_1)
                  0.48    0.47    5.96 ^ _2567_/X (sky130_fd_sc_hd__buf_1)
    10    0.04                           _1676_ (net)
                  0.48    0.00    5.96 ^ _4094_/S (Mux)
                  0.05    0.27    6.23 v _4094_/Y (Mux)
     2    0.00                           _1107_ (net)
                  0.05    0.00    6.23 v _4194_/A (Mux)
                  0.05    0.23    6.46 v _4194_/Y (Mux)
     1    0.00                           _1215_ (net)
                  0.05    0.00    6.46 v _4195_/B (Mux)
                  0.04    0.16    6.62 v _4195_/Y (Mux)
     1    0.00                           _1216_ (net)
                  0.04    0.00    6.62 v _4196_/B (Mux)
                  0.04    0.17    6.78 v _4196_/Y (Mux)
     1    0.00                           _1217_ (net)
                  0.04    0.00    6.78 v _4197_/B (Nor_gate)
                  0.08    0.07    6.85 ^ _4197_/Y (Nor_gate)
     1    0.00                           _1218_ (net)
                  0.08    0.00    6.85 ^ _4198_/B (Nor_gate)
                  0.06    0.05    6.90 v _4198_/Y (Nor_gate)
     1    0.01                           _1220_ (net)
                  0.06    0.00    6.90 v _4199_/B (Nand_gate)
                  0.04    0.05    6.95 ^ _4199_/Y (Nand_gate)
     1    0.00                           _1221_ (net)
                  0.04    0.00    6.95 ^ _4214_/A (Nand_gate)
                  0.04    0.05    7.00 v _4214_/Y (Nand_gate)
     1    0.00                           _1237_ (net)
                  0.04    0.00    7.00 v _4215_/B (Nor_gate)
                  0.10    0.09    7.09 ^ _4215_/Y (Nor_gate)
     1    0.00                           _1238_ (net)
                  0.10    0.00    7.09 ^ _4216_/B (Nand_gate)
                  0.03    0.05    7.14 v _4216_/Y (Nand_gate)
     1    0.00                           _1239_ (net)
                  0.03    0.00    7.14 v _4217_/A (sky130_fd_sc_hd__buf_1)
                  0.29    0.29    7.43 v _4217_/X (sky130_fd_sc_hd__buf_1)
     2    0.05                           result[28] (net)
                  0.29    0.00    7.43 v _4367_/A (Nor_gate)
                  0.08    0.12    7.55 ^ _4367_/Y (Nor_gate)
     1    0.00                           _1401_ (net)
                  0.08    0.00    7.55 ^ _4368_/B (Nand_gate)
                  0.04    0.04    7.60 v _4368_/Y (Nand_gate)
     1    0.00                           _1403_ (net)
                  0.04    0.00    7.60 v _4369_/B (Nor_gate)
                  0.09    0.08    7.68 ^ _4369_/Y (Nor_gate)
     1    0.00                           _1404_ (net)
                  0.09    0.00    7.68 ^ _4370_/B (Nand_gate)
                  0.03    0.04    7.72 v _4370_/Y (Nand_gate)
     1    0.00                           _1405_ (net)
                  0.03    0.00    7.72 v _4371_/B (Nor_gate)
                  0.08    0.06    7.78 ^ _4371_/Y (Nor_gate)
     1    0.00                           _1406_ (net)
                  0.08    0.00    7.78 ^ _4372_/A (sky130_fd_sc_hd__buf_1)
                  0.40    0.36    8.14 ^ _4372_/X (sky130_fd_sc_hd__buf_1)
     1    0.03                           zero (net)
                  0.40    0.00    8.14 ^ zero (out)
                                  8.14   data arrival time

                  0.00   20.00   20.00   clock clk (rise edge)
                          0.00   20.00   clock network delay (ideal)
                         -0.25   19.75   clock uncertainty
                          0.00   19.75   clock reconvergence pessimism
                         -4.00   15.75   output external delay
                                 15.75   data required time
-----------------------------------------------------------------------------
                                 15.75   data required time
                                 -8.14   data arrival time
-----------------------------------------------------------------------------
                                  7.61   slack (MET)




===========================================================================
report_checks --slack_max -0.01
============================================================================
======================= Typical Corner ===================================

No paths found.


===========================================================================
 report_check_types -max_slew -max_cap -max_fanout -violators
============================================================================
======================= Typical Corner ===================================



===========================================================================
report_parasitic_annotation -report_unannotated
============================================================================
Found 2271 unannotated drivers.
 a[0]
 a[10]
 a[11]
 a[12]
 a[13]
 a[14]
 a[15]
 a[16]
 a[17]
 a[18]
 a[19]
 a[1]
 a[20]
 a[21]
 a[22]
 a[23]
 a[24]
 a[25]
 a[26]
 a[27]
 a[28]
 a[29]
 a[2]
 a[30]
 a[31]
 a[3]
 a[4]
 a[5]
 a[6]
 a[7]
 a[8]
 a[9]
 alu_control[0]
 alu_control[1]
 alu_control[2]
 alu_control[3]
 b[0]
 b[10]
 b[11]
 b[12]
 b[13]
 b[14]
 b[15]
 b[16]
 b[17]
 b[18]
 b[19]
 b[1]
 b[20]
 b[21]
 b[22]
 b[23]
 b[24]
 b[25]
 b[26]
 b[27]
 b[28]
 b[29]
 b[2]
 b[30]
 b[31]
 b[3]
 b[4]
 b[5]
 b[6]
 b[7]
 b[8]
 b[9]
 _2170_/Y
 _2171_/Y
 _2172_/Y
 _2173_/Y
 _2174_/Y
 _2175_/Y
 _2176_/Y
 _2177_/Y
 _2178_/Y
 _2179_/Y
 _2180_/Y
 _2181_/Y
 _2182_/Y
 _2183_/Y
 _2184_/Y
 _2185_/Y
 _2186_/Y
 _2187_/Y
 _2188_/Y
 _2189_/Y
 _2190_/Y
 _2191_/Y
 _2192_/Y
 _2193_/Y
 _2194_/Y
 _2195_/Y
 _2196_/Y
 _2197_/Y
 _2198_/X
 _2199_/Y
 _2200_/Y
 _2201_/Y
 _2202_/Y
 _2203_/X
 _2204_/Y
 _2205_/Y
 _2206_/Y
 _2207_/Y
 _2208_/Y
 _2209_/X
 _2210_/Y
 _2211_/Y
 _2212_/Y
 _2213_/Y
 _2214_/Y
 _2215_/Y
 _2216_/Y
 _2217_/Y
 _2218_/Y
 _2219_/Y
 _2220_/Y
 _2221_/X
 _2222_/Y
 _2223_/Y
 _2224_/Y
 _2225_/Y
 _2226_/Y
 _2227_/Y
 _2228_/Y
 _2229_/Y
 _2230_/X
 _2231_/Y
 _2232_/Y
 _2233_/Y
 _2234_/Y
 _2235_/X
 _2236_/Y
 _2237_/Y
 _2238_/Y
 _2239_/Y
 _2240_/X
 _2241_/Y
 _2242_/Y
 _2243_/Y
 _2244_/Y
 _2245_/Y
 _2246_/X
 _2247_/Y
 _2248_/Y
 _2249_/Y
 _2250_/Y
 _2251_/Y
 _2252_/Y
 _2253_/Y
 _2254_/Y
 _2255_/Y
 _2256_/X
 _2257_/Y
 _2258_/Y
 _2259_/Y
 _2260_/Y
 _2261_/X
 _2262_/Y
 _2263_/Y
 _2264_/Y
 _2265_/Y
 _2266_/Y
 _2267_/Y
 _2268_/Y
 _2269_/Y
 _2270_/Y
 _2271_/Y
 _2272_/Y
 _2273_/Y
 _2274_/Y
 _2275_/Y
 _2276_/Y
 _2277_/Y
 _2278_/Y
 _2279_/Y
 _2280_/Y
 _2281_/X
 _2282_/Y
 _2283_/Y
 _2284_/Y
 _2285_/Y
 _2286_/Y
 _2287_/Y
 _2288_/Y
 _2289_/X
 _2290_/Y
 _2291_/Y
 _2292_/Y
 _2293_/Y
 _2294_/Y
 _2295_/Y
 _2296_/Y
 _2297_/Y
 _2298_/Y
 _2299_/Y
 _2300_/Y
 _2301_/X
 _2302_/Y
 _2303_/Y
 _2304_/Y
 _2305_/Y
 _2306_/Y
 _2307_/Y
 _2308_/Y
 _2309_/Y
 _2310_/X
 _2311_/X
 _2312_/Y
 _2313_/Y
 _2314_/Y
 _2315_/Y
 _2316_/Y
 _2317_/Y
 _2318_/Y
 _2319_/X
 _2320_/Y
 _2321_/Y
 _2322_/Y
 _2323_/X
 _2324_/X
 _2325_/Y
 _2326_/Y
 _2327_/Y
 _2328_/Y
 _2329_/X
 _2330_/Y
 _2331_/Y
 _2332_/Y
 _2333_/Y
 _2334_/Y
 _2335_/Y
 _2336_/Y
 _2337_/Y
 _2338_/Y
 _2339_/Y
 _2340_/Y
 _2341_/Y
 _2342_/Y
 _2343_/Y
 _2344_/Y
 _2345_/Y
 _2346_/Y
 _2347_/Y
 _2348_/Y
 _2349_/Y
 _2350_/Y
 _2351_/Y
 _2352_/Y
 _2353_/Y
 _2354_/Y
 _2355_/Y
 _2356_/Y
 _2357_/Y
 _2358_/Y
 _2359_/Y
 _2360_/Y
 _2361_/Y
 _2362_/Y
 _2363_/Y
 _2364_/Y
 _2365_/Y
 _2366_/X
 _2367_/Y
 _2368_/Y
 _2369_/Y
 _2370_/Y
 _2371_/Y
 _2372_/Y
 _2373_/Y
 _2374_/Y
 _2375_/Y
 _2376_/Y
 _2377_/Y
 _2378_/Y
 _2379_/Y
 _2380_/Y
 _2381_/Y
 _2382_/X
 _2383_/Y
 _2384_/Y
 _2385_/Y
 _2386_/Y
 _2387_/Y
 _2388_/Y
 _2389_/Y
 _2390_/Y
 _2391_/Y
 _2392_/Y
 _2393_/Y
 _2394_/Y
 _2395_/Y
 _2396_/Y
 _2397_/Y
 _2398_/Y
 _2399_/Y
 _2400_/Y
 _2401_/Y
 _2402_/Y
 _2403_/Y
 _2404_/Y
 _2405_/Y
 _2406_/Y
 _2407_/Y
 _2408_/Y
 _2409_/Y
 _2410_/Y
 _2411_/Y
 _2412_/Y
 _2413_/Y
 _2414_/Y
 _2415_/Y
 _2416_/Y
 _2417_/Y
 _2418_/Y
 _2419_/Y
 _2420_/Y
 _2421_/Y
 _2422_/Y
 _2423_/Y
 _2424_/Y
 _2425_/Y
 _2426_/Y
 _2427_/Y
 _2428_/Y
 _2429_/Y
 _2430_/Y
 _2431_/Y
 _2432_/Y
 _2433_/Y
 _2434_/Y
 _2435_/Y
 _2436_/Y
 _2437_/Y
 _2438_/Y
 _2439_/Y
 _2440_/Y
 _2441_/Y
 _2442_/Y
 _2443_/Y
 _2444_/Y
 _2445_/Y
 _2446_/Y
 _2447_/Y
 _2448_/Y
 _2449_/Y
 _2450_/Y
 _2451_/Y
 _2452_/Y
 _2453_/Y
 _2454_/Y
 _2455_/Y
 _2456_/X
 _2457_/Y
 _2458_/Y
 _2459_/Y
 _2460_/Y
 _2461_/Y
 _2462_/Y
 _2463_/Y
 _2464_/Y
 _2465_/Y
 _2466_/Y
 _2467_/Y
 _2468_/Y
 _2469_/Y
 _2470_/Y
 _2471_/Y
 _2472_/Y
 _2473_/Y
 _2474_/Y
 _2475_/Y
 _2476_/Y
 _2477_/Y
 _2478_/Y
 _2479_/X
 _2480_/X
 _2481_/Y
 _2482_/Y
 _2483_/Y
 _2484_/Y
 _2485_/Y
 _2486_/Y
 _2487_/Y
 _2488_/Y
 _2489_/Y
 _2490_/Y
 _2491_/Y
 _2492_/Y
 _2493_/Y
 _2494_/Y
 _2495_/Y
 _2496_/X
 _2497_/X
 _2498_/X
 _2499_/X
 _2500_/Y
 _2501_/X
 _2502_/Y
 _2503_/Y
 _2504_/Y
 _2505_/X
 _2506_/X
 _2507_/Y
 _2508_/Y
 _2509_/Y
 _2510_/Y
 _2511_/Y
 _2512_/Y
 _2513_/Y
 _2514_/Y
 _2515_/X
 _2516_/X
 _2517_/Y
 _2518_/Y
 _2519_/X
 _2520_/Y
 _2521_/Y
 _2522_/Y
 _2523_/Y
 _2524_/X
 _2525_/Y
 _2526_/Y
 _2527_/X
 _2528_/Y
 _2529_/Y
 _2530_/Y
 _2531_/Y
 _2532_/Y
 _2533_/Y
 _2534_/Y
 _2535_/Y
 _2536_/Y
 _2537_/Y
 _2538_/Y
 _2539_/Y
 _2540_/Y
 _2541_/X
 _2542_/Y
 _2543_/Y
 _2544_/Y
 _2545_/Y
 _2546_/Y
 _2547_/Y
 _2548_/Y
 _2549_/Y
 _2550_/Y
 _2551_/Y
 _2552_/Y
 _2553_/Y
 _2554_/Y
 _2555_/Y
 _2556_/Y
 _2557_/Y
 _2558_/X
 _2559_/Y
 _2560_/Y
 _2561_/Y
 _2562_/X
 _2563_/Y
 _2564_/Y
 _2565_/Y
 _2566_/Y
 _2567_/X
 _2568_/Y
 _2569_/Y
 _2570_/Y
 _2571_/Y
 _2572_/Y
 _2573_/X
 _2574_/Y
 _2575_/Y
 _2576_/Y
 _2577_/Y
 _2578_/Y
 _2579_/Y
 _2580_/Y
 _2581_/X
 _2582_/Y
 _2583_/Y
 _2584_/Y
 _2585_/Y
 _2586_/Y
 _2587_/Y
 _2588_/Y
 _2589_/Y
 _2590_/Y
 _2591_/Y
 _2592_/Y
 _2593_/Y
 _2594_/Y
 _2595_/Y
 _2596_/Y
 _2597_/Y
 _2598_/Y
 _2599_/Y
 _2600_/Y
 _2601_/Y
 _2602_/Y
 _2603_/X
 _2604_/X
 _2605_/X
 _2606_/Y
 _2607_/Y
 _2608_/X
 _2609_/Y
 _2610_/Y
 _2611_/Y
 _2612_/Y
 _2613_/Y
 _2614_/Y
 _2615_/Y
 _2616_/Y
 _2617_/Y
 _2618_/X
 _2619_/Y
 _2620_/Y
 _2621_/Y
 _2622_/Y
 _2623_/Y
 _2624_/Y
 _2625_/Y
 _2626_/Y
 _2627_/Y
 _2628_/Y
 _2629_/Y
 _2630_/Y
 _2631_/Y
 _2632_/Y
 _2633_/Y
 _2634_/Y
 _2635_/Y
 _2636_/Y
 _2637_/Y
 _2638_/Y
 _2639_/Y
 _2640_/Y
 _2641_/Y
 _2642_/Y
 _2643_/Y
 _2644_/Y
 _2645_/Y
 _2646_/Y
 _2647_/Y
 _2648_/Y
 _2649_/Y
 _2650_/Y
 _2651_/Y
 _2652_/Y
 _2653_/Y
 _2654_/Y
 _2655_/Y
 _2656_/Y
 _2657_/Y
 _2658_/X
 _2659_/Y
 _2660_/Y
 _2661_/Y
 _2662_/Y
 _2663_/Y
 _2664_/Y
 _2665_/Y
 _2666_/Y
 _2667_/Y
 _2668_/Y
 _2669_/Y
 _2670_/Y
 _2671_/Y
 _2672_/Y
 _2673_/Y
 _2674_/Y
 _2675_/Y
 _2676_/Y
 _2677_/Y
 _2678_/Y
 _2679_/Y
 _2680_/Y
 _2681_/Y
 _2682_/Y
 _2683_/X
 _2684_/Y
 _2685_/Y
 _2686_/Y
 _2687_/Y
 _2688_/Y
 _2689_/Y
 _2690_/Y
 _2691_/Y
 _2692_/Y
 _2693_/Y
 _2694_/Y
 _2695_/Y
 _2696_/Y
 _2697_/Y
 _2698_/Y
 _2699_/Y
 _2700_/Y
 _2701_/Y
 _2702_/Y
 _2703_/Y
 _2704_/Y
 _2705_/Y
 _2706_/X
 _2707_/Y
 _2708_/Y
 _2709_/Y
 _2710_/Y
 _2711_/Y
 _2712_/Y
 _2713_/Y
 _2714_/Y
 _2715_/Y
 _2716_/Y
 _2717_/Y
 _2718_/Y
 _2719_/Y
 _2720_/Y
 _2721_/Y
 _2722_/Y
 _2723_/Y
 _2724_/Y
 _2725_/Y
 _2726_/Y
 _2727_/Y
 _2728_/Y
 _2729_/Y
 _2730_/Y
 _2731_/Y
 _2732_/Y
 _2733_/Y
 _2734_/Y
 _2735_/Y
 _2736_/Y
 _2737_/Y
 _2738_/Y
 _2739_/Y
 _2740_/Y
 _2741_/Y
 _2742_/Y
 _2743_/Y
 _2744_/Y
 _2745_/Y
 _2746_/Y
 _2747_/Y
 _2748_/Y
 _2749_/Y
 _2750_/Y
 _2751_/Y
 _2752_/Y
 _2753_/Y
 _2754_/Y
 _2755_/X
 _2756_/Y
 _2757_/Y
 _2758_/Y
 _2759_/Y
 _2760_/Y
 _2761_/Y
 _2762_/Y
 _2763_/X
 _2764_/Y
 _2765_/Y
 _2766_/Y
 _2767_/Y
 _2768_/Y
 _2769_/Y
 _2770_/Y
 _2771_/Y
 _2772_/Y
 _2773_/Y
 _2774_/Y
 _2775_/Y
 _2776_/Y
 _2777_/Y
 _2778_/Y
 _2779_/Y
 _2780_/Y
 _2781_/Y
 _2782_/Y
 _2783_/Y
 _2784_/Y
 _2785_/Y
 _2786_/Y
 _2787_/Y
 _2788_/Y
 _2789_/Y
 _2790_/Y
 _2791_/Y
 _2792_/Y
 _2793_/Y
 _2794_/Y
 _2795_/Y
 _2796_/Y
 _2797_/Y
 _2798_/Y
 _2799_/Y
 _2800_/Y
 _2801_/Y
 _2802_/Y
 _2803_/Y
 _2804_/Y
 _2805_/Y
 _2806_/Y
 _2807_/Y
 _2808_/Y
 _2809_/Y
 _2810_/Y
 _2811_/Y
 _2812_/Y
 _2813_/Y
 _2814_/Y
 _2815_/Y
 _2816_/X
 _2817_/Y
 _2818_/X
 _2819_/Y
 _2820_/Y
 _2821_/Y
 _2822_/Y
 _2823_/Y
 _2824_/Y
 _2825_/Y
 _2826_/Y
 _2827_/Y
 _2828_/Y
 _2829_/Y
 _2830_/Y
 _2831_/Y
 _2832_/X
 _2833_/Y
 _2834_/Y
 _2835_/Y
 _2836_/Y
 _2837_/Y
 _2838_/Y
 _2839_/Y
 _2840_/Y
 _2841_/Y
 _2842_/Y
 _2843_/Y
 _2844_/Y
 _2845_/Y
 _2846_/Y
 _2847_/Y
 _2848_/Y
 _2849_/Y
 _2850_/X
 _2851_/Y
 _2852_/Y
 _2853_/Y
 _2854_/Y
 _2855_/Y
 _2856_/Y
 _2857_/Y
 _2858_/Y
 _2859_/Y
 _2860_/Y
 _2861_/Y
 _2862_/Y
 _2863_/Y
 _2864_/Y
 _2865_/Y
 _2866_/Y
 _2867_/Y
 _2868_/Y
 _2869_/Y
 _2870_/Y
 _2871_/Y
 _2872_/Y
 _2873_/Y
 _2874_/Y
 _2875_/Y
 _2876_/Y
 _2877_/X
 _2878_/Y
 _2879_/X
 _2880_/X
 _2881_/Y
 _2882_/Y
 _2883_/Y
 _2884_/Y
 _2885_/Y
 _2886_/Y
 _2887_/Y
 _2888_/Y
 _2889_/Y
 _2890_/Y
 _2891_/Y
 _2892_/Y
 _2893_/Y
 _2894_/Y
 _2895_/X
 _2896_/Y
 _2897_/X
 _2898_/Y
 _2899_/Y
 _2900_/Y
 _2901_/Y
 _2902_/Y
 _2903_/Y
 _2904_/Y
 _2905_/Y
 _2906_/Y
 _2907_/Y
 _2908_/Y
 _2909_/Y
 _2910_/Y
 _2911_/Y
 _2912_/Y
 _2913_/Y
 _2914_/Y
 _2915_/Y
 _2916_/Y
 _2917_/Y
 _2918_/Y
 _2919_/Y
 _2920_/Y
 _2921_/Y
 _2922_/Y
 _2923_/Y
 _2924_/Y
 _2925_/Y
 _2926_/Y
 _2927_/Y
 _2928_/Y
 _2929_/Y
 _2930_/Y
 _2931_/Y
 _2932_/Y
 _2933_/Y
 _2934_/Y
 _2935_/Y
 _2936_/Y
 _2937_/Y
 _2938_/Y
 _2939_/Y
 _2940_/Y
 _2941_/Y
 _2942_/Y
 _2943_/Y
 _2944_/Y
 _2945_/Y
 _2946_/Y
 _2947_/Y
 _2948_/Y
 _2949_/Y
 _2950_/Y
 _2951_/Y
 _2952_/Y
 _2953_/Y
 _2954_/Y
 _2955_/Y
 _2956_/Y
 _2957_/Y
 _2958_/Y
 _2959_/Y
 _2960_/Y
 _2961_/Y
 _2962_/Y
 _2963_/Y
 _2964_/Y
 _2965_/X
 _2966_/Y
 _2967_/Y
 _2968_/Y
 _2969_/Y
 _2970_/Y
 _2971_/Y
 _2972_/Y
 _2973_/Y
 _2974_/Y
 _2975_/Y
 _2976_/Y
 _2977_/Y
 _2978_/Y
 _2979_/Y
 _2980_/Y
 _2981_/Y
 _2982_/Y
 _2983_/Y
 _2984_/Y
 _2985_/Y
 _2986_/Y
 _2987_/Y
 _2988_/Y
 _2989_/Y
 _2990_/Y
 _2991_/Y
 _2992_/Y
 _2993_/Y
 _2994_/Y
 _2995_/Y
 _2996_/Y
 _2997_/Y
 _2998_/Y
 _2999_/Y
 _3000_/Y
 _3001_/Y
 _3002_/Y
 _3003_/Y
 _3004_/Y
 _3005_/Y
 _3006_/Y
 _3007_/Y
 _3008_/Y
 _3009_/Y
 _3010_/Y
 _3011_/Y
 _3012_/Y
 _3013_/Y
 _3014_/Y
 _3015_/Y
 _3016_/Y
 _3017_/Y
 _3018_/Y
 _3019_/Y
 _3020_/Y
 _3021_/Y
 _3022_/Y
 _3023_/Y
 _3024_/Y
 _3025_/Y
 _3026_/Y
 _3027_/Y
 _3028_/Y
 _3029_/Y
 _3030_/Y
 _3031_/X
 _3032_/Y
 _3033_/Y
 _3034_/Y
 _3035_/Y
 _3036_/Y
 _3037_/Y
 _3038_/Y
 _3039_/Y
 _3040_/Y
 _3041_/Y
 _3042_/Y
 _3043_/Y
 _3044_/Y
 _3045_/X
 _3046_/Y
 _3047_/Y
 _3048_/Y
 _3049_/Y
 _3050_/Y
 _3051_/Y
 _3052_/Y
 _3053_/X
 _3054_/Y
 _3055_/Y
 _3056_/Y
 _3057_/Y
 _3058_/Y
 _3059_/Y
 _3060_/Y
 _3061_/Y
 _3062_/Y
 _3063_/Y
 _3064_/Y
 _3065_/Y
 _3066_/Y
 _3067_/Y
 _3068_/Y
 _3069_/X
 _3070_/Y
 _3071_/Y
 _3072_/Y
 _3073_/Y
 _3074_/Y
 _3075_/Y
 _3076_/Y
 _3077_/Y
 _3078_/Y
 _3079_/Y
 _3080_/Y
 _3081_/Y
 _3082_/Y
 _3083_/Y
 _3084_/Y
 _3085_/Y
 _3086_/Y
 _3087_/Y
 _3088_/Y
 _3089_/Y
 _3090_/Y
 _3091_/Y
 _3092_/Y
 _3093_/Y
 _3094_/Y
 _3095_/Y
 _3096_/Y
 _3097_/Y
 _3098_/Y
 _3099_/Y
 _3100_/Y
 _3101_/Y
 _3102_/Y
 _3103_/Y
 _3104_/Y
 _3105_/Y
 _3106_/Y
 _3107_/Y
 _3108_/Y
 _3109_/X
 _3110_/Y
 _3111_/Y
 _3112_/Y
 _3113_/Y
 _3114_/Y
 _3115_/Y
 _3116_/Y
 _3117_/Y
 _3118_/Y
 _3119_/Y
 _3120_/Y
 _3121_/Y
 _3122_/Y
 _3123_/Y
 _3124_/Y
 _3125_/Y
 _3126_/Y
 _3127_/Y
 _3128_/Y
 _3129_/Y
 _3130_/Y
 _3131_/Y
 _3132_/Y
 _3133_/Y
 _3134_/Y
 _3135_/Y
 _3136_/Y
 _3137_/Y
 _3138_/Y
 _3139_/Y
 _3140_/Y
 _3141_/Y
 _3142_/Y
 _3143_/Y
 _3144_/Y
 _3145_/Y
 _3146_/Y
 _3147_/Y
 _3148_/Y
 _3149_/Y
 _3150_/Y
 _3151_/X
 _3152_/Y
 _3153_/Y
 _3154_/Y
 _3155_/Y
 _3156_/Y
 _3157_/Y
 _3158_/Y
 _3159_/Y
 _3160_/Y
 _3161_/Y
 _3162_/Y
 _3163_/Y
 _3164_/Y
 _3165_/X
 _3166_/Y
 _3167_/Y
 _3168_/Y
 _3169_/Y
 _3170_/X
 _3171_/Y
 _3172_/Y
 _3173_/Y
 _3174_/Y
 _3175_/X
 _3176_/Y
 _3177_/Y
 _3178_/Y
 _3179_/Y
 _3180_/Y
 _3181_/Y
 _3182_/Y
 _3183_/Y
 _3184_/Y
 _3185_/Y
 _3186_/Y
 _3187_/Y
 _3188_/Y
 _3189_/Y
 _3190_/Y
 _3191_/Y
 _3192_/Y
 _3193_/Y
 _3194_/Y
 _3195_/X
 _3196_/Y
 _3197_/Y
 _3198_/Y
 _3199_/Y
 _3200_/Y
 _3201_/Y
 _3202_/Y
 _3203_/Y
 _3204_/Y
 _3205_/Y
 _3206_/Y
 _3207_/Y
 _3208_/Y
 _3209_/Y
 _3210_/Y
 _3211_/Y
 _3212_/Y
 _3213_/Y
 _3214_/Y
 _3215_/Y
 _3216_/Y
 _3217_/Y
 _3218_/Y
 _3219_/Y
 _3220_/Y
 _3221_/Y
 _3222_/Y
 _3223_/Y
 _3224_/Y
 _3225_/Y
 _3226_/Y
 _3227_/Y
 _3228_/Y
 _3229_/Y
 _3230_/Y
 _3231_/Y
 _3232_/Y
 _3233_/Y
 _3234_/Y
 _3235_/Y
 _3236_/Y
 _3237_/Y
 _3238_/Y
 _3239_/Y
 _3240_/Y
 _3241_/Y
 _3242_/Y
 _3243_/Y
 _3244_/Y
 _3245_/Y
 _3246_/Y
 _3247_/Y
 _3248_/Y
 _3249_/Y
 _3250_/Y
 _3251_/Y
 _3252_/Y
 _3253_/Y
 _3254_/Y
 _3255_/Y
 _3256_/Y
 _3257_/Y
 _3258_/Y
 _3259_/Y
 _3260_/Y
 _3261_/Y
 _3262_/Y
 _3263_/Y
 _3264_/Y
 _3265_/Y
 _3266_/Y
 _3267_/Y
 _3268_/X
 _3269_/X
 _3270_/Y
 _3271_/Y
 _3272_/Y
 _3273_/Y
 _3274_/Y
 _3275_/Y
 _3276_/Y
 _3277_/Y
 _3278_/Y
 _3279_/Y
 _3280_/Y
 _3281_/X
 _3282_/X
 _3283_/Y
 _3284_/Y
 _3285_/Y
 _3286_/Y
 _3287_/Y
 _3288_/Y
 _3289_/Y
 _3290_/Y
 _3291_/Y
 _3292_/Y
 _3293_/Y
 _3294_/Y
 _3295_/Y
 _3296_/Y
 _3297_/Y
 _3298_/Y
 _3299_/Y
 _3300_/Y
 _3301_/Y
 _3302_/Y
 _3303_/Y
 _3304_/Y
 _3305_/Y
 _3306_/X
 _3307_/Y
 _3308_/Y
 _3309_/Y
 _3310_/Y
 _3311_/Y
 _3312_/Y
 _3313_/Y
 _3314_/Y
 _3315_/Y
 _3316_/Y
 _3317_/Y
 _3318_/X
 _3319_/Y
 _3320_/Y
 _3321_/Y
 _3322_/Y
 _3323_/Y
 _3324_/Y
 _3325_/Y
 _3326_/Y
 _3327_/Y
 _3328_/Y
 _3329_/Y
 _3330_/Y
 _3331_/Y
 _3332_/Y
 _3333_/Y
 _3334_/Y
 _3335_/Y
 _3336_/Y
 _3337_/Y
 _3338_/Y
 _3339_/Y
 _3340_/Y
 _3341_/Y
 _3342_/Y
 _3343_/Y
 _3344_/Y
 _3345_/Y
 _3346_/Y
 _3347_/Y
 _3348_/Y
 _3349_/Y
 _3350_/Y
 _3351_/Y
 _3352_/Y
 _3353_/Y
 _3354_/Y
 _3355_/Y
 _3356_/Y
 _3357_/Y
 _3358_/Y
 _3359_/Y
 _3360_/Y
 _3361_/Y
 _3362_/Y
 _3363_/Y
 _3364_/Y
 _3365_/Y
 _3366_/Y
 _3367_/Y
 _3368_/Y
 _3369_/Y
 _3370_/Y
 _3371_/Y
 _3372_/Y
 _3373_/Y
 _3374_/Y
 _3375_/Y
 _3376_/Y
 _3377_/Y
 _3378_/Y
 _3379_/Y
 _3380_/Y
 _3381_/Y
 _3382_/Y
 _3383_/Y
 _3384_/Y
 _3385_/Y
 _3386_/Y
 _3387_/Y
 _3388_/Y
 _3389_/Y
 _3390_/Y
 _3391_/Y
 _3392_/Y
 _3393_/Y
 _3394_/Y
 _3395_/Y
 _3396_/Y
 _3397_/X
 _3398_/X
 _3399_/Y
 _3400_/Y
 _3401_/Y
 _3402_/Y
 _3403_/Y
 _3404_/Y
 _3405_/Y
 _3406_/Y
 _3407_/Y
 _3408_/Y
 _3409_/Y
 _3410_/Y
 _3411_/Y
 _3412_/X
 _3413_/Y
 _3414_/Y
 _3415_/Y
 _3416_/Y
 _3417_/Y
 _3418_/Y
 _3419_/Y
 _3420_/X
 _3421_/Y
 _3422_/Y
 _3423_/Y
 _3424_/Y
 _3425_/Y
 _3426_/Y
 _3427_/Y
 _3428_/Y
 _3429_/Y
 _3430_/Y
 _3431_/Y
 _3432_/Y
 _3433_/X
 _3434_/Y
 _3435_/Y
 _3436_/Y
 _3437_/Y
 _3438_/Y
 _3439_/Y
 _3440_/Y
 _3441_/Y
 _3442_/Y
 _3443_/Y
 _3444_/Y
 _3445_/Y
 _3446_/Y
 _3447_/Y
 _3448_/Y
 _3449_/Y
 _3450_/Y
 _3451_/Y
 _3452_/Y
 _3453_/Y
 _3454_/Y
 _3455_/Y
 _3456_/Y
 _3457_/Y
 _3458_/Y
 _3459_/Y
 _3460_/Y
 _3461_/Y
 _3462_/Y
 _3463_/Y
 _3464_/Y
 _3465_/Y
 _3466_/Y
 _3467_/Y
 _3468_/Y
 _3469_/Y
 _3470_/Y
 _3471_/Y
 _3472_/Y
 _3473_/Y
 _3474_/Y
 _3475_/Y
 _3476_/Y
 _3477_/Y
 _3478_/Y
 _3479_/Y
 _3480_/Y
 _3481_/Y
 _3482_/Y
 _3483_/Y
 _3484_/Y
 _3485_/Y
 _3486_/Y
 _3487_/Y
 _3488_/Y
 _3489_/Y
 _3490_/Y
 _3491_/Y
 _3492_/Y
 _3493_/Y
 _3494_/Y
 _3495_/Y
 _3496_/Y
 _3497_/Y
 _3498_/Y
 _3499_/Y
 _3500_/Y
 _3501_/Y
 _3502_/Y
 _3503_/Y
 _3504_/Y
 _3505_/Y
 _3506_/Y
 _3507_/Y
 _3508_/Y
 _3509_/Y
 _3510_/Y
 _3511_/X
 _3512_/Y
 _3513_/Y
 _3514_/Y
 _3515_/Y
 _3516_/Y
 _3517_/Y
 _3518_/Y
 _3519_/Y
 _3520_/Y
 _3521_/Y
 _3522_/Y
 _3523_/Y
 _3524_/Y
 _3525_/Y
 _3526_/Y
 _3527_/Y
 _3528_/Y
 _3529_/Y
 _3530_/Y
 _3531_/Y
 _3532_/Y
 _3533_/Y
 _3534_/Y
 _3535_/Y
 _3536_/Y
 _3537_/Y
 _3538_/Y
 _3539_/Y
 _3540_/Y
 _3541_/Y
 _3542_/X
 _3543_/X
 _3544_/X
 _3545_/Y
 _3546_/Y
 _3547_/Y
 _3548_/Y
 _3549_/Y
 _3550_/Y
 _3551_/Y
 _3552_/Y
 _3553_/Y
 _3554_/Y
 _3555_/Y
 _3556_/Y
 _3557_/Y
 _3558_/X
 _3559_/Y
 _3560_/Y
 _3561_/Y
 _3562_/Y
 _3563_/Y
 _3564_/Y
 _3565_/Y
 _3566_/Y
 _3567_/Y
 _3568_/Y
 _3569_/Y
 _3570_/Y
 _3571_/Y
 _3572_/Y
 _3573_/Y
 _3574_/Y
 _3575_/Y
 _3576_/Y
 _3577_/Y
 _3578_/Y
 _3579_/Y
 _3580_/Y
 _3581_/Y
 _3582_/Y
 _3583_/Y
 _3584_/Y
 _3585_/Y
 _3586_/Y
 _3587_/Y
 _3588_/Y
 _3589_/Y
 _3590_/Y
 _3591_/Y
 _3592_/Y
 _3593_/Y
 _3594_/Y
 _3595_/Y
 _3596_/Y
 _3597_/Y
 _3598_/Y
 _3599_/Y
 _3600_/Y
 _3601_/Y
 _3602_/Y
 _3603_/Y
 _3604_/Y
 _3605_/Y
 _3606_/Y
 _3607_/Y
 _3608_/Y
 _3609_/Y
 _3610_/Y
 _3611_/Y
 _3612_/Y
 _3613_/Y
 _3614_/Y
 _3615_/Y
 _3616_/Y
 _3617_/Y
 _3618_/X
 _3619_/Y
 _3620_/Y
 _3621_/Y
 _3622_/Y
 _3623_/Y
 _3624_/Y
 _3625_/Y
 _3626_/Y
 _3627_/X
 _3628_/Y
 _3629_/Y
 _3630_/Y
 _3631_/Y
 _3632_/Y
 _3633_/Y
 _3634_/Y
 _3635_/Y
 _3636_/Y
 _3637_/Y
 _3638_/Y
 _3639_/Y
 _3640_/Y
 _3641_/Y
 _3642_/Y
 _3643_/Y
 _3644_/Y
 _3645_/Y
 _3646_/Y
 _3647_/Y
 _3648_/Y
 _3649_/Y
 _3650_/Y
 _3651_/Y
 _3652_/Y
 _3653_/Y
 _3654_/Y
 _3655_/Y
 _3656_/Y
 _3657_/Y
 _3658_/Y
 _3659_/Y
 _3660_/Y
 _3661_/Y
 _3662_/Y
 _3663_/Y
 _3664_/Y
 _3665_/Y
 _3666_/Y
 _3667_/Y
 _3668_/Y
 _3669_/Y
 _3670_/Y
 _3671_/X
 _3672_/Y
 _3673_/Y
 _3674_/Y
 _3675_/Y
 _3676_/Y
 _3677_/Y
 _3678_/Y
 _3679_/Y
 _3680_/Y
 _3681_/Y
 _3682_/Y
 _3683_/Y
 _3684_/Y
 _3685_/Y
 _3686_/Y
 _3687_/Y
 _3688_/Y
 _3689_/Y
 _3690_/Y
 _3691_/Y
 _3692_/Y
 _3693_/Y
 _3694_/Y
 _3695_/X
 _3696_/Y
 _3697_/Y
 _3698_/Y
 _3699_/Y
 _3700_/Y
 _3701_/Y
 _3702_/Y
 _3703_/Y
 _3704_/X
 _3705_/Y
 _3706_/Y
 _3707_/Y
 _3708_/Y
 _3709_/Y
 _3710_/Y
 _3711_/Y
 _3712_/Y
 _3713_/Y
 _3714_/Y
 _3715_/Y
 _3716_/Y
 _3717_/Y
 _3718_/Y
 _3719_/Y
 _3720_/Y
 _3721_/Y
 _3722_/Y
 _3723_/Y
 _3724_/Y
 _3725_/Y
 _3726_/Y
 _3727_/Y
 _3728_/Y
 _3729_/Y
 _3730_/Y
 _3731_/Y
 _3732_/Y
 _3733_/Y
 _3734_/Y
 _3735_/Y
 _3736_/Y
 _3737_/Y
 _3738_/Y
 _3739_/Y
 _3740_/Y
 _3741_/Y
 _3742_/Y
 _3743_/Y
 _3744_/Y
 _3745_/Y
 _3746_/Y
 _3747_/Y
 _3748_/Y
 _3749_/Y
 _3750_/Y
 _3751_/Y
 _3752_/X
 _3753_/Y
 _3754_/Y
 _3755_/Y
 _3756_/Y
 _3757_/Y
 _3758_/Y
 _3759_/Y
 _3760_/Y
 _3761_/Y
 _3762_/Y
 _3763_/Y
 _3764_/Y
 _3765_/Y
 _3766_/Y
 _3767_/Y
 _3768_/Y
 _3769_/Y
 _3770_/Y
 _3771_/Y
 _3772_/Y
 _3773_/Y
 _3774_/Y
 _3775_/Y
 _3776_/Y
 _3777_/Y
 _3778_/Y
 _3779_/Y
 _3780_/Y
 _3781_/Y
 _3782_/Y
 _3783_/Y
 _3784_/Y
 _3785_/Y
 _3786_/Y
 _3787_/Y
 _3788_/Y
 _3789_/Y
 _3790_/Y
 _3791_/Y
 _3792_/Y
 _3793_/Y
 _3794_/Y
 _3795_/Y
 _3796_/Y
 _3797_/Y
 _3798_/Y
 _3799_/Y
 _3800_/Y
 _3801_/Y
 _3802_/Y
 _3803_/Y
 _3804_/Y
 _3805_/Y
 _3806_/Y
 _3807_/Y
 _3808_/Y
 _3809_/Y
 _3810_/Y
 _3811_/Y
 _3812_/Y
 _3813_/Y
 _3814_/Y
 _3815_/Y
 _3816_/Y
 _3817_/Y
 _3818_/Y
 _3819_/Y
 _3820_/Y
 _3821_/Y
 _3822_/Y
 _3823_/Y
 _3824_/Y
 _3825_/Y
 _3826_/Y
 _3827_/Y
 _3828_/Y
 _3829_/Y
 _3830_/Y
 _3831_/Y
 _3832_/Y
 _3833_/Y
 _3834_/Y
 _3835_/Y
 _3836_/Y
 _3837_/Y
 _3838_/Y
 _3839_/Y
 _3840_/Y
 _3841_/Y
 _3842_/Y
 _3843_/Y
 _3844_/Y
 _3845_/Y
 _3846_/Y
 _3847_/Y
 _3848_/Y
 _3849_/Y
 _3850_/Y
 _3851_/Y
 _3852_/Y
 _3853_/Y
 _3854_/Y
 _3855_/Y
 _3856_/Y
 _3857_/Y
 _3858_/Y
 _3859_/Y
 _3860_/Y
 _3861_/Y
 _3862_/Y
 _3863_/Y
 _3864_/Y
 _3865_/Y
 _3866_/Y
 _3867_/Y
 _3868_/Y
 _3869_/Y
 _3870_/Y
 _3871_/Y
 _3872_/Y
 _3873_/Y
 _3874_/Y
 _3875_/Y
 _3876_/Y
 _3877_/Y
 _3878_/Y
 _3879_/Y
 _3880_/Y
 _3881_/Y
 _3882_/Y
 _3883_/Y
 _3884_/Y
 _3885_/Y
 _3886_/Y
 _3887_/Y
 _3888_/Y
 _3889_/Y
 _3890_/Y
 _3891_/Y
 _3892_/Y
 _3893_/Y
 _3894_/Y
 _3895_/Y
 _3896_/Y
 _3897_/Y
 _3898_/Y
 _3899_/Y
 _3900_/Y
 _3901_/Y
 _3902_/Y
 _3903_/Y
 _3904_/Y
 _3905_/Y
 _3906_/Y
 _3907_/Y
 _3908_/Y
 _3909_/Y
 _3910_/Y
 _3911_/Y
 _3912_/Y
 _3913_/Y
 _3914_/Y
 _3915_/Y
 _3916_/Y
 _3917_/Y
 _3918_/Y
 _3919_/Y
 _3920_/Y
 _3921_/Y
 _3922_/Y
 _3923_/Y
 _3924_/Y
 _3925_/Y
 _3926_/Y
 _3927_/Y
 _3928_/Y
 _3929_/Y
 _3930_/Y
 _3931_/Y
 _3932_/Y
 _3933_/Y
 _3934_/Y
 _3935_/Y
 _3936_/Y
 _3937_/Y
 _3938_/Y
 _3939_/Y
 _3940_/Y
 _3941_/Y
 _3942_/Y
 _3943_/Y
 _3944_/Y
 _3945_/Y
 _3946_/Y
 _3947_/Y
 _3948_/Y
 _3949_/Y
 _3950_/Y
 _3951_/Y
 _3952_/Y
 _3953_/Y
 _3954_/Y
 _3955_/Y
 _3956_/Y
 _3957_/Y
 _3958_/Y
 _3959_/Y
 _3960_/Y
 _3961_/Y
 _3962_/Y
 _3963_/Y
 _3964_/Y
 _3965_/Y
 _3966_/Y
 _3967_/Y
 _3968_/Y
 _3969_/Y
 _3970_/Y
 _3971_/Y
 _3972_/Y
 _3973_/Y
 _3974_/Y
 _3975_/Y
 _3976_/Y
 _3977_/Y
 _3978_/Y
 _3979_/Y
 _3980_/Y
 _3981_/Y
 _3982_/Y
 _3983_/Y
 _3984_/Y
 _3985_/Y
 _3986_/Y
 _3987_/Y
 _3988_/Y
 _3989_/Y
 _3990_/Y
 _3991_/Y
 _3992_/Y
 _3993_/Y
 _3994_/Y
 _3995_/Y
 _3996_/Y
 _3997_/Y
 _3998_/Y
 _3999_/Y
 _4000_/Y
 _4001_/Y
 _4002_/Y
 _4003_/Y
 _4004_/Y
 _4005_/Y
 _4006_/Y
 _4007_/Y
 _4008_/Y
 _4009_/Y
 _4010_/Y
 _4011_/Y
 _4012_/Y
 _4013_/Y
 _4014_/Y
 _4015_/Y
 _4016_/Y
 _4017_/Y
 _4018_/Y
 _4019_/Y
 _4020_/X
 _4021_/Y
 _4022_/Y
 _4023_/Y
 _4024_/Y
 _4025_/Y
 _4026_/Y
 _4027_/Y
 _4028_/Y
 _4029_/Y
 _4030_/Y
 _4031_/Y
 _4032_/Y
 _4033_/Y
 _4034_/Y
 _4035_/Y
 _4036_/Y
 _4037_/Y
 _4038_/Y
 _4039_/Y
 _4040_/Y
 _4041_/Y
 _4042_/Y
 _4043_/Y
 _4044_/Y
 _4045_/Y
 _4046_/Y
 _4047_/Y
 _4048_/Y
 _4049_/Y
 _4050_/Y
 _4051_/Y
 _4052_/Y
 _4053_/Y
 _4054_/Y
 _4055_/Y
 _4056_/Y
 _4057_/Y
 _4058_/Y
 _4059_/Y
 _4060_/Y
 _4061_/Y
 _4062_/Y
 _4063_/Y
 _4064_/Y
 _4065_/Y
 _4066_/Y
 _4067_/Y
 _4068_/Y
 _4069_/Y
 _4070_/Y
 _4071_/Y
 _4072_/Y
 _4073_/Y
 _4074_/Y
 _4075_/Y
 _4076_/Y
 _4077_/Y
 _4078_/Y
 _4079_/Y
 _4080_/Y
 _4081_/Y
 _4082_/Y
 _4083_/Y
 _4084_/Y
 _4085_/Y
 _4086_/Y
 _4087_/Y
 _4088_/Y
 _4089_/Y
 _4090_/Y
 _4091_/Y
 _4092_/Y
 _4093_/Y
 _4094_/Y
 _4095_/Y
 _4096_/Y
 _4097_/Y
 _4098_/Y
 _4099_/Y
 _4100_/Y
 _4101_/Y
 _4102_/Y
 _4103_/Y
 _4104_/Y
 _4105_/Y
 _4106_/Y
 _4107_/Y
 _4108_/Y
 _4109_/Y
 _4110_/Y
 _4111_/Y
 _4112_/Y
 _4113_/Y
 _4114_/Y
 _4115_/Y
 _4116_/Y
 _4117_/Y
 _4118_/Y
 _4119_/Y
 _4120_/Y
 _4121_/Y
 _4122_/Y
 _4123_/Y
 _4124_/Y
 _4125_/Y
 _4126_/Y
 _4127_/Y
 _4128_/Y
 _4129_/Y
 _4130_/Y
 _4131_/Y
 _4132_/Y
 _4133_/Y
 _4134_/Y
 _4135_/Y
 _4136_/Y
 _4137_/Y
 _4138_/Y
 _4139_/Y
 _4140_/Y
 _4141_/Y
 _4142_/Y
 _4143_/Y
 _4144_/Y
 _4145_/Y
 _4146_/Y
 _4147_/Y
 _4148_/Y
 _4149_/Y
 _4150_/Y
 _4151_/Y
 _4152_/Y
 _4153_/Y
 _4154_/Y
 _4155_/Y
 _4156_/Y
 _4157_/Y
 _4158_/Y
 _4159_/Y
 _4160_/Y
 _4161_/Y
 _4162_/Y
 _4163_/Y
 _4164_/Y
 _4165_/Y
 _4166_/Y
 _4167_/Y
 _4168_/Y
 _4169_/Y
 _4170_/Y
 _4171_/Y
 _4172_/Y
 _4173_/Y
 _4174_/Y
 _4175_/Y
 _4176_/Y
 _4177_/Y
 _4178_/Y
 _4179_/Y
 _4180_/Y
 _4181_/Y
 _4182_/Y
 _4183_/Y
 _4184_/Y
 _4185_/Y
 _4186_/Y
 _4187_/Y
 _4188_/Y
 _4189_/Y
 _4190_/Y
 _4191_/Y
 _4192_/Y
 _4193_/Y
 _4194_/Y
 _4195_/Y
 _4196_/Y
 _4197_/Y
 _4198_/Y
 _4199_/Y
 _4200_/Y
 _4201_/Y
 _4202_/Y
 _4203_/Y
 _4204_/Y
 _4205_/Y
 _4206_/Y
 _4207_/Y
 _4208_/Y
 _4209_/Y
 _4210_/Y
 _4211_/Y
 _4212_/Y
 _4213_/Y
 _4214_/Y
 _4215_/Y
 _4216_/Y
 _4217_/X
 _4218_/Y
 _4219_/Y
 _4220_/Y
 _4221_/Y
 _4222_/Y
 _4223_/Y
 _4224_/Y
 _4225_/Y
 _4226_/Y
 _4227_/Y
 _4228_/Y
 _4229_/Y
 _4230_/Y
 _4231_/Y
 _4232_/Y
 _4233_/Y
 _4234_/Y
 _4235_/Y
 _4236_/Y
 _4237_/Y
 _4238_/Y
 _4239_/Y
 _4240_/Y
 _4241_/Y
 _4242_/Y
 _4243_/Y
 _4244_/Y
 _4245_/Y
 _4246_/Y
 _4247_/Y
 _4248_/Y
 _4249_/Y
 _4250_/Y
 _4251_/Y
 _4252_/Y
 _4253_/Y
 _4254_/Y
 _4255_/Y
 _4256_/Y
 _4257_/Y
 _4258_/Y
 _4259_/Y
 _4260_/Y
 _4261_/Y
 _4262_/Y
 _4263_/Y
 _4264_/Y
 _4265_/Y
 _4266_/Y
 _4267_/Y
 _4268_/Y
 _4269_/Y
 _4270_/Y
 _4271_/Y
 _4272_/Y
 _4273_/Y
 _4274_/Y
 _4275_/Y
 _4276_/Y
 _4277_/Y
 _4278_/Y
 _4279_/Y
 _4280_/Y
 _4281_/Y
 _4282_/Y
 _4283_/Y
 _4284_/Y
 _4285_/Y
 _4286_/Y
 _4287_/Y
 _4288_/Y
 _4289_/Y
 _4290_/Y
 _4291_/Y
 _4292_/Y
 _4293_/Y
 _4294_/Y
 _4295_/Y
 _4296_/Y
 _4297_/Y
 _4298_/Y
 _4299_/Y
 _4300_/X
 _4301_/Y
 _4302_/Y
 _4303_/Y
 _4304_/Y
 _4305_/Y
 _4306_/Y
 _4307_/Y
 _4308_/Y
 _4309_/Y
 _4310_/Y
 _4311_/Y
 _4312_/Y
 _4313_/Y
 _4314_/Y
 _4315_/Y
 _4316_/Y
 _4317_/Y
 _4318_/Y
 _4319_/Y
 _4320_/Y
 _4321_/Y
 _4322_/Y
 _4323_/Y
 _4324_/Y
 _4325_/Y
 _4326_/Y
 _4327_/Y
 _4328_/Y
 _4329_/Y
 _4330_/Y
 _4331_/Y
 _4332_/Y
 _4333_/Y
 _4334_/Y
 _4335_/Y
 _4336_/Y
 _4337_/Y
 _4338_/X
 _4339_/Y
 _4340_/Y
 _4341_/Y
 _4342_/Y
 _4343_/Y
 _4344_/Y
 _4345_/Y
 _4346_/Y
 _4347_/Y
 _4348_/Y
 _4349_/Y
 _4350_/Y
 _4351_/Y
 _4352_/Y
 _4353_/Y
 _4354_/Y
 _4355_/Y
 _4356_/Y
 _4357_/Y
 _4358_/Y
 _4359_/Y
 _4360_/Y
 _4361_/Y
 _4362_/Y
 _4363_/Y
 _4364_/Y
 _4365_/Y
 _4366_/Y
 _4367_/Y
 _4368_/Y
 _4369_/Y
 _4370_/Y
 _4371_/Y
 _4372_/X
Found 0 partially unannotated drivers.

===========================================================================
max slew violation count 0
max fanout violation count 0
max cap violation count 0
============================================================================

===========================================================================
check_setup -verbose -unconstrained_endpoints -multiple_clock -no_clock -no_input_delay -loops -generated_clocks
===========================================================================
checks_report_end
power_report

===========================================================================
 report_power
============================================================================
======================= Typical Corner ===================================

Group                  Internal  Switching    Leakage      Total
                          Power      Power      Power      Power (Watts)
----------------------------------------------------------------
Sequential             0.00e+00   0.00e+00   0.00e+00   0.00e+00   0.0%
Combinational          1.49e-04   1.51e-04   5.23e-07   3.00e-04 100.0%
Macro                  0.00e+00   0.00e+00   0.00e+00   0.00e+00   0.0%
Pad                    0.00e+00   0.00e+00   0.00e+00   0.00e+00   0.0%
----------------------------------------------------------------
Total                  1.49e-04   1.51e-04   5.23e-07   3.00e-04 100.0%
                          49.6%      50.2%       0.2%

power_report_end
skew_report

===========================================================================
report_clock_skew
============================================================================
Clock clk
No launch/capture paths found.

skew_report_end
summary_report

===========================================================================
report_tns
============================================================================
tns 0.00

===========================================================================
report_wns
============================================================================
wns 0.00

===========================================================================
report_worst_slack -max (Setup)
============================================================================
worst slack 7.61

===========================================================================
report_worst_slack -min (Hold)
============================================================================
worst slack 8.17
summary_report_end
area_report

===========================================================================
report_design_area
============================================================================
Design area 10879 u^2 42% utilization.
area_report_end
[WARNING] Did not save OpenROAD database!
Writing SDF to '/openlane/designs/RiscvALU/runs/RUN_2026.09.20_19.53.10/results/signoff/ALU.sdf'…
