OpenSTA 2.4.0 41a51eaf4c Copyright (c) 2021, Parallax Software, Inc.
License GPLv3: GNU GPL version 3 <http://gnu.org/licenses/gpl.html>

This is free software, and you are free to change and redistribute it
under certain conditions; type `show_copying' for details. 
This program comes with ABSOLUTELY NO WARRANTY; for details type `show_warranty'.
define_corners Slowest Typical Fastest
read_liberty -corner Slowest /home/onur/.ciel/ciel/sky130/versions/0fe599b2afb6708d281543108caf8310912f54af/sky130A/libs.ref/sky130_fd_sc_hd/lib/MySCL_M_ss.lib
read_liberty -corner Typical /home/onur/.ciel/ciel/sky130/versions/0fe599b2afb6708d281543108caf8310912f54af/sky130A/libs.ref/sky130_fd_sc_hd/lib/MySCL_M_tt.lib
read_liberty -corner Fastest /home/onur/.ciel/ciel/sky130/versions/0fe599b2afb6708d281543108caf8310912f54af/sky130A/libs.ref/sky130_fd_sc_hd/lib/MySCL_M_ff.lib
Using 1e-12 for capacitance...
Using 1e+03 for resistance...
Using 1e-09 for time...
Using 1e+00 for voltage...
Using 1e-03 for current...
Using 1e-09 for power...
Using 1e-06 for distance...
Reading netlist '/openlane/designs/4bit/runs/RUN_2026.09.22_13.10.46/results/routing/counter4s.nl.v'…
Warning: /openlane/designs/4bit/runs/RUN_2026.09.22_13.10.46/results/routing/counter4s.nl.v line 163, module sky130_fd_sc_hd__tapvpwrvgnd_1 not found. Creating black box for TAP_78.
Warning: /openlane/designs/4bit/runs/RUN_2026.09.22_13.10.46/results/routing/counter4s.nl.v line 304, module sky130_ef_sc_hd__decap_12 not found. Creating black box for FILLER_0_0_9.
Warning: /openlane/designs/4bit/runs/RUN_2026.09.22_13.10.46/results/routing/counter4s.nl.v line 306, module sky130_fd_sc_hd__fill_1 not found. Creating black box for FILLER_0_0_27.
Warning: /openlane/designs/4bit/runs/RUN_2026.09.22_13.10.46/results/routing/counter4s.nl.v line 317, module sky130_fd_sc_hd__fill_2 not found. Creating black box for FILLER_0_0_125.
Reading design constraints file at '/openlane/designs/4bit/runs/RUN_2026.09.22_13.10.46/tmp/17-counter4s.sdc'…
min_report

===========================================================================
report_checks -path_delay min (Hold)
============================================================================
======================= Fastest Corner ===================================

Startpoint: f1 (rising edge-triggered flip-flop clocked by clk)
Endpoint: f1 (rising edge-triggered flip-flop clocked by clk)
Path Group: clk
Path Type: min
Corner: Fastest

Fanout     Cap    Slew   Delay    Time   Description
-----------------------------------------------------------------------------
                          0.00    0.00   clock clk (rise edge)
                          0.00    0.00   clock source latency
                  0.06    0.04    0.04 ^ clk (in)
     1    0.02                           clk (net)
                  0.06    0.00    0.04 ^ clkbuf_0_clk/A (sky130_fd_sc_hd__clkbuf_16)
                  0.03    0.09    0.12 ^ clkbuf_0_clk/X (sky130_fd_sc_hd__clkbuf_16)
     2    0.02                           clknet_0_clk (net)
                  0.03    0.00    0.12 ^ clkbuf_1_0__f_clk/A (sky130_fd_sc_hd__clkbuf_16)
                  0.02    0.07    0.20 ^ clkbuf_1_0__f_clk/X (sky130_fd_sc_hd__clkbuf_16)
     2    0.01                           clknet_1_0__leaf_clk (net)
                  0.02    0.00    0.20 ^ f1/CLK (D_FF_pe)
                  0.06    0.29    0.49 v f1/Q (D_FF_pe)
     3    0.01                           net4 (net)
                  0.06    0.00    0.49 v x1/A (Xnor)
                  0.08    0.09    0.58 ^ x1/Y (Xnor)
     1    0.00                           xo[1] (net)
                  0.08    0.00    0.58 ^ r1/A (Nor_gate)
                  0.02    0.04    0.62 v r1/Y (Nor_gate)
     1    0.00                           d[1] (net)
                  0.02    0.00    0.62 v f1/D (D_FF_pe)
                                  0.62   data arrival time

                          0.00    0.00   clock clk (rise edge)
                          0.00    0.00   clock source latency
                  0.06    0.04    0.04 ^ clk (in)
     1    0.02                           clk (net)
                  0.06    0.00    0.04 ^ clkbuf_0_clk/A (sky130_fd_sc_hd__clkbuf_16)
                  0.03    0.10    0.14 ^ clkbuf_0_clk/X (sky130_fd_sc_hd__clkbuf_16)
     2    0.02                           clknet_0_clk (net)
                  0.03    0.00    0.14 ^ clkbuf_1_0__f_clk/A (sky130_fd_sc_hd__clkbuf_16)
                  0.02    0.08    0.22 ^ clkbuf_1_0__f_clk/X (sky130_fd_sc_hd__clkbuf_16)
     2    0.01                           clknet_1_0__leaf_clk (net)
                  0.02    0.00    0.22 ^ f1/CLK (D_FF_pe)
                          0.25    0.47   clock uncertainty
                         -0.02    0.45   clock reconvergence pessimism
                          0.01    0.46   library hold time
                                  0.46   data required time
-----------------------------------------------------------------------------
                                  0.46   data required time
                                 -0.62   data arrival time
-----------------------------------------------------------------------------
                                  0.16   slack (MET)


Startpoint: f0 (rising edge-triggered flip-flop clocked by clk)
Endpoint: f0 (rising edge-triggered flip-flop clocked by clk)
Path Group: clk
Path Type: min
Corner: Fastest

Fanout     Cap    Slew   Delay    Time   Description
-----------------------------------------------------------------------------
                          0.00    0.00   clock clk (rise edge)
                          0.00    0.00   clock source latency
                  0.06    0.04    0.04 ^ clk (in)
     1    0.02                           clk (net)
                  0.06    0.00    0.04 ^ clkbuf_0_clk/A (sky130_fd_sc_hd__clkbuf_16)
                  0.03    0.09    0.12 ^ clkbuf_0_clk/X (sky130_fd_sc_hd__clkbuf_16)
     2    0.02                           clknet_0_clk (net)
                  0.03    0.00    0.12 ^ clkbuf_1_1__f_clk/A (sky130_fd_sc_hd__clkbuf_16)
                  0.02    0.07    0.20 ^ clkbuf_1_1__f_clk/X (sky130_fd_sc_hd__clkbuf_16)
     2    0.01                           clknet_1_1__leaf_clk (net)
                  0.02    0.00    0.20 ^ f0/CLK (D_FF_pe)
                  0.06    0.29    0.49 v f0/Q (D_FF_pe)
     3    0.01                           net3 (net)
                  0.06    0.00    0.49 v x0/A (Xnor)
                  0.09    0.09    0.58 ^ x0/Y (Xnor)
     1    0.00                           xo[0] (net)
                  0.09    0.00    0.58 ^ r0/A (Nor_gate)
                  0.02    0.04    0.62 v r0/Y (Nor_gate)
     1    0.00                           d[0] (net)
                  0.02    0.00    0.62 v f0/D (D_FF_pe)
                                  0.62   data arrival time

                          0.00    0.00   clock clk (rise edge)
                          0.00    0.00   clock source latency
                  0.06    0.04    0.04 ^ clk (in)
     1    0.02                           clk (net)
                  0.06    0.00    0.04 ^ clkbuf_0_clk/A (sky130_fd_sc_hd__clkbuf_16)
                  0.03    0.10    0.14 ^ clkbuf_0_clk/X (sky130_fd_sc_hd__clkbuf_16)
     2    0.02                           clknet_0_clk (net)
                  0.03    0.00    0.14 ^ clkbuf_1_1__f_clk/A (sky130_fd_sc_hd__clkbuf_16)
                  0.02    0.08    0.22 ^ clkbuf_1_1__f_clk/X (sky130_fd_sc_hd__clkbuf_16)
     2    0.01                           clknet_1_1__leaf_clk (net)
                  0.02    0.00    0.22 ^ f0/CLK (D_FF_pe)
                          0.25    0.47   clock uncertainty
                         -0.02    0.45   clock reconvergence pessimism
                          0.01    0.46   library hold time
                                  0.46   data required time
-----------------------------------------------------------------------------
                                  0.46   data required time
                                 -0.62   data arrival time
-----------------------------------------------------------------------------
                                  0.16   slack (MET)


Startpoint: f3 (rising edge-triggered flip-flop clocked by clk)
Endpoint: f3 (rising edge-triggered flip-flop clocked by clk)
Path Group: clk
Path Type: min
Corner: Fastest

Fanout     Cap    Slew   Delay    Time   Description
-----------------------------------------------------------------------------
                          0.00    0.00   clock clk (rise edge)
                          0.00    0.00   clock source latency
                  0.06    0.04    0.04 ^ clk (in)
     1    0.02                           clk (net)
                  0.06    0.00    0.04 ^ clkbuf_0_clk/A (sky130_fd_sc_hd__clkbuf_16)
                  0.03    0.09    0.12 ^ clkbuf_0_clk/X (sky130_fd_sc_hd__clkbuf_16)
     2    0.02                           clknet_0_clk (net)
                  0.03    0.00    0.12 ^ clkbuf_1_1__f_clk/A (sky130_fd_sc_hd__clkbuf_16)
                  0.02    0.07    0.20 ^ clkbuf_1_1__f_clk/X (sky130_fd_sc_hd__clkbuf_16)
     2    0.01                           clknet_1_1__leaf_clk (net)
                  0.02    0.00    0.20 ^ f3/CLK (D_FF_pe)
                  0.07    0.30    0.49 v f3/Q (D_FF_pe)
     2    0.02                           net6 (net)
                  0.07    0.00    0.49 v x3/A (Xnor)
                  0.09    0.09    0.59 ^ x3/Y (Xnor)
     1    0.00                           xo[3] (net)
                  0.09    0.00    0.59 ^ r3/A (Nor_gate)
                  0.02    0.04    0.63 v r3/Y (Nor_gate)
     1    0.00                           d[3] (net)
                  0.02    0.00    0.63 v f3/D (D_FF_pe)
                                  0.63   data arrival time

                          0.00    0.00   clock clk (rise edge)
                          0.00    0.00   clock source latency
                  0.06    0.04    0.04 ^ clk (in)
     1    0.02                           clk (net)
                  0.06    0.00    0.04 ^ clkbuf_0_clk/A (sky130_fd_sc_hd__clkbuf_16)
                  0.03    0.10    0.14 ^ clkbuf_0_clk/X (sky130_fd_sc_hd__clkbuf_16)
     2    0.02                           clknet_0_clk (net)
                  0.03    0.00    0.14 ^ clkbuf_1_1__f_clk/A (sky130_fd_sc_hd__clkbuf_16)
                  0.02    0.08    0.22 ^ clkbuf_1_1__f_clk/X (sky130_fd_sc_hd__clkbuf_16)
     2    0.01                           clknet_1_1__leaf_clk (net)
                  0.02    0.00    0.22 ^ f3/CLK (D_FF_pe)
                          0.25    0.47   clock uncertainty
                         -0.02    0.45   clock reconvergence pessimism
                          0.01    0.46   library hold time
                                  0.46   data required time
-----------------------------------------------------------------------------
                                  0.46   data required time
                                 -0.63   data arrival time
-----------------------------------------------------------------------------
                                  0.17   slack (MET)


Startpoint: f2 (rising edge-triggered flip-flop clocked by clk)
Endpoint: f2 (rising edge-triggered flip-flop clocked by clk)
Path Group: clk
Path Type: min
Corner: Fastest

Fanout     Cap    Slew   Delay    Time   Description
-----------------------------------------------------------------------------
                          0.00    0.00   clock clk (rise edge)
                          0.00    0.00   clock source latency
                  0.06    0.04    0.04 ^ clk (in)
     1    0.02                           clk (net)
                  0.06    0.00    0.04 ^ clkbuf_0_clk/A (sky130_fd_sc_hd__clkbuf_16)
                  0.03    0.09    0.12 ^ clkbuf_0_clk/X (sky130_fd_sc_hd__clkbuf_16)
     2    0.02                           clknet_0_clk (net)
                  0.03    0.00    0.12 ^ clkbuf_1_0__f_clk/A (sky130_fd_sc_hd__clkbuf_16)
                  0.02    0.07    0.20 ^ clkbuf_1_0__f_clk/X (sky130_fd_sc_hd__clkbuf_16)
     2    0.01                           clknet_1_0__leaf_clk (net)
                  0.02    0.00    0.20 ^ f2/CLK (D_FF_pe)
                  0.08    0.31    0.50 v f2/Q (D_FF_pe)
     3    0.02                           net5 (net)
                  0.08    0.00    0.50 v x2/A (Xnor)
                  0.08    0.09    0.59 ^ x2/Y (Xnor)
     1    0.00                           xo[2] (net)
                  0.08    0.00    0.59 ^ r2/A (Nor_gate)
                  0.02    0.04    0.63 v r2/Y (Nor_gate)
     1    0.00                           d[2] (net)
                  0.02    0.00    0.63 v f2/D (D_FF_pe)
                                  0.63   data arrival time

                          0.00    0.00   clock clk (rise edge)
                          0.00    0.00   clock source latency
                  0.06    0.04    0.04 ^ clk (in)
     1    0.02                           clk (net)
                  0.06    0.00    0.04 ^ clkbuf_0_clk/A (sky130_fd_sc_hd__clkbuf_16)
                  0.03    0.10    0.14 ^ clkbuf_0_clk/X (sky130_fd_sc_hd__clkbuf_16)
     2    0.02                           clknet_0_clk (net)
                  0.03    0.00    0.14 ^ clkbuf_1_0__f_clk/A (sky130_fd_sc_hd__clkbuf_16)
                  0.02    0.08    0.22 ^ clkbuf_1_0__f_clk/X (sky130_fd_sc_hd__clkbuf_16)
     2    0.01                           clknet_1_0__leaf_clk (net)
                  0.02    0.00    0.22 ^ f2/CLK (D_FF_pe)
                          0.25    0.47   clock uncertainty
                         -0.02    0.45   clock reconvergence pessimism
                          0.01    0.46   library hold time
                                  0.46   data required time
-----------------------------------------------------------------------------
                                  0.46   data required time
                                 -0.63   data arrival time
-----------------------------------------------------------------------------
                                  0.17   slack (MET)


Startpoint: f0 (rising edge-triggered flip-flop clocked by clk)
Endpoint: count[0] (output port clocked by clk)
Path Group: clk
Path Type: min
Corner: Fastest

Fanout     Cap    Slew   Delay    Time   Description
-----------------------------------------------------------------------------
                          0.00    0.00   clock clk (rise edge)
                          0.00    0.00   clock source latency
                  0.06    0.04    0.04 ^ clk (in)
     1    0.02                           clk (net)
                  0.06    0.00    0.04 ^ clkbuf_0_clk/A (sky130_fd_sc_hd__clkbuf_16)
                  0.03    0.09    0.12 ^ clkbuf_0_clk/X (sky130_fd_sc_hd__clkbuf_16)
     2    0.02                           clknet_0_clk (net)
                  0.03    0.00    0.12 ^ clkbuf_1_1__f_clk/A (sky130_fd_sc_hd__clkbuf_16)
                  0.02    0.07    0.20 ^ clkbuf_1_1__f_clk/X (sky130_fd_sc_hd__clkbuf_16)
     2    0.01                           clknet_1_1__leaf_clk (net)
                  0.02    0.00    0.20 ^ f0/CLK (D_FF_pe)
                  0.06    0.29    0.49 v f0/Q (D_FF_pe)
     3    0.01                           net3 (net)
                  0.06    0.00    0.49 v output3/A (sky130_fd_sc_hd__clkbuf_4)
                  0.06    0.13    0.62 v output3/X (sky130_fd_sc_hd__clkbuf_4)
     1    0.03                           count[0] (net)
                  0.06    0.00    0.62 v count[0] (out)
                                  0.62   data arrival time

                          0.00    0.00   clock clk (rise edge)
                          0.00    0.00   clock network delay (propagated)
                          0.25    0.25   clock uncertainty
                          0.00    0.25   clock reconvergence pessimism
                         -2.00   -1.75   output external delay
                                 -1.75   data required time
-----------------------------------------------------------------------------
                                 -1.75   data required time
                                 -0.62   data arrival time
-----------------------------------------------------------------------------
                                  2.37   slack (MET)


Startpoint: f1 (rising edge-triggered flip-flop clocked by clk)
Endpoint: count[1] (output port clocked by clk)
Path Group: clk
Path Type: min
Corner: Fastest

Fanout     Cap    Slew   Delay    Time   Description
-----------------------------------------------------------------------------
                          0.00    0.00   clock clk (rise edge)
                          0.00    0.00   clock source latency
                  0.06    0.04    0.04 ^ clk (in)
     1    0.02                           clk (net)
                  0.06    0.00    0.04 ^ clkbuf_0_clk/A (sky130_fd_sc_hd__clkbuf_16)
                  0.03    0.09    0.12 ^ clkbuf_0_clk/X (sky130_fd_sc_hd__clkbuf_16)
     2    0.02                           clknet_0_clk (net)
                  0.03    0.00    0.12 ^ clkbuf_1_0__f_clk/A (sky130_fd_sc_hd__clkbuf_16)
                  0.02    0.07    0.20 ^ clkbuf_1_0__f_clk/X (sky130_fd_sc_hd__clkbuf_16)
     2    0.01                           clknet_1_0__leaf_clk (net)
                  0.02    0.00    0.20 ^ f1/CLK (D_FF_pe)
                  0.06    0.29    0.49 v f1/Q (D_FF_pe)
     3    0.01                           net4 (net)
                  0.06    0.00    0.49 v output4/A (sky130_fd_sc_hd__clkbuf_4)
                  0.06    0.13    0.62 v output4/X (sky130_fd_sc_hd__clkbuf_4)
     1    0.03                           count[1] (net)
                  0.06    0.00    0.62 v count[1] (out)
                                  0.62   data arrival time

                          0.00    0.00   clock clk (rise edge)
                          0.00    0.00   clock network delay (propagated)
                          0.25    0.25   clock uncertainty
                          0.00    0.25   clock reconvergence pessimism
                         -2.00   -1.75   output external delay
                                 -1.75   data required time
-----------------------------------------------------------------------------
                                 -1.75   data required time
                                 -0.62   data arrival time
-----------------------------------------------------------------------------
                                  2.37   slack (MET)


Startpoint: f3 (rising edge-triggered flip-flop clocked by clk)
Endpoint: count[3] (output port clocked by clk)
Path Group: clk
Path Type: min
Corner: Fastest

Fanout     Cap    Slew   Delay    Time   Description
-----------------------------------------------------------------------------
                          0.00    0.00   clock clk (rise edge)
                          0.00    0.00   clock source latency
                  0.06    0.04    0.04 ^ clk (in)
     1    0.02                           clk (net)
                  0.06    0.00    0.04 ^ clkbuf_0_clk/A (sky130_fd_sc_hd__clkbuf_16)
                  0.03    0.09    0.12 ^ clkbuf_0_clk/X (sky130_fd_sc_hd__clkbuf_16)
     2    0.02                           clknet_0_clk (net)
                  0.03    0.00    0.12 ^ clkbuf_1_1__f_clk/A (sky130_fd_sc_hd__clkbuf_16)
                  0.02    0.07    0.20 ^ clkbuf_1_1__f_clk/X (sky130_fd_sc_hd__clkbuf_16)
     2    0.01                           clknet_1_1__leaf_clk (net)
                  0.02    0.00    0.20 ^ f3/CLK (D_FF_pe)
                  0.07    0.30    0.49 v f3/Q (D_FF_pe)
     2    0.02                           net6 (net)
                  0.07    0.00    0.49 v output6/A (sky130_fd_sc_hd__clkbuf_4)
                  0.06    0.13    0.63 v output6/X (sky130_fd_sc_hd__clkbuf_4)
     1    0.04                           count[3] (net)
                  0.06    0.00    0.63 v count[3] (out)
                                  0.63   data arrival time

                          0.00    0.00   clock clk (rise edge)
                          0.00    0.00   clock network delay (propagated)
                          0.25    0.25   clock uncertainty
                          0.00    0.25   clock reconvergence pessimism
                         -2.00   -1.75   output external delay
                                 -1.75   data required time
-----------------------------------------------------------------------------
                                 -1.75   data required time
                                 -0.63   data arrival time
-----------------------------------------------------------------------------
                                  2.38   slack (MET)


Startpoint: f2 (rising edge-triggered flip-flop clocked by clk)
Endpoint: count[2] (output port clocked by clk)
Path Group: clk
Path Type: min
Corner: Fastest

Fanout     Cap    Slew   Delay    Time   Description
-----------------------------------------------------------------------------
                          0.00    0.00   clock clk (rise edge)
                          0.00    0.00   clock source latency
                  0.06    0.04    0.04 ^ clk (in)
     1    0.02                           clk (net)
                  0.06    0.00    0.04 ^ clkbuf_0_clk/A (sky130_fd_sc_hd__clkbuf_16)
                  0.03    0.09    0.12 ^ clkbuf_0_clk/X (sky130_fd_sc_hd__clkbuf_16)
     2    0.02                           clknet_0_clk (net)
                  0.03    0.00    0.12 ^ clkbuf_1_0__f_clk/A (sky130_fd_sc_hd__clkbuf_16)
                  0.02    0.07    0.20 ^ clkbuf_1_0__f_clk/X (sky130_fd_sc_hd__clkbuf_16)
     2    0.01                           clknet_1_0__leaf_clk (net)
                  0.02    0.00    0.20 ^ f2/CLK (D_FF_pe)
                  0.08    0.31    0.50 v f2/Q (D_FF_pe)
     3    0.02                           net5 (net)
                  0.08    0.00    0.50 v output5/A (sky130_fd_sc_hd__clkbuf_4)
                  0.06    0.14    0.64 v output5/X (sky130_fd_sc_hd__clkbuf_4)
     1    0.03                           count[2] (net)
                  0.06    0.00    0.64 v count[2] (out)
                                  0.64   data arrival time

                          0.00    0.00   clock clk (rise edge)
                          0.00    0.00   clock network delay (propagated)
                          0.25    0.25   clock uncertainty
                          0.00    0.25   clock reconvergence pessimism
                         -2.00   -1.75   output external delay
                                 -1.75   data required time
-----------------------------------------------------------------------------
                                 -1.75   data required time
                                 -0.64   data arrival time
-----------------------------------------------------------------------------
                                  2.39   slack (MET)



======================= Slowest Corner ===================================

Startpoint: f1 (rising edge-triggered flip-flop clocked by clk)
Endpoint: f1 (rising edge-triggered flip-flop clocked by clk)
Path Group: clk
Path Type: min
Corner: Slowest

Fanout     Cap    Slew   Delay    Time   Description
-----------------------------------------------------------------------------
                          0.00    0.00   clock clk (rise edge)
                          0.00    0.00   clock source latency
                  0.12    0.08    0.08 ^ clk (in)
     1    0.02                           clk (net)
                  0.12    0.00    0.08 ^ clkbuf_0_clk/A (sky130_fd_sc_hd__clkbuf_16)
                  0.07    0.23    0.31 ^ clkbuf_0_clk/X (sky130_fd_sc_hd__clkbuf_16)
     2    0.02                           clknet_0_clk (net)
                  0.07    0.00    0.31 ^ clkbuf_1_0__f_clk/A (sky130_fd_sc_hd__clkbuf_16)
                  0.05    0.19    0.50 ^ clkbuf_1_0__f_clk/X (sky130_fd_sc_hd__clkbuf_16)
     2    0.01                           clknet_1_0__leaf_clk (net)
                  0.05    0.00    0.50 ^ f1/CLK (D_FF_pe)
                  0.06    0.30    0.80 v f1/Q (D_FF_pe)
     3    0.01                           net4 (net)
                  0.06    0.00    0.80 v x1/A (Xnor)
                  0.08    0.09    0.89 ^ x1/Y (Xnor)
     1    0.00                           xo[1] (net)
                  0.08    0.00    0.89 ^ r1/A (Nor_gate)
                  0.03    0.04    0.93 v r1/Y (Nor_gate)
     1    0.00                           d[1] (net)
                  0.03    0.00    0.93 v f1/D (D_FF_pe)
                                  0.93   data arrival time

                          0.00    0.00   clock clk (rise edge)
                          0.00    0.00   clock source latency
                  0.12    0.08    0.08 ^ clk (in)
     1    0.02                           clk (net)
                  0.12    0.00    0.08 ^ clkbuf_0_clk/A (sky130_fd_sc_hd__clkbuf_16)
                  0.07    0.26    0.34 ^ clkbuf_0_clk/X (sky130_fd_sc_hd__clkbuf_16)
     2    0.02                           clknet_0_clk (net)
                  0.07    0.00    0.34 ^ clkbuf_1_0__f_clk/A (sky130_fd_sc_hd__clkbuf_16)
                  0.05    0.21    0.55 ^ clkbuf_1_0__f_clk/X (sky130_fd_sc_hd__clkbuf_16)
     2    0.01                           clknet_1_0__leaf_clk (net)
                  0.05    0.00    0.55 ^ f1/CLK (D_FF_pe)
                          0.25    0.80   clock uncertainty
                         -0.05    0.75   clock reconvergence pessimism
                          0.02    0.76   library hold time
                                  0.76   data required time
-----------------------------------------------------------------------------
                                  0.76   data required time
                                 -0.93   data arrival time
-----------------------------------------------------------------------------
                                  0.16   slack (MET)


Startpoint: f0 (rising edge-triggered flip-flop clocked by clk)
Endpoint: f0 (rising edge-triggered flip-flop clocked by clk)
Path Group: clk
Path Type: min
Corner: Slowest

Fanout     Cap    Slew   Delay    Time   Description
-----------------------------------------------------------------------------
                          0.00    0.00   clock clk (rise edge)
                          0.00    0.00   clock source latency
                  0.12    0.08    0.08 ^ clk (in)
     1    0.02                           clk (net)
                  0.12    0.00    0.08 ^ clkbuf_0_clk/A (sky130_fd_sc_hd__clkbuf_16)
                  0.07    0.23    0.31 ^ clkbuf_0_clk/X (sky130_fd_sc_hd__clkbuf_16)
     2    0.02                           clknet_0_clk (net)
                  0.07    0.00    0.31 ^ clkbuf_1_1__f_clk/A (sky130_fd_sc_hd__clkbuf_16)
                  0.05    0.19    0.50 ^ clkbuf_1_1__f_clk/X (sky130_fd_sc_hd__clkbuf_16)
     2    0.01                           clknet_1_1__leaf_clk (net)
                  0.05    0.00    0.50 ^ f0/CLK (D_FF_pe)
                  0.06    0.30    0.80 v f0/Q (D_FF_pe)
     3    0.01                           net3 (net)
                  0.06    0.00    0.80 v x0/A (Xnor)
                  0.10    0.09    0.89 ^ x0/Y (Xnor)
     1    0.00                           xo[0] (net)
                  0.10    0.00    0.89 ^ r0/A (Nor_gate)
                  0.03    0.04    0.93 v r0/Y (Nor_gate)
     1    0.00                           d[0] (net)
                  0.03    0.00    0.93 v f0/D (D_FF_pe)
                                  0.93   data arrival time

                          0.00    0.00   clock clk (rise edge)
                          0.00    0.00   clock source latency
                  0.12    0.08    0.08 ^ clk (in)
     1    0.02                           clk (net)
                  0.12    0.00    0.08 ^ clkbuf_0_clk/A (sky130_fd_sc_hd__clkbuf_16)
                  0.07    0.26    0.34 ^ clkbuf_0_clk/X (sky130_fd_sc_hd__clkbuf_16)
     2    0.02                           clknet_0_clk (net)
                  0.07    0.00    0.34 ^ clkbuf_1_1__f_clk/A (sky130_fd_sc_hd__clkbuf_16)
                  0.05    0.21    0.55 ^ clkbuf_1_1__f_clk/X (sky130_fd_sc_hd__clkbuf_16)
     2    0.01                           clknet_1_1__leaf_clk (net)
                  0.05    0.00    0.55 ^ f0/CLK (D_FF_pe)
                          0.25    0.80   clock uncertainty
                         -0.05    0.75   clock reconvergence pessimism
                          0.02    0.76   library hold time
                                  0.76   data required time
-----------------------------------------------------------------------------
                                  0.76   data required time
                                 -0.93   data arrival time
-----------------------------------------------------------------------------
                                  0.16   slack (MET)


Startpoint: f3 (rising edge-triggered flip-flop clocked by clk)
Endpoint: f3 (rising edge-triggered flip-flop clocked by clk)
Path Group: clk
Path Type: min
Corner: Slowest

Fanout     Cap    Slew   Delay    Time   Description
-----------------------------------------------------------------------------
                          0.00    0.00   clock clk (rise edge)
                          0.00    0.00   clock source latency
                  0.12    0.08    0.08 ^ clk (in)
     1    0.02                           clk (net)
                  0.12    0.00    0.08 ^ clkbuf_0_clk/A (sky130_fd_sc_hd__clkbuf_16)
                  0.07    0.23    0.31 ^ clkbuf_0_clk/X (sky130_fd_sc_hd__clkbuf_16)
     2    0.02                           clknet_0_clk (net)
                  0.07    0.00    0.31 ^ clkbuf_1_1__f_clk/A (sky130_fd_sc_hd__clkbuf_16)
                  0.05    0.19    0.50 ^ clkbuf_1_1__f_clk/X (sky130_fd_sc_hd__clkbuf_16)
     2    0.01                           clknet_1_1__leaf_clk (net)
                  0.05    0.00    0.50 ^ f3/CLK (D_FF_pe)
                  0.07    0.30    0.80 v f3/Q (D_FF_pe)
     2    0.02                           net6 (net)
                  0.07    0.00    0.80 v x3/A (Xnor)
                  0.09    0.09    0.89 ^ x3/Y (Xnor)
     1    0.00                           xo[3] (net)
                  0.09    0.00    0.89 ^ r3/A (Nor_gate)
                  0.03    0.04    0.93 v r3/Y (Nor_gate)
     1    0.00                           d[3] (net)
                  0.03    0.00    0.93 v f3/D (D_FF_pe)
                                  0.93   data arrival time

                          0.00    0.00   clock clk (rise edge)
                          0.00    0.00   clock source latency
                  0.12    0.08    0.08 ^ clk (in)
     1    0.02                           clk (net)
                  0.12    0.00    0.08 ^ clkbuf_0_clk/A (sky130_fd_sc_hd__clkbuf_16)
                  0.07    0.26    0.34 ^ clkbuf_0_clk/X (sky130_fd_sc_hd__clkbuf_16)
     2    0.02                           clknet_0_clk (net)
                  0.07    0.00    0.34 ^ clkbuf_1_1__f_clk/A (sky130_fd_sc_hd__clkbuf_16)
                  0.05    0.21    0.55 ^ clkbuf_1_1__f_clk/X (sky130_fd_sc_hd__clkbuf_16)
     2    0.01                           clknet_1_1__leaf_clk (net)
                  0.05    0.00    0.55 ^ f3/CLK (D_FF_pe)
                          0.25    0.80   clock uncertainty
                         -0.05    0.75   clock reconvergence pessimism
                          0.02    0.76   library hold time
                                  0.76   data required time
-----------------------------------------------------------------------------
                                  0.76   data required time
                                 -0.93   data arrival time
-----------------------------------------------------------------------------
                                  0.17   slack (MET)


Startpoint: f2 (rising edge-triggered flip-flop clocked by clk)
Endpoint: f2 (rising edge-triggered flip-flop clocked by clk)
Path Group: clk
Path Type: min
Corner: Slowest

Fanout     Cap    Slew   Delay    Time   Description
-----------------------------------------------------------------------------
                          0.00    0.00   clock clk (rise edge)
                          0.00    0.00   clock source latency
                  0.12    0.08    0.08 ^ clk (in)
     1    0.02                           clk (net)
                  0.12    0.00    0.08 ^ clkbuf_0_clk/A (sky130_fd_sc_hd__clkbuf_16)
                  0.07    0.23    0.31 ^ clkbuf_0_clk/X (sky130_fd_sc_hd__clkbuf_16)
     2    0.02                           clknet_0_clk (net)
                  0.07    0.00    0.31 ^ clkbuf_1_0__f_clk/A (sky130_fd_sc_hd__clkbuf_16)
                  0.05    0.19    0.50 ^ clkbuf_1_0__f_clk/X (sky130_fd_sc_hd__clkbuf_16)
     2    0.01                           clknet_1_0__leaf_clk (net)
                  0.05    0.00    0.50 ^ f2/CLK (D_FF_pe)
                  0.08    0.31    0.81 v f2/Q (D_FF_pe)
     3    0.02                           net5 (net)
                  0.08    0.00    0.81 v x2/A (Xnor)
                  0.08    0.09    0.90 ^ x2/Y (Xnor)
     1    0.00                           xo[2] (net)
                  0.08    0.00    0.90 ^ r2/A (Nor_gate)
                  0.02    0.04    0.93 v r2/Y (Nor_gate)
     1    0.00                           d[2] (net)
                  0.02    0.00    0.93 v f2/D (D_FF_pe)
                                  0.93   data arrival time

                          0.00    0.00   clock clk (rise edge)
                          0.00    0.00   clock source latency
                  0.12    0.08    0.08 ^ clk (in)
     1    0.02                           clk (net)
                  0.12    0.00    0.08 ^ clkbuf_0_clk/A (sky130_fd_sc_hd__clkbuf_16)
                  0.07    0.26    0.34 ^ clkbuf_0_clk/X (sky130_fd_sc_hd__clkbuf_16)
     2    0.02                           clknet_0_clk (net)
                  0.07    0.00    0.34 ^ clkbuf_1_0__f_clk/A (sky130_fd_sc_hd__clkbuf_16)
                  0.05    0.21    0.55 ^ clkbuf_1_0__f_clk/X (sky130_fd_sc_hd__clkbuf_16)
     2    0.01                           clknet_1_0__leaf_clk (net)
                  0.05    0.00    0.55 ^ f2/CLK (D_FF_pe)
                          0.25    0.80   clock uncertainty
                         -0.05    0.75   clock reconvergence pessimism
                          0.02    0.76   library hold time
                                  0.76   data required time
-----------------------------------------------------------------------------
                                  0.76   data required time
                                 -0.93   data arrival time
-----------------------------------------------------------------------------
                                  0.17   slack (MET)


Startpoint: f0 (rising edge-triggered flip-flop clocked by clk)
Endpoint: count[0] (output port clocked by clk)
Path Group: clk
Path Type: min
Corner: Slowest

Fanout     Cap    Slew   Delay    Time   Description
-----------------------------------------------------------------------------
                          0.00    0.00   clock clk (rise edge)
                          0.00    0.00   clock source latency
                  0.12    0.08    0.08 ^ clk (in)
     1    0.02                           clk (net)
                  0.12    0.00    0.08 ^ clkbuf_0_clk/A (sky130_fd_sc_hd__clkbuf_16)
                  0.07    0.23    0.31 ^ clkbuf_0_clk/X (sky130_fd_sc_hd__clkbuf_16)
     2    0.02                           clknet_0_clk (net)
                  0.07    0.00    0.31 ^ clkbuf_1_1__f_clk/A (sky130_fd_sc_hd__clkbuf_16)
                  0.05    0.19    0.50 ^ clkbuf_1_1__f_clk/X (sky130_fd_sc_hd__clkbuf_16)
     2    0.01                           clknet_1_1__leaf_clk (net)
                  0.05    0.00    0.50 ^ f0/CLK (D_FF_pe)
                  0.06    0.30    0.80 v f0/Q (D_FF_pe)
     3    0.01                           net3 (net)
                  0.06    0.00    0.80 v output3/A (sky130_fd_sc_hd__clkbuf_4)
                  0.14    0.30    1.10 v output3/X (sky130_fd_sc_hd__clkbuf_4)
     1    0.03                           count[0] (net)
                  0.14    0.00    1.10 v count[0] (out)
                                  1.10   data arrival time

                          0.00    0.00   clock clk (rise edge)
                          0.00    0.00   clock network delay (propagated)
                          0.25    0.25   clock uncertainty
                          0.00    0.25   clock reconvergence pessimism
                         -2.00   -1.75   output external delay
                                 -1.75   data required time
-----------------------------------------------------------------------------
                                 -1.75   data required time
                                 -1.10   data arrival time
-----------------------------------------------------------------------------
                                  2.85   slack (MET)


Startpoint: f1 (rising edge-triggered flip-flop clocked by clk)
Endpoint: count[1] (output port clocked by clk)
Path Group: clk
Path Type: min
Corner: Slowest

Fanout     Cap    Slew   Delay    Time   Description
-----------------------------------------------------------------------------
                          0.00    0.00   clock clk (rise edge)
                          0.00    0.00   clock source latency
                  0.12    0.08    0.08 ^ clk (in)
     1    0.02                           clk (net)
                  0.12    0.00    0.08 ^ clkbuf_0_clk/A (sky130_fd_sc_hd__clkbuf_16)
                  0.07    0.23    0.31 ^ clkbuf_0_clk/X (sky130_fd_sc_hd__clkbuf_16)
     2    0.02                           clknet_0_clk (net)
                  0.07    0.00    0.31 ^ clkbuf_1_0__f_clk/A (sky130_fd_sc_hd__clkbuf_16)
                  0.05    0.19    0.50 ^ clkbuf_1_0__f_clk/X (sky130_fd_sc_hd__clkbuf_16)
     2    0.01                           clknet_1_0__leaf_clk (net)
                  0.05    0.00    0.50 ^ f1/CLK (D_FF_pe)
                  0.06    0.30    0.80 v f1/Q (D_FF_pe)
     3    0.01                           net4 (net)
                  0.06    0.00    0.80 v output4/A (sky130_fd_sc_hd__clkbuf_4)
                  0.14    0.30    1.10 v output4/X (sky130_fd_sc_hd__clkbuf_4)
     1    0.03                           count[1] (net)
                  0.14    0.00    1.10 v count[1] (out)
                                  1.10   data arrival time

                          0.00    0.00   clock clk (rise edge)
                          0.00    0.00   clock network delay (propagated)
                          0.25    0.25   clock uncertainty
                          0.00    0.25   clock reconvergence pessimism
                         -2.00   -1.75   output external delay
                                 -1.75   data required time
-----------------------------------------------------------------------------
                                 -1.75   data required time
                                 -1.10   data arrival time
-----------------------------------------------------------------------------
                                  2.85   slack (MET)


Startpoint: f3 (rising edge-triggered flip-flop clocked by clk)
Endpoint: count[3] (output port clocked by clk)
Path Group: clk
Path Type: min
Corner: Slowest

Fanout     Cap    Slew   Delay    Time   Description
-----------------------------------------------------------------------------
                          0.00    0.00   clock clk (rise edge)
                          0.00    0.00   clock source latency
                  0.12    0.08    0.08 ^ clk (in)
     1    0.02                           clk (net)
                  0.12    0.00    0.08 ^ clkbuf_0_clk/A (sky130_fd_sc_hd__clkbuf_16)
                  0.07    0.23    0.31 ^ clkbuf_0_clk/X (sky130_fd_sc_hd__clkbuf_16)
     2    0.02                           clknet_0_clk (net)
                  0.07    0.00    0.31 ^ clkbuf_1_1__f_clk/A (sky130_fd_sc_hd__clkbuf_16)
                  0.05    0.19    0.50 ^ clkbuf_1_1__f_clk/X (sky130_fd_sc_hd__clkbuf_16)
     2    0.01                           clknet_1_1__leaf_clk (net)
                  0.05    0.00    0.50 ^ f3/CLK (D_FF_pe)
                  0.07    0.30    0.80 v f3/Q (D_FF_pe)
     2    0.02                           net6 (net)
                  0.07    0.00    0.80 v output6/A (sky130_fd_sc_hd__clkbuf_4)
                  0.14    0.31    1.11 v output6/X (sky130_fd_sc_hd__clkbuf_4)
     1    0.04                           count[3] (net)
                  0.14    0.00    1.11 v count[3] (out)
                                  1.11   data arrival time

                          0.00    0.00   clock clk (rise edge)
                          0.00    0.00   clock network delay (propagated)
                          0.25    0.25   clock uncertainty
                          0.00    0.25   clock reconvergence pessimism
                         -2.00   -1.75   output external delay
                                 -1.75   data required time
-----------------------------------------------------------------------------
                                 -1.75   data required time
                                 -1.11   data arrival time
-----------------------------------------------------------------------------
                                  2.86   slack (MET)


Startpoint: f2 (rising edge-triggered flip-flop clocked by clk)
Endpoint: count[2] (output port clocked by clk)
Path Group: clk
Path Type: min
Corner: Slowest

Fanout     Cap    Slew   Delay    Time   Description
-----------------------------------------------------------------------------
                          0.00    0.00   clock clk (rise edge)
                          0.00    0.00   clock source latency
                  0.12    0.08    0.08 ^ clk (in)
     1    0.02                           clk (net)
                  0.12    0.00    0.08 ^ clkbuf_0_clk/A (sky130_fd_sc_hd__clkbuf_16)
                  0.07    0.23    0.31 ^ clkbuf_0_clk/X (sky130_fd_sc_hd__clkbuf_16)
     2    0.02                           clknet_0_clk (net)
                  0.07    0.00    0.31 ^ clkbuf_1_0__f_clk/A (sky130_fd_sc_hd__clkbuf_16)
                  0.05    0.19    0.50 ^ clkbuf_1_0__f_clk/X (sky130_fd_sc_hd__clkbuf_16)
     2    0.01                           clknet_1_0__leaf_clk (net)
                  0.05    0.00    0.50 ^ f2/CLK (D_FF_pe)
                  0.08    0.31    0.81 v f2/Q (D_FF_pe)
     3    0.02                           net5 (net)
                  0.08    0.00    0.81 v output5/A (sky130_fd_sc_hd__clkbuf_4)
                  0.14    0.31    1.12 v output5/X (sky130_fd_sc_hd__clkbuf_4)
     1    0.03                           count[2] (net)
                  0.14    0.00    1.12 v count[2] (out)
                                  1.12   data arrival time

                          0.00    0.00   clock clk (rise edge)
                          0.00    0.00   clock network delay (propagated)
                          0.25    0.25   clock uncertainty
                          0.00    0.25   clock reconvergence pessimism
                         -2.00   -1.75   output external delay
                                 -1.75   data required time
-----------------------------------------------------------------------------
                                 -1.75   data required time
                                 -1.12   data arrival time
-----------------------------------------------------------------------------
                                  2.87   slack (MET)



======================= Typical Corner ===================================

Startpoint: f1 (rising edge-triggered flip-flop clocked by clk)
Endpoint: f1 (rising edge-triggered flip-flop clocked by clk)
Path Group: clk
Path Type: min
Corner: Typical

Fanout     Cap    Slew   Delay    Time   Description
-----------------------------------------------------------------------------
                          0.00    0.00   clock clk (rise edge)
                          0.00    0.00   clock source latency
                  0.08    0.05    0.05 ^ clk (in)
     1    0.02                           clk (net)
                  0.08    0.00    0.05 ^ clkbuf_0_clk/A (sky130_fd_sc_hd__clkbuf_16)
                  0.04    0.13    0.18 ^ clkbuf_0_clk/X (sky130_fd_sc_hd__clkbuf_16)
     2    0.02                           clknet_0_clk (net)
                  0.04    0.00    0.18 ^ clkbuf_1_0__f_clk/A (sky130_fd_sc_hd__clkbuf_16)
                  0.03    0.11    0.28 ^ clkbuf_1_0__f_clk/X (sky130_fd_sc_hd__clkbuf_16)
     2    0.01                           clknet_1_0__leaf_clk (net)
                  0.03    0.00    0.28 ^ f1/CLK (D_FF_pe)
                  0.06    0.30    0.58 v f1/Q (D_FF_pe)
     3    0.01                           net4 (net)
                  0.06    0.00    0.58 v x1/A (Xnor)
                  0.08    0.09    0.67 ^ x1/Y (Xnor)
     1    0.00                           xo[1] (net)
                  0.08    0.00    0.67 ^ r1/A (Nor_gate)
                  0.03    0.04    0.71 v r1/Y (Nor_gate)
     1    0.00                           d[1] (net)
                  0.03    0.00    0.71 v f1/D (D_FF_pe)
                                  0.71   data arrival time

                          0.00    0.00   clock clk (rise edge)
                          0.00    0.00   clock source latency
                  0.08    0.05    0.05 ^ clk (in)
     1    0.02                           clk (net)
                  0.08    0.00    0.05 ^ clkbuf_0_clk/A (sky130_fd_sc_hd__clkbuf_16)
                  0.04    0.14    0.20 ^ clkbuf_0_clk/X (sky130_fd_sc_hd__clkbuf_16)
     2    0.02                           clknet_0_clk (net)
                  0.04    0.00    0.20 ^ clkbuf_1_0__f_clk/A (sky130_fd_sc_hd__clkbuf_16)
                  0.03    0.12    0.31 ^ clkbuf_1_0__f_clk/X (sky130_fd_sc_hd__clkbuf_16)
     2    0.01                           clknet_1_0__leaf_clk (net)
                  0.03    0.00    0.31 ^ f1/CLK (D_FF_pe)
                          0.25    0.56   clock uncertainty
                         -0.03    0.53   clock reconvergence pessimism
                          0.01    0.55   library hold time
                                  0.55   data required time
-----------------------------------------------------------------------------
                                  0.55   data required time
                                 -0.71   data arrival time
-----------------------------------------------------------------------------
                                  0.16   slack (MET)


Startpoint: f0 (rising edge-triggered flip-flop clocked by clk)
Endpoint: f0 (rising edge-triggered flip-flop clocked by clk)
Path Group: clk
Path Type: min
Corner: Typical

Fanout     Cap    Slew   Delay    Time   Description
-----------------------------------------------------------------------------
                          0.00    0.00   clock clk (rise edge)
                          0.00    0.00   clock source latency
                  0.08    0.05    0.05 ^ clk (in)
     1    0.02                           clk (net)
                  0.08    0.00    0.05 ^ clkbuf_0_clk/A (sky130_fd_sc_hd__clkbuf_16)
                  0.04    0.13    0.18 ^ clkbuf_0_clk/X (sky130_fd_sc_hd__clkbuf_16)
     2    0.02                           clknet_0_clk (net)
                  0.04    0.00    0.18 ^ clkbuf_1_1__f_clk/A (sky130_fd_sc_hd__clkbuf_16)
                  0.03    0.11    0.28 ^ clkbuf_1_1__f_clk/X (sky130_fd_sc_hd__clkbuf_16)
     2    0.01                           clknet_1_1__leaf_clk (net)
                  0.03    0.00    0.28 ^ f0/CLK (D_FF_pe)
                  0.06    0.29    0.58 v f0/Q (D_FF_pe)
     3    0.01                           net3 (net)
                  0.06    0.00    0.58 v x0/A (Xnor)
                  0.09    0.09    0.67 ^ x0/Y (Xnor)
     1    0.00                           xo[0] (net)
                  0.09    0.00    0.67 ^ r0/A (Nor_gate)
                  0.03    0.04    0.71 v r0/Y (Nor_gate)
     1    0.00                           d[0] (net)
                  0.03    0.00    0.71 v f0/D (D_FF_pe)
                                  0.71   data arrival time

                          0.00    0.00   clock clk (rise edge)
                          0.00    0.00   clock source latency
                  0.08    0.05    0.05 ^ clk (in)
     1    0.02                           clk (net)
                  0.08    0.00    0.05 ^ clkbuf_0_clk/A (sky130_fd_sc_hd__clkbuf_16)
                  0.04    0.14    0.20 ^ clkbuf_0_clk/X (sky130_fd_sc_hd__clkbuf_16)
     2    0.02                           clknet_0_clk (net)
                  0.04    0.00    0.20 ^ clkbuf_1_1__f_clk/A (sky130_fd_sc_hd__clkbuf_16)
                  0.03    0.12    0.31 ^ clkbuf_1_1__f_clk/X (sky130_fd_sc_hd__clkbuf_16)
     2    0.01                           clknet_1_1__leaf_clk (net)
                  0.03    0.00    0.31 ^ f0/CLK (D_FF_pe)
                          0.25    0.56   clock uncertainty
                         -0.03    0.53   clock reconvergence pessimism
                          0.01    0.55   library hold time
                                  0.55   data required time
-----------------------------------------------------------------------------
                                  0.55   data required time
                                 -0.71   data arrival time
-----------------------------------------------------------------------------
                                  0.16   slack (MET)


Startpoint: f3 (rising edge-triggered flip-flop clocked by clk)
Endpoint: f3 (rising edge-triggered flip-flop clocked by clk)
Path Group: clk
Path Type: min
Corner: Typical

Fanout     Cap    Slew   Delay    Time   Description
-----------------------------------------------------------------------------
                          0.00    0.00   clock clk (rise edge)
                          0.00    0.00   clock source latency
                  0.08    0.05    0.05 ^ clk (in)
     1    0.02                           clk (net)
                  0.08    0.00    0.05 ^ clkbuf_0_clk/A (sky130_fd_sc_hd__clkbuf_16)
                  0.04    0.13    0.18 ^ clkbuf_0_clk/X (sky130_fd_sc_hd__clkbuf_16)
     2    0.02                           clknet_0_clk (net)
                  0.04    0.00    0.18 ^ clkbuf_1_1__f_clk/A (sky130_fd_sc_hd__clkbuf_16)
                  0.03    0.11    0.28 ^ clkbuf_1_1__f_clk/X (sky130_fd_sc_hd__clkbuf_16)
     2    0.01                           clknet_1_1__leaf_clk (net)
                  0.03    0.00    0.28 ^ f3/CLK (D_FF_pe)
                  0.07    0.30    0.58 v f3/Q (D_FF_pe)
     2    0.02                           net6 (net)
                  0.07    0.00    0.58 v x3/A (Xnor)
                  0.09    0.09    0.68 ^ x3/Y (Xnor)
     1    0.00                           xo[3] (net)
                  0.09    0.00    0.68 ^ r3/A (Nor_gate)
                  0.03    0.04    0.72 v r3/Y (Nor_gate)
     1    0.00                           d[3] (net)
                  0.03    0.00    0.72 v f3/D (D_FF_pe)
                                  0.72   data arrival time

                          0.00    0.00   clock clk (rise edge)
                          0.00    0.00   clock source latency
                  0.08    0.05    0.05 ^ clk (in)
     1    0.02                           clk (net)
                  0.08    0.00    0.05 ^ clkbuf_0_clk/A (sky130_fd_sc_hd__clkbuf_16)
                  0.04    0.14    0.20 ^ clkbuf_0_clk/X (sky130_fd_sc_hd__clkbuf_16)
     2    0.02                           clknet_0_clk (net)
                  0.04    0.00    0.20 ^ clkbuf_1_1__f_clk/A (sky130_fd_sc_hd__clkbuf_16)
                  0.03    0.12    0.31 ^ clkbuf_1_1__f_clk/X (sky130_fd_sc_hd__clkbuf_16)
     2    0.01                           clknet_1_1__leaf_clk (net)
                  0.03    0.00    0.31 ^ f3/CLK (D_FF_pe)
                          0.25    0.56   clock uncertainty
                         -0.03    0.53   clock reconvergence pessimism
                          0.01    0.55   library hold time
                                  0.55   data required time
-----------------------------------------------------------------------------
                                  0.55   data required time
                                 -0.72   data arrival time
-----------------------------------------------------------------------------
                                  0.17   slack (MET)


Startpoint: f2 (rising edge-triggered flip-flop clocked by clk)
Endpoint: f2 (rising edge-triggered flip-flop clocked by clk)
Path Group: clk
Path Type: min
Corner: Typical

Fanout     Cap    Slew   Delay    Time   Description
-----------------------------------------------------------------------------
                          0.00    0.00   clock clk (rise edge)
                          0.00    0.00   clock source latency
                  0.08    0.05    0.05 ^ clk (in)
     1    0.02                           clk (net)
                  0.08    0.00    0.05 ^ clkbuf_0_clk/A (sky130_fd_sc_hd__clkbuf_16)
                  0.04    0.13    0.18 ^ clkbuf_0_clk/X (sky130_fd_sc_hd__clkbuf_16)
     2    0.02                           clknet_0_clk (net)
                  0.04    0.00    0.18 ^ clkbuf_1_0__f_clk/A (sky130_fd_sc_hd__clkbuf_16)
                  0.03    0.11    0.28 ^ clkbuf_1_0__f_clk/X (sky130_fd_sc_hd__clkbuf_16)
     2    0.01                           clknet_1_0__leaf_clk (net)
                  0.03    0.00    0.28 ^ f2/CLK (D_FF_pe)
                  0.08    0.31    0.59 v f2/Q (D_FF_pe)
     3    0.02                           net5 (net)
                  0.08    0.00    0.59 v x2/A (Xnor)
                  0.08    0.09    0.68 ^ x2/Y (Xnor)
     1    0.00                           xo[2] (net)
                  0.08    0.00    0.68 ^ r2/A (Nor_gate)
                  0.02    0.04    0.72 v r2/Y (Nor_gate)
     1    0.00                           d[2] (net)
                  0.02    0.00    0.72 v f2/D (D_FF_pe)
                                  0.72   data arrival time

                          0.00    0.00   clock clk (rise edge)
                          0.00    0.00   clock source latency
                  0.08    0.05    0.05 ^ clk (in)
     1    0.02                           clk (net)
                  0.08    0.00    0.05 ^ clkbuf_0_clk/A (sky130_fd_sc_hd__clkbuf_16)
                  0.04    0.14    0.20 ^ clkbuf_0_clk/X (sky130_fd_sc_hd__clkbuf_16)
     2    0.02                           clknet_0_clk (net)
                  0.04    0.00    0.20 ^ clkbuf_1_0__f_clk/A (sky130_fd_sc_hd__clkbuf_16)
                  0.03    0.12    0.31 ^ clkbuf_1_0__f_clk/X (sky130_fd_sc_hd__clkbuf_16)
     2    0.01                           clknet_1_0__leaf_clk (net)
                  0.03    0.00    0.31 ^ f2/CLK (D_FF_pe)
                          0.25    0.56   clock uncertainty
                         -0.03    0.53   clock reconvergence pessimism
                          0.01    0.55   library hold time
                                  0.55   data required time
-----------------------------------------------------------------------------
                                  0.55   data required time
                                 -0.72   data arrival time
-----------------------------------------------------------------------------
                                  0.17   slack (MET)


Startpoint: f0 (rising edge-triggered flip-flop clocked by clk)
Endpoint: count[0] (output port clocked by clk)
Path Group: clk
Path Type: min
Corner: Typical

Fanout     Cap    Slew   Delay    Time   Description
-----------------------------------------------------------------------------
                          0.00    0.00   clock clk (rise edge)
                          0.00    0.00   clock source latency
                  0.08    0.05    0.05 ^ clk (in)
     1    0.02                           clk (net)
                  0.08    0.00    0.05 ^ clkbuf_0_clk/A (sky130_fd_sc_hd__clkbuf_16)
                  0.04    0.13    0.18 ^ clkbuf_0_clk/X (sky130_fd_sc_hd__clkbuf_16)
     2    0.02                           clknet_0_clk (net)
                  0.04    0.00    0.18 ^ clkbuf_1_1__f_clk/A (sky130_fd_sc_hd__clkbuf_16)
                  0.03    0.11    0.28 ^ clkbuf_1_1__f_clk/X (sky130_fd_sc_hd__clkbuf_16)
     2    0.01                           clknet_1_1__leaf_clk (net)
                  0.03    0.00    0.28 ^ f0/CLK (D_FF_pe)
                  0.06    0.29    0.58 v f0/Q (D_FF_pe)
     3    0.01                           net3 (net)
                  0.06    0.00    0.58 v output3/A (sky130_fd_sc_hd__clkbuf_4)
                  0.08    0.18    0.76 v output3/X (sky130_fd_sc_hd__clkbuf_4)
     1    0.03                           count[0] (net)
                  0.08    0.00    0.76 v count[0] (out)
                                  0.76   data arrival time

                          0.00    0.00   clock clk (rise edge)
                          0.00    0.00   clock network delay (propagated)
                          0.25    0.25   clock uncertainty
                          0.00    0.25   clock reconvergence pessimism
                         -2.00   -1.75   output external delay
                                 -1.75   data required time
-----------------------------------------------------------------------------
                                 -1.75   data required time
                                 -0.76   data arrival time
-----------------------------------------------------------------------------
                                  2.51   slack (MET)


Startpoint: f1 (rising edge-triggered flip-flop clocked by clk)
Endpoint: count[1] (output port clocked by clk)
Path Group: clk
Path Type: min
Corner: Typical

Fanout     Cap    Slew   Delay    Time   Description
-----------------------------------------------------------------------------
                          0.00    0.00   clock clk (rise edge)
                          0.00    0.00   clock source latency
                  0.08    0.05    0.05 ^ clk (in)
     1    0.02                           clk (net)
                  0.08    0.00    0.05 ^ clkbuf_0_clk/A (sky130_fd_sc_hd__clkbuf_16)
                  0.04    0.13    0.18 ^ clkbuf_0_clk/X (sky130_fd_sc_hd__clkbuf_16)
     2    0.02                           clknet_0_clk (net)
                  0.04    0.00    0.18 ^ clkbuf_1_0__f_clk/A (sky130_fd_sc_hd__clkbuf_16)
                  0.03    0.11    0.28 ^ clkbuf_1_0__f_clk/X (sky130_fd_sc_hd__clkbuf_16)
     2    0.01                           clknet_1_0__leaf_clk (net)
                  0.03    0.00    0.28 ^ f1/CLK (D_FF_pe)
                  0.06    0.30    0.58 v f1/Q (D_FF_pe)
     3    0.01                           net4 (net)
                  0.06    0.00    0.58 v output4/A (sky130_fd_sc_hd__clkbuf_4)
                  0.08    0.18    0.76 v output4/X (sky130_fd_sc_hd__clkbuf_4)
     1    0.03                           count[1] (net)
                  0.08    0.00    0.76 v count[1] (out)
                                  0.76   data arrival time

                          0.00    0.00   clock clk (rise edge)
                          0.00    0.00   clock network delay (propagated)
                          0.25    0.25   clock uncertainty
                          0.00    0.25   clock reconvergence pessimism
                         -2.00   -1.75   output external delay
                                 -1.75   data required time
-----------------------------------------------------------------------------
                                 -1.75   data required time
                                 -0.76   data arrival time
-----------------------------------------------------------------------------
                                  2.51   slack (MET)


Startpoint: f3 (rising edge-triggered flip-flop clocked by clk)
Endpoint: count[3] (output port clocked by clk)
Path Group: clk
Path Type: min
Corner: Typical

Fanout     Cap    Slew   Delay    Time   Description
-----------------------------------------------------------------------------
                          0.00    0.00   clock clk (rise edge)
                          0.00    0.00   clock source latency
                  0.08    0.05    0.05 ^ clk (in)
     1    0.02                           clk (net)
                  0.08    0.00    0.05 ^ clkbuf_0_clk/A (sky130_fd_sc_hd__clkbuf_16)
                  0.04    0.13    0.18 ^ clkbuf_0_clk/X (sky130_fd_sc_hd__clkbuf_16)
     2    0.02                           clknet_0_clk (net)
                  0.04    0.00    0.18 ^ clkbuf_1_1__f_clk/A (sky130_fd_sc_hd__clkbuf_16)
                  0.03    0.11    0.28 ^ clkbuf_1_1__f_clk/X (sky130_fd_sc_hd__clkbuf_16)
     2    0.01                           clknet_1_1__leaf_clk (net)
                  0.03    0.00    0.28 ^ f3/CLK (D_FF_pe)
                  0.07    0.30    0.58 v f3/Q (D_FF_pe)
     2    0.02                           net6 (net)
                  0.07    0.00    0.59 v output6/A (sky130_fd_sc_hd__clkbuf_4)
                  0.08    0.18    0.77 v output6/X (sky130_fd_sc_hd__clkbuf_4)
     1    0.04                           count[3] (net)
                  0.08    0.00    0.77 v count[3] (out)
                                  0.77   data arrival time

                          0.00    0.00   clock clk (rise edge)
                          0.00    0.00   clock network delay (propagated)
                          0.25    0.25   clock uncertainty
                          0.00    0.25   clock reconvergence pessimism
                         -2.00   -1.75   output external delay
                                 -1.75   data required time
-----------------------------------------------------------------------------
                                 -1.75   data required time
                                 -0.77   data arrival time
-----------------------------------------------------------------------------
                                  2.52   slack (MET)


Startpoint: f2 (rising edge-triggered flip-flop clocked by clk)
Endpoint: count[2] (output port clocked by clk)
Path Group: clk
Path Type: min
Corner: Typical

Fanout     Cap    Slew   Delay    Time   Description
-----------------------------------------------------------------------------
                          0.00    0.00   clock clk (rise edge)
                          0.00    0.00   clock source latency
                  0.08    0.05    0.05 ^ clk (in)
     1    0.02                           clk (net)
                  0.08    0.00    0.05 ^ clkbuf_0_clk/A (sky130_fd_sc_hd__clkbuf_16)
                  0.04    0.13    0.18 ^ clkbuf_0_clk/X (sky130_fd_sc_hd__clkbuf_16)
     2    0.02                           clknet_0_clk (net)
                  0.04    0.00    0.18 ^ clkbuf_1_0__f_clk/A (sky130_fd_sc_hd__clkbuf_16)
                  0.03    0.11    0.28 ^ clkbuf_1_0__f_clk/X (sky130_fd_sc_hd__clkbuf_16)
     2    0.01                           clknet_1_0__leaf_clk (net)
                  0.03    0.00    0.28 ^ f2/CLK (D_FF_pe)
                  0.08    0.31    0.59 v f2/Q (D_FF_pe)
     3    0.02                           net5 (net)
                  0.08    0.00    0.59 v output5/A (sky130_fd_sc_hd__clkbuf_4)
                  0.08    0.19    0.78 v output5/X (sky130_fd_sc_hd__clkbuf_4)
     1    0.03                           count[2] (net)
                  0.08    0.00    0.78 v count[2] (out)
                                  0.78   data arrival time

                          0.00    0.00   clock clk (rise edge)
                          0.00    0.00   clock network delay (propagated)
                          0.25    0.25   clock uncertainty
                          0.00    0.25   clock reconvergence pessimism
                         -2.00   -1.75   output external delay
                                 -1.75   data required time
-----------------------------------------------------------------------------
                                 -1.75   data required time
                                 -0.78   data arrival time
-----------------------------------------------------------------------------
                                  2.53   slack (MET)



min_report_end
max_report

===========================================================================
report_checks -path_delay max (Setup)
============================================================================
======================= Fastest Corner ===================================

Startpoint: f2 (rising edge-triggered flip-flop clocked by clk)
Endpoint: count[2] (output port clocked by clk)
Path Group: clk
Path Type: max
Corner: Fastest

Fanout     Cap    Slew   Delay    Time   Description
-----------------------------------------------------------------------------
                          0.00    0.00   clock clk (rise edge)
                          0.00    0.00   clock source latency
                  0.06    0.04    0.04 ^ clk (in)
     1    0.02                           clk (net)
                  0.06    0.00    0.04 ^ clkbuf_0_clk/A (sky130_fd_sc_hd__clkbuf_16)
                  0.03    0.10    0.14 ^ clkbuf_0_clk/X (sky130_fd_sc_hd__clkbuf_16)
     2    0.02                           clknet_0_clk (net)
                  0.03    0.00    0.14 ^ clkbuf_1_0__f_clk/A (sky130_fd_sc_hd__clkbuf_16)
                  0.02    0.08    0.22 ^ clkbuf_1_0__f_clk/X (sky130_fd_sc_hd__clkbuf_16)
     2    0.01                           clknet_1_0__leaf_clk (net)
                  0.02    0.00    0.22 ^ f2/CLK (D_FF_pe)
                  0.14    0.44    0.66 ^ f2/Q (D_FF_pe)
     3    0.02                           net5 (net)
                  0.14    0.00    0.66 ^ output5/A (sky130_fd_sc_hd__clkbuf_4)
                  0.09    0.16    0.83 ^ output5/X (sky130_fd_sc_hd__clkbuf_4)
     1    0.03                           count[2] (net)
                  0.09    0.00    0.83 ^ count[2] (out)
                                  0.83   data arrival time

                         10.00   10.00   clock clk (rise edge)
                          0.00   10.00   clock network delay (propagated)
                         -0.25    9.75   clock uncertainty
                          0.00    9.75   clock reconvergence pessimism
                         -2.00    7.75   output external delay
                                  7.75   data required time
-----------------------------------------------------------------------------
                                  7.75   data required time
                                 -0.83   data arrival time
-----------------------------------------------------------------------------
                                  6.92   slack (MET)


Startpoint: f3 (rising edge-triggered flip-flop clocked by clk)
Endpoint: count[3] (output port clocked by clk)
Path Group: clk
Path Type: max
Corner: Fastest

Fanout     Cap    Slew   Delay    Time   Description
-----------------------------------------------------------------------------
                          0.00    0.00   clock clk (rise edge)
                          0.00    0.00   clock source latency
                  0.06    0.04    0.04 ^ clk (in)
     1    0.02                           clk (net)
                  0.06    0.00    0.04 ^ clkbuf_0_clk/A (sky130_fd_sc_hd__clkbuf_16)
                  0.03    0.10    0.14 ^ clkbuf_0_clk/X (sky130_fd_sc_hd__clkbuf_16)
     2    0.02                           clknet_0_clk (net)
                  0.03    0.00    0.14 ^ clkbuf_1_1__f_clk/A (sky130_fd_sc_hd__clkbuf_16)
                  0.02    0.08    0.22 ^ clkbuf_1_1__f_clk/X (sky130_fd_sc_hd__clkbuf_16)
     2    0.01                           clknet_1_1__leaf_clk (net)
                  0.02    0.00    0.22 ^ f3/CLK (D_FF_pe)
                  0.12    0.43    0.65 ^ f3/Q (D_FF_pe)
     2    0.02                           net6 (net)
                  0.12    0.00    0.65 ^ output6/A (sky130_fd_sc_hd__clkbuf_4)
                  0.09    0.16    0.81 ^ output6/X (sky130_fd_sc_hd__clkbuf_4)
     1    0.04                           count[3] (net)
                  0.09    0.00    0.81 ^ count[3] (out)
                                  0.81   data arrival time

                         10.00   10.00   clock clk (rise edge)
                          0.00   10.00   clock network delay (propagated)
                         -0.25    9.75   clock uncertainty
                          0.00    9.75   clock reconvergence pessimism
                         -2.00    7.75   output external delay
                                  7.75   data required time
-----------------------------------------------------------------------------
                                  7.75   data required time
                                 -0.81   data arrival time
-----------------------------------------------------------------------------
                                  6.94   slack (MET)


Startpoint: f1 (rising edge-triggered flip-flop clocked by clk)
Endpoint: count[1] (output port clocked by clk)
Path Group: clk
Path Type: max
Corner: Fastest

Fanout     Cap    Slew   Delay    Time   Description
-----------------------------------------------------------------------------
                          0.00    0.00   clock clk (rise edge)
                          0.00    0.00   clock source latency
                  0.06    0.04    0.04 ^ clk (in)
     1    0.02                           clk (net)
                  0.06    0.00    0.04 ^ clkbuf_0_clk/A (sky130_fd_sc_hd__clkbuf_16)
                  0.03    0.10    0.14 ^ clkbuf_0_clk/X (sky130_fd_sc_hd__clkbuf_16)
     2    0.02                           clknet_0_clk (net)
                  0.03    0.00    0.14 ^ clkbuf_1_0__f_clk/A (sky130_fd_sc_hd__clkbuf_16)
                  0.02    0.08    0.22 ^ clkbuf_1_0__f_clk/X (sky130_fd_sc_hd__clkbuf_16)
     2    0.01                           clknet_1_0__leaf_clk (net)
                  0.02    0.00    0.22 ^ f1/CLK (D_FF_pe)
                  0.11    0.42    0.64 ^ f1/Q (D_FF_pe)
     3    0.01                           net4 (net)
                  0.11    0.00    0.64 ^ output4/A (sky130_fd_sc_hd__clkbuf_4)
                  0.08    0.16    0.79 ^ output4/X (sky130_fd_sc_hd__clkbuf_4)
     1    0.03                           count[1] (net)
                  0.08    0.00    0.80 ^ count[1] (out)
                                  0.80   data arrival time

                         10.00   10.00   clock clk (rise edge)
                          0.00   10.00   clock network delay (propagated)
                         -0.25    9.75   clock uncertainty
                          0.00    9.75   clock reconvergence pessimism
                         -2.00    7.75   output external delay
                                  7.75   data required time
-----------------------------------------------------------------------------
                                  7.75   data required time
                                 -0.80   data arrival time
-----------------------------------------------------------------------------
                                  6.95   slack (MET)


Startpoint: f0 (rising edge-triggered flip-flop clocked by clk)
Endpoint: count[0] (output port clocked by clk)
Path Group: clk
Path Type: max
Corner: Fastest

Fanout     Cap    Slew   Delay    Time   Description
-----------------------------------------------------------------------------
                          0.00    0.00   clock clk (rise edge)
                          0.00    0.00   clock source latency
                  0.06    0.04    0.04 ^ clk (in)
     1    0.02                           clk (net)
                  0.06    0.00    0.04 ^ clkbuf_0_clk/A (sky130_fd_sc_hd__clkbuf_16)
                  0.03    0.10    0.14 ^ clkbuf_0_clk/X (sky130_fd_sc_hd__clkbuf_16)
     2    0.02                           clknet_0_clk (net)
                  0.03    0.00    0.14 ^ clkbuf_1_1__f_clk/A (sky130_fd_sc_hd__clkbuf_16)
                  0.02    0.08    0.22 ^ clkbuf_1_1__f_clk/X (sky130_fd_sc_hd__clkbuf_16)
     2    0.01                           clknet_1_1__leaf_clk (net)
                  0.02    0.00    0.22 ^ f0/CLK (D_FF_pe)
                  0.11    0.42    0.63 ^ f0/Q (D_FF_pe)
     3    0.01                           net3 (net)
                  0.11    0.00    0.64 ^ output3/A (sky130_fd_sc_hd__clkbuf_4)
                  0.08    0.15    0.79 ^ output3/X (sky130_fd_sc_hd__clkbuf_4)
     1    0.03                           count[0] (net)
                  0.08    0.00    0.79 ^ count[0] (out)
                                  0.79   data arrival time

                         10.00   10.00   clock clk (rise edge)
                          0.00   10.00   clock network delay (propagated)
                         -0.25    9.75   clock uncertainty
                          0.00    9.75   clock reconvergence pessimism
                         -2.00    7.75   output external delay
                                  7.75   data required time
-----------------------------------------------------------------------------
                                  7.75   data required time
                                 -0.79   data arrival time
-----------------------------------------------------------------------------
                                  6.96   slack (MET)


Startpoint: en (input port clocked by clk)
Endpoint: f3 (rising edge-triggered flip-flop clocked by clk)
Path Group: clk
Path Type: max
Corner: Fastest

Fanout     Cap    Slew   Delay    Time   Description
-----------------------------------------------------------------------------
                          0.00    0.00   clock clk (rise edge)
                          0.00    0.00   clock network delay (propagated)
                          2.00    2.00 ^ input external delay
                  0.02    0.01    2.01 ^ en (in)
     1    0.00                           en (net)
                  0.02    0.00    2.01 ^ input1/A (sky130_fd_sc_hd__buf_1)
                  0.13    0.12    2.13 ^ input1/X (sky130_fd_sc_hd__buf_1)
     2    0.01                           net1 (net)
                  0.13    0.00    2.13 ^ n1/A (Nand_gate)
                  0.04    0.06    2.20 v n1/Y (Nand_gate)
     1    0.00                           nc[1] (net)
                  0.04    0.00    2.20 v i1/A (inverter)
                  0.07    0.07    2.26 ^ i1/Y (inverter)
     2    0.01                           c[1] (net)
                  0.07    0.00    2.26 ^ n2/A (Nand_gate)
                  0.04    0.05    2.32 v n2/Y (Nand_gate)
     1    0.00                           nc[2] (net)
                  0.04    0.00    2.32 v i2/A (inverter)
                  0.09    0.08    2.39 ^ i2/Y (inverter)
     2    0.01                           c[2] (net)
                  0.09    0.00    2.39 ^ n3/A (Nand_gate)
                  0.04    0.05    2.44 v n3/Y (Nand_gate)
     1    0.00                           nc[3] (net)
                  0.04    0.00    2.44 v i3/A (inverter)
                  0.05    0.05    2.49 ^ i3/Y (inverter)
     1    0.01                           c[3] (net)
                  0.05    0.00    2.49 ^ x3/B (Xnor)
                  0.16    0.17    2.67 ^ x3/Y (Xnor)
     1    0.00                           xo[3] (net)
                  0.16    0.00    2.67 ^ r3/A (Nor_gate)
                  0.03    0.06    2.72 v r3/Y (Nor_gate)
     1    0.00                           d[3] (net)
                  0.03    0.00    2.72 v f3/D (D_FF_pe)
                                  2.72   data arrival time

                         10.00   10.00   clock clk (rise edge)
                          0.00   10.00   clock source latency
                  0.06    0.04   10.04 ^ clk (in)
     1    0.02                           clk (net)
                  0.06    0.00   10.04 ^ clkbuf_0_clk/A (sky130_fd_sc_hd__clkbuf_16)
                  0.03    0.09   10.12 ^ clkbuf_0_clk/X (sky130_fd_sc_hd__clkbuf_16)
     2    0.02                           clknet_0_clk (net)
                  0.03    0.00   10.12 ^ clkbuf_1_1__f_clk/A (sky130_fd_sc_hd__clkbuf_16)
                  0.02    0.07   10.20 ^ clkbuf_1_1__f_clk/X (sky130_fd_sc_hd__clkbuf_16)
     2    0.01                           clknet_1_1__leaf_clk (net)
                  0.02    0.00   10.20 ^ f3/CLK (D_FF_pe)
                         -0.25    9.95   clock uncertainty
                          0.00    9.95   clock reconvergence pessimism
                         -0.23    9.71   library setup time
                                  9.71   data required time
-----------------------------------------------------------------------------
                                  9.71   data required time
                                 -2.72   data arrival time
-----------------------------------------------------------------------------
                                  6.99   slack (MET)


Startpoint: en (input port clocked by clk)
Endpoint: f2 (rising edge-triggered flip-flop clocked by clk)
Path Group: clk
Path Type: max
Corner: Fastest

Fanout     Cap    Slew   Delay    Time   Description
-----------------------------------------------------------------------------
                          0.00    0.00   clock clk (rise edge)
                          0.00    0.00   clock network delay (propagated)
                          2.00    2.00 ^ input external delay
                  0.02    0.01    2.01 ^ en (in)
     1    0.00                           en (net)
                  0.02    0.00    2.01 ^ input1/A (sky130_fd_sc_hd__buf_1)
                  0.13    0.12    2.13 ^ input1/X (sky130_fd_sc_hd__buf_1)
     2    0.01                           net1 (net)
                  0.13    0.00    2.13 ^ n1/A (Nand_gate)
                  0.04    0.06    2.20 v n1/Y (Nand_gate)
     1    0.00                           nc[1] (net)
                  0.04    0.00    2.20 v i1/A (inverter)
                  0.07    0.07    2.26 ^ i1/Y (inverter)
     2    0.01                           c[1] (net)
                  0.07    0.00    2.26 ^ n2/A (Nand_gate)
                  0.04    0.05    2.32 v n2/Y (Nand_gate)
     1    0.00                           nc[2] (net)
                  0.04    0.00    2.32 v i2/A (inverter)
                  0.09    0.08    2.39 ^ i2/Y (inverter)
     2    0.01                           c[2] (net)
                  0.09    0.00    2.39 ^ x2/B (Xnor)
                  0.15    0.17    2.57 ^ x2/Y (Xnor)
     1    0.00                           xo[2] (net)
                  0.15    0.00    2.57 ^ r2/A (Nor_gate)
                  0.03    0.05    2.62 v r2/Y (Nor_gate)
     1    0.00                           d[2] (net)
                  0.03    0.00    2.62 v f2/D (D_FF_pe)
                                  2.62   data arrival time

                         10.00   10.00   clock clk (rise edge)
                          0.00   10.00   clock source latency
                  0.06    0.04   10.04 ^ clk (in)
     1    0.02                           clk (net)
                  0.06    0.00   10.04 ^ clkbuf_0_clk/A (sky130_fd_sc_hd__clkbuf_16)
                  0.03    0.09   10.12 ^ clkbuf_0_clk/X (sky130_fd_sc_hd__clkbuf_16)
     2    0.02                           clknet_0_clk (net)
                  0.03    0.00   10.12 ^ clkbuf_1_0__f_clk/A (sky130_fd_sc_hd__clkbuf_16)
                  0.02    0.07   10.20 ^ clkbuf_1_0__f_clk/X (sky130_fd_sc_hd__clkbuf_16)
     2    0.01                           clknet_1_0__leaf_clk (net)
                  0.02    0.00   10.20 ^ f2/CLK (D_FF_pe)
                         -0.25    9.95   clock uncertainty
                          0.00    9.95   clock reconvergence pessimism
                         -0.23    9.72   library setup time
                                  9.72   data required time
-----------------------------------------------------------------------------
                                  9.72   data required time
                                 -2.62   data arrival time
-----------------------------------------------------------------------------
                                  7.10   slack (MET)


Startpoint: en (input port clocked by clk)
Endpoint: f1 (rising edge-triggered flip-flop clocked by clk)
Path Group: clk
Path Type: max
Corner: Fastest

Fanout     Cap    Slew   Delay    Time   Description
-----------------------------------------------------------------------------
                          0.00    0.00   clock clk (rise edge)
                          0.00    0.00   clock network delay (propagated)
                          2.00    2.00 ^ input external delay
                  0.02    0.01    2.01 ^ en (in)
     1    0.00                           en (net)
                  0.02    0.00    2.01 ^ input1/A (sky130_fd_sc_hd__buf_1)
                  0.13    0.12    2.13 ^ input1/X (sky130_fd_sc_hd__buf_1)
     2    0.01                           net1 (net)
                  0.13    0.00    2.13 ^ n1/A (Nand_gate)
                  0.04    0.06    2.20 v n1/Y (Nand_gate)
     1    0.00                           nc[1] (net)
                  0.04    0.00    2.20 v i1/A (inverter)
                  0.07    0.07    2.26 ^ i1/Y (inverter)
     2    0.01                           c[1] (net)
                  0.07    0.00    2.26 ^ x1/B (Xnor)
                  0.16    0.17    2.44 ^ x1/Y (Xnor)
     1    0.00                           xo[1] (net)
                  0.16    0.00    2.44 ^ r1/A (Nor_gate)
                  0.03    0.06    2.50 v r1/Y (Nor_gate)
     1    0.00                           d[1] (net)
                  0.03    0.00    2.50 v f1/D (D_FF_pe)
                                  2.50   data arrival time

                         10.00   10.00   clock clk (rise edge)
                          0.00   10.00   clock source latency
                  0.06    0.04   10.04 ^ clk (in)
     1    0.02                           clk (net)
                  0.06    0.00   10.04 ^ clkbuf_0_clk/A (sky130_fd_sc_hd__clkbuf_16)
                  0.03    0.09   10.12 ^ clkbuf_0_clk/X (sky130_fd_sc_hd__clkbuf_16)
     2    0.02                           clknet_0_clk (net)
                  0.03    0.00   10.12 ^ clkbuf_1_0__f_clk/A (sky130_fd_sc_hd__clkbuf_16)
                  0.02    0.07   10.20 ^ clkbuf_1_0__f_clk/X (sky130_fd_sc_hd__clkbuf_16)
     2    0.01                           clknet_1_0__leaf_clk (net)
                  0.02    0.00   10.20 ^ f1/CLK (D_FF_pe)
                         -0.25    9.95   clock uncertainty
                          0.00    9.95   clock reconvergence pessimism
                         -0.23    9.72   library setup time
                                  9.72   data required time
-----------------------------------------------------------------------------
                                  9.72   data required time
                                 -2.50   data arrival time
-----------------------------------------------------------------------------
                                  7.22   slack (MET)


Startpoint: en (input port clocked by clk)
Endpoint: f0 (rising edge-triggered flip-flop clocked by clk)
Path Group: clk
Path Type: max
Corner: Fastest

Fanout     Cap    Slew   Delay    Time   Description
-----------------------------------------------------------------------------
                          0.00    0.00   clock clk (rise edge)
                          0.00    0.00   clock network delay (propagated)
                          2.00    2.00 ^ input external delay
                  0.02    0.01    2.01 ^ en (in)
     1    0.00                           en (net)
                  0.02    0.00    2.01 ^ input1/A (sky130_fd_sc_hd__buf_1)
                  0.13    0.12    2.13 ^ input1/X (sky130_fd_sc_hd__buf_1)
     2    0.01                           net1 (net)
                  0.13    0.00    2.13 ^ x0/B (Xnor)
                  0.17    0.19    2.33 ^ x0/Y (Xnor)
     1    0.00                           xo[0] (net)
                  0.17    0.00    2.33 ^ r0/A (Nor_gate)
                  0.03    0.05    2.38 v r0/Y (Nor_gate)
     1    0.00                           d[0] (net)
                  0.03    0.00    2.38 v f0/D (D_FF_pe)
                                  2.38   data arrival time

                         10.00   10.00   clock clk (rise edge)
                          0.00   10.00   clock source latency
                  0.06    0.04   10.04 ^ clk (in)
     1    0.02                           clk (net)
                  0.06    0.00   10.04 ^ clkbuf_0_clk/A (sky130_fd_sc_hd__clkbuf_16)
                  0.03    0.09   10.12 ^ clkbuf_0_clk/X (sky130_fd_sc_hd__clkbuf_16)
     2    0.02                           clknet_0_clk (net)
                  0.03    0.00   10.12 ^ clkbuf_1_1__f_clk/A (sky130_fd_sc_hd__clkbuf_16)
                  0.02    0.07   10.20 ^ clkbuf_1_1__f_clk/X (sky130_fd_sc_hd__clkbuf_16)
     2    0.01                           clknet_1_1__leaf_clk (net)
                  0.02    0.00   10.20 ^ f0/CLK (D_FF_pe)
                         -0.25    9.95   clock uncertainty
                          0.00    9.95   clock reconvergence pessimism
                         -0.23    9.72   library setup time
                                  9.72   data required time
-----------------------------------------------------------------------------
                                  9.72   data required time
                                 -2.38   data arrival time
-----------------------------------------------------------------------------
                                  7.33   slack (MET)



======================= Slowest Corner ===================================

Startpoint: f2 (rising edge-triggered flip-flop clocked by clk)
Endpoint: count[2] (output port clocked by clk)
Path Group: clk
Path Type: max
Corner: Slowest

Fanout     Cap    Slew   Delay    Time   Description
-----------------------------------------------------------------------------
                          0.00    0.00   clock clk (rise edge)
                          0.00    0.00   clock source latency
                  0.12    0.08    0.08 ^ clk (in)
     1    0.02                           clk (net)
                  0.12    0.00    0.08 ^ clkbuf_0_clk/A (sky130_fd_sc_hd__clkbuf_16)
                  0.07    0.26    0.34 ^ clkbuf_0_clk/X (sky130_fd_sc_hd__clkbuf_16)
     2    0.02                           clknet_0_clk (net)
                  0.07    0.00    0.34 ^ clkbuf_1_0__f_clk/A (sky130_fd_sc_hd__clkbuf_16)
                  0.05    0.21    0.55 ^ clkbuf_1_0__f_clk/X (sky130_fd_sc_hd__clkbuf_16)
     2    0.01                           clknet_1_0__leaf_clk (net)
                  0.05    0.00    0.55 ^ f2/CLK (D_FF_pe)
                  0.14    0.45    1.00 ^ f2/Q (D_FF_pe)
     3    0.02                           net5 (net)
                  0.14    0.00    1.00 ^ output5/A (sky130_fd_sc_hd__clkbuf_4)
                  0.18    0.38    1.38 ^ output5/X (sky130_fd_sc_hd__clkbuf_4)
     1    0.03                           count[2] (net)
                  0.18    0.00    1.38 ^ count[2] (out)
                                  1.38   data arrival time

                         10.00   10.00   clock clk (rise edge)
                          0.00   10.00   clock network delay (propagated)
                         -0.25    9.75   clock uncertainty
                          0.00    9.75   clock reconvergence pessimism
                         -2.00    7.75   output external delay
                                  7.75   data required time
-----------------------------------------------------------------------------
                                  7.75   data required time
                                 -1.38   data arrival time
-----------------------------------------------------------------------------
                                  6.37   slack (MET)


Startpoint: f3 (rising edge-triggered flip-flop clocked by clk)
Endpoint: count[3] (output port clocked by clk)
Path Group: clk
Path Type: max
Corner: Slowest

Fanout     Cap    Slew   Delay    Time   Description
-----------------------------------------------------------------------------
                          0.00    0.00   clock clk (rise edge)
                          0.00    0.00   clock source latency
                  0.12    0.08    0.08 ^ clk (in)
     1    0.02                           clk (net)
                  0.12    0.00    0.08 ^ clkbuf_0_clk/A (sky130_fd_sc_hd__clkbuf_16)
                  0.07    0.26    0.34 ^ clkbuf_0_clk/X (sky130_fd_sc_hd__clkbuf_16)
     2    0.02                           clknet_0_clk (net)
                  0.07    0.00    0.34 ^ clkbuf_1_1__f_clk/A (sky130_fd_sc_hd__clkbuf_16)
                  0.05    0.21    0.55 ^ clkbuf_1_1__f_clk/X (sky130_fd_sc_hd__clkbuf_16)
     2    0.01                           clknet_1_1__leaf_clk (net)
                  0.05    0.00    0.55 ^ f3/CLK (D_FF_pe)
                  0.12    0.44    0.99 ^ f3/Q (D_FF_pe)
     2    0.02                           net6 (net)
                  0.12    0.00    0.99 ^ output6/A (sky130_fd_sc_hd__clkbuf_4)
                  0.18    0.37    1.36 ^ output6/X (sky130_fd_sc_hd__clkbuf_4)
     1    0.04                           count[3] (net)
                  0.18    0.00    1.36 ^ count[3] (out)
                                  1.36   data arrival time

                         10.00   10.00   clock clk (rise edge)
                          0.00   10.00   clock network delay (propagated)
                         -0.25    9.75   clock uncertainty
                          0.00    9.75   clock reconvergence pessimism
                         -2.00    7.75   output external delay
                                  7.75   data required time
-----------------------------------------------------------------------------
                                  7.75   data required time
                                 -1.36   data arrival time
-----------------------------------------------------------------------------
                                  6.39   slack (MET)


Startpoint: f1 (rising edge-triggered flip-flop clocked by clk)
Endpoint: count[1] (output port clocked by clk)
Path Group: clk
Path Type: max
Corner: Slowest

Fanout     Cap    Slew   Delay    Time   Description
-----------------------------------------------------------------------------
                          0.00    0.00   clock clk (rise edge)
                          0.00    0.00   clock source latency
                  0.12    0.08    0.08 ^ clk (in)
     1    0.02                           clk (net)
                  0.12    0.00    0.08 ^ clkbuf_0_clk/A (sky130_fd_sc_hd__clkbuf_16)
                  0.07    0.26    0.34 ^ clkbuf_0_clk/X (sky130_fd_sc_hd__clkbuf_16)
     2    0.02                           clknet_0_clk (net)
                  0.07    0.00    0.34 ^ clkbuf_1_0__f_clk/A (sky130_fd_sc_hd__clkbuf_16)
                  0.05    0.21    0.55 ^ clkbuf_1_0__f_clk/X (sky130_fd_sc_hd__clkbuf_16)
     2    0.01                           clknet_1_0__leaf_clk (net)
                  0.05    0.00    0.55 ^ f1/CLK (D_FF_pe)
                  0.11    0.43    0.98 ^ f1/Q (D_FF_pe)
     3    0.01                           net4 (net)
                  0.11    0.00    0.98 ^ output4/A (sky130_fd_sc_hd__clkbuf_4)
                  0.18    0.36    1.34 ^ output4/X (sky130_fd_sc_hd__clkbuf_4)
     1    0.03                           count[1] (net)
                  0.18    0.00    1.34 ^ count[1] (out)
                                  1.34   data arrival time

                         10.00   10.00   clock clk (rise edge)
                          0.00   10.00   clock network delay (propagated)
                         -0.25    9.75   clock uncertainty
                          0.00    9.75   clock reconvergence pessimism
                         -2.00    7.75   output external delay
                                  7.75   data required time
-----------------------------------------------------------------------------
                                  7.75   data required time
                                 -1.34   data arrival time
-----------------------------------------------------------------------------
                                  6.41   slack (MET)


Startpoint: f0 (rising edge-triggered flip-flop clocked by clk)
Endpoint: count[0] (output port clocked by clk)
Path Group: clk
Path Type: max
Corner: Slowest

Fanout     Cap    Slew   Delay    Time   Description
-----------------------------------------------------------------------------
                          0.00    0.00   clock clk (rise edge)
                          0.00    0.00   clock source latency
                  0.12    0.08    0.08 ^ clk (in)
     1    0.02                           clk (net)
                  0.12    0.00    0.08 ^ clkbuf_0_clk/A (sky130_fd_sc_hd__clkbuf_16)
                  0.07    0.26    0.34 ^ clkbuf_0_clk/X (sky130_fd_sc_hd__clkbuf_16)
     2    0.02                           clknet_0_clk (net)
                  0.07    0.00    0.34 ^ clkbuf_1_1__f_clk/A (sky130_fd_sc_hd__clkbuf_16)
                  0.05    0.21    0.55 ^ clkbuf_1_1__f_clk/X (sky130_fd_sc_hd__clkbuf_16)
     2    0.01                           clknet_1_1__leaf_clk (net)
                  0.05    0.00    0.55 ^ f0/CLK (D_FF_pe)
                  0.11    0.42    0.97 ^ f0/Q (D_FF_pe)
     3    0.01                           net3 (net)
                  0.11    0.00    0.98 ^ output3/A (sky130_fd_sc_hd__clkbuf_4)
                  0.18    0.36    1.34 ^ output3/X (sky130_fd_sc_hd__clkbuf_4)
     1    0.03                           count[0] (net)
                  0.18    0.00    1.34 ^ count[0] (out)
                                  1.34   data arrival time

                         10.00   10.00   clock clk (rise edge)
                          0.00   10.00   clock network delay (propagated)
                         -0.25    9.75   clock uncertainty
                          0.00    9.75   clock reconvergence pessimism
                         -2.00    7.75   output external delay
                                  7.75   data required time
-----------------------------------------------------------------------------
                                  7.75   data required time
                                 -1.34   data arrival time
-----------------------------------------------------------------------------
                                  6.41   slack (MET)


Startpoint: en (input port clocked by clk)
Endpoint: f3 (rising edge-triggered flip-flop clocked by clk)
Path Group: clk
Path Type: max
Corner: Slowest

Fanout     Cap    Slew   Delay    Time   Description
-----------------------------------------------------------------------------
                          0.00    0.00   clock clk (rise edge)
                          0.00    0.00   clock network delay (propagated)
                          2.00    2.00 ^ input external delay
                  0.04    0.02    2.02 ^ en (in)
     1    0.00                           en (net)
                  0.04    0.00    2.02 ^ input1/A (sky130_fd_sc_hd__buf_1)
                  0.29    0.31    2.32 ^ input1/X (sky130_fd_sc_hd__buf_1)
     2    0.01                           net1 (net)
                  0.29    0.00    2.33 ^ n1/A (Nand_gate)
                  0.05    0.09    2.41 v n1/Y (Nand_gate)
     1    0.00                           nc[1] (net)
                  0.05    0.00    2.41 v i1/A (inverter)
                  0.07    0.07    2.48 ^ i1/Y (inverter)
     2    0.01                           c[1] (net)
                  0.07    0.00    2.48 ^ n2/A (Nand_gate)
                  0.04    0.05    2.53 v n2/Y (Nand_gate)
     1    0.00                           nc[2] (net)
                  0.04    0.00    2.53 v i2/A (inverter)
                  0.09    0.08    2.61 ^ i2/Y (inverter)
     2    0.01                           c[2] (net)
                  0.09    0.00    2.61 ^ n3/A (Nand_gate)
                  0.04    0.05    2.66 v n3/Y (Nand_gate)
     1    0.00                           nc[3] (net)
                  0.04    0.00    2.66 v i3/A (inverter)
                  0.05    0.05    2.71 ^ i3/Y (inverter)
     1    0.01                           c[3] (net)
                  0.05    0.00    2.71 ^ x3/B (Xnor)
                  0.16    0.17    2.88 ^ x3/Y (Xnor)
     1    0.00                           xo[3] (net)
                  0.16    0.00    2.88 ^ r3/A (Nor_gate)
                  0.04    0.06    2.94 v r3/Y (Nor_gate)
     1    0.00                           d[3] (net)
                  0.04    0.00    2.94 v f3/D (D_FF_pe)
                                  2.94   data arrival time

                         10.00   10.00   clock clk (rise edge)
                          0.00   10.00   clock source latency
                  0.12    0.08   10.08 ^ clk (in)
     1    0.02                           clk (net)
                  0.12    0.00   10.08 ^ clkbuf_0_clk/A (sky130_fd_sc_hd__clkbuf_16)
                  0.07    0.23   10.31 ^ clkbuf_0_clk/X (sky130_fd_sc_hd__clkbuf_16)
     2    0.02                           clknet_0_clk (net)
                  0.07    0.00   10.31 ^ clkbuf_1_1__f_clk/A (sky130_fd_sc_hd__clkbuf_16)
                  0.05    0.19   10.50 ^ clkbuf_1_1__f_clk/X (sky130_fd_sc_hd__clkbuf_16)
     2    0.01                           clknet_1_1__leaf_clk (net)
                  0.05    0.00   10.50 ^ f3/CLK (D_FF_pe)
                         -0.25   10.25   clock uncertainty
                          0.00   10.25   clock reconvergence pessimism
                         -0.23   10.02   library setup time
                                 10.02   data required time
-----------------------------------------------------------------------------
                                 10.02   data required time
                                 -2.94   data arrival time
-----------------------------------------------------------------------------
                                  7.08   slack (MET)


Startpoint: en (input port clocked by clk)
Endpoint: f2 (rising edge-triggered flip-flop clocked by clk)
Path Group: clk
Path Type: max
Corner: Slowest

Fanout     Cap    Slew   Delay    Time   Description
-----------------------------------------------------------------------------
                          0.00    0.00   clock clk (rise edge)
                          0.00    0.00   clock network delay (propagated)
                          2.00    2.00 ^ input external delay
                  0.04    0.02    2.02 ^ en (in)
     1    0.00                           en (net)
                  0.04    0.00    2.02 ^ input1/A (sky130_fd_sc_hd__buf_1)
                  0.29    0.31    2.32 ^ input1/X (sky130_fd_sc_hd__buf_1)
     2    0.01                           net1 (net)
                  0.29    0.00    2.33 ^ n1/A (Nand_gate)
                  0.05    0.09    2.41 v n1/Y (Nand_gate)
     1    0.00                           nc[1] (net)
                  0.05    0.00    2.41 v i1/A (inverter)
                  0.07    0.07    2.48 ^ i1/Y (inverter)
     2    0.01                           c[1] (net)
                  0.07    0.00    2.48 ^ n2/A (Nand_gate)
                  0.04    0.05    2.53 v n2/Y (Nand_gate)
     1    0.00                           nc[2] (net)
                  0.04    0.00    2.53 v i2/A (inverter)
                  0.09    0.08    2.61 ^ i2/Y (inverter)
     2    0.01                           c[2] (net)
                  0.09    0.00    2.61 ^ x2/B (Xnor)
                  0.15    0.17    2.78 ^ x2/Y (Xnor)
     1    0.00                           xo[2] (net)
                  0.15    0.00    2.78 ^ r2/A (Nor_gate)
                  0.03    0.05    2.83 v r2/Y (Nor_gate)
     1    0.00                           d[2] (net)
                  0.03    0.00    2.83 v f2/D (D_FF_pe)
                                  2.83   data arrival time

                         10.00   10.00   clock clk (rise edge)
                          0.00   10.00   clock source latency
                  0.12    0.08   10.08 ^ clk (in)
     1    0.02                           clk (net)
                  0.12    0.00   10.08 ^ clkbuf_0_clk/A (sky130_fd_sc_hd__clkbuf_16)
                  0.07    0.23   10.31 ^ clkbuf_0_clk/X (sky130_fd_sc_hd__clkbuf_16)
     2    0.02                           clknet_0_clk (net)
                  0.07    0.00   10.31 ^ clkbuf_1_0__f_clk/A (sky130_fd_sc_hd__clkbuf_16)
                  0.05    0.19   10.50 ^ clkbuf_1_0__f_clk/X (sky130_fd_sc_hd__clkbuf_16)
     2    0.01                           clknet_1_0__leaf_clk (net)
                  0.05    0.00   10.50 ^ f2/CLK (D_FF_pe)
                         -0.25   10.25   clock uncertainty
                          0.00   10.25   clock reconvergence pessimism
                         -0.22   10.02   library setup time
                                 10.02   data required time
-----------------------------------------------------------------------------
                                 10.02   data required time
                                 -2.83   data arrival time
-----------------------------------------------------------------------------
                                  7.19   slack (MET)


Startpoint: en (input port clocked by clk)
Endpoint: f1 (rising edge-triggered flip-flop clocked by clk)
Path Group: clk
Path Type: max
Corner: Slowest

Fanout     Cap    Slew   Delay    Time   Description
-----------------------------------------------------------------------------
                          0.00    0.00   clock clk (rise edge)
                          0.00    0.00   clock network delay (propagated)
                          2.00    2.00 ^ input external delay
                  0.04    0.02    2.02 ^ en (in)
     1    0.00                           en (net)
                  0.04    0.00    2.02 ^ input1/A (sky130_fd_sc_hd__buf_1)
                  0.29    0.31    2.32 ^ input1/X (sky130_fd_sc_hd__buf_1)
     2    0.01                           net1 (net)
                  0.29    0.00    2.33 ^ n1/A (Nand_gate)
                  0.05    0.09    2.41 v n1/Y (Nand_gate)
     1    0.00                           nc[1] (net)
                  0.05    0.00    2.41 v i1/A (inverter)
                  0.07    0.07    2.48 ^ i1/Y (inverter)
     2    0.01                           c[1] (net)
                  0.07    0.00    2.48 ^ x1/B (Xnor)
                  0.16    0.17    2.65 ^ x1/Y (Xnor)
     1    0.00                           xo[1] (net)
                  0.16    0.00    2.65 ^ r1/A (Nor_gate)
                  0.04    0.06    2.71 v r1/Y (Nor_gate)
     1    0.00                           d[1] (net)
                  0.04    0.00    2.71 v f1/D (D_FF_pe)
                                  2.71   data arrival time

                         10.00   10.00   clock clk (rise edge)
                          0.00   10.00   clock source latency
                  0.12    0.08   10.08 ^ clk (in)
     1    0.02                           clk (net)
                  0.12    0.00   10.08 ^ clkbuf_0_clk/A (sky130_fd_sc_hd__clkbuf_16)
                  0.07    0.23   10.31 ^ clkbuf_0_clk/X (sky130_fd_sc_hd__clkbuf_16)
     2    0.02                           clknet_0_clk (net)
                  0.07    0.00   10.31 ^ clkbuf_1_0__f_clk/A (sky130_fd_sc_hd__clkbuf_16)
                  0.05    0.19   10.50 ^ clkbuf_1_0__f_clk/X (sky130_fd_sc_hd__clkbuf_16)
     2    0.01                           clknet_1_0__leaf_clk (net)
                  0.05    0.00   10.50 ^ f1/CLK (D_FF_pe)
                         -0.25   10.25   clock uncertainty
                          0.00   10.25   clock reconvergence pessimism
                         -0.23   10.02   library setup time
                                 10.02   data required time
-----------------------------------------------------------------------------
                                 10.02   data required time
                                 -2.71   data arrival time
-----------------------------------------------------------------------------
                                  7.31   slack (MET)


Startpoint: en (input port clocked by clk)
Endpoint: f0 (rising edge-triggered flip-flop clocked by clk)
Path Group: clk
Path Type: max
Corner: Slowest

Fanout     Cap    Slew   Delay    Time   Description
-----------------------------------------------------------------------------
                          0.00    0.00   clock clk (rise edge)
                          0.00    0.00   clock network delay (propagated)
                          2.00    2.00 ^ input external delay
                  0.04    0.02    2.02 ^ en (in)
     1    0.00                           en (net)
                  0.04    0.00    2.02 ^ input1/A (sky130_fd_sc_hd__buf_1)
                  0.29    0.31    2.32 ^ input1/X (sky130_fd_sc_hd__buf_1)
     2    0.01                           net1 (net)
                  0.29    0.00    2.33 ^ x0/B (Xnor)
                  0.17    0.21    2.54 ^ x0/Y (Xnor)
     1    0.00                           xo[0] (net)
                  0.17    0.00    2.54 ^ r0/A (Nor_gate)
                  0.03    0.05    2.59 v r0/Y (Nor_gate)
     1    0.00                           d[0] (net)
                  0.03    0.00    2.59 v f0/D (D_FF_pe)
                                  2.59   data arrival time

                         10.00   10.00   clock clk (rise edge)
                          0.00   10.00   clock source latency
                  0.12    0.08   10.08 ^ clk (in)
     1    0.02                           clk (net)
                  0.12    0.00   10.08 ^ clkbuf_0_clk/A (sky130_fd_sc_hd__clkbuf_16)
                  0.07    0.23   10.31 ^ clkbuf_0_clk/X (sky130_fd_sc_hd__clkbuf_16)
     2    0.02                           clknet_0_clk (net)
                  0.07    0.00   10.31 ^ clkbuf_1_1__f_clk/A (sky130_fd_sc_hd__clkbuf_16)
                  0.05    0.19   10.50 ^ clkbuf_1_1__f_clk/X (sky130_fd_sc_hd__clkbuf_16)
     2    0.01                           clknet_1_1__leaf_clk (net)
                  0.05    0.00   10.50 ^ f0/CLK (D_FF_pe)
                         -0.25   10.25   clock uncertainty
                          0.00   10.25   clock reconvergence pessimism
                         -0.22   10.02   library setup time
                                 10.02   data required time
-----------------------------------------------------------------------------
                                 10.02   data required time
                                 -2.59   data arrival time
-----------------------------------------------------------------------------
                                  7.43   slack (MET)



======================= Typical Corner ===================================

Startpoint: f2 (rising edge-triggered flip-flop clocked by clk)
Endpoint: count[2] (output port clocked by clk)
Path Group: clk
Path Type: max
Corner: Typical

Fanout     Cap    Slew   Delay    Time   Description
-----------------------------------------------------------------------------
                          0.00    0.00   clock clk (rise edge)
                          0.00    0.00   clock source latency
                  0.08    0.05    0.05 ^ clk (in)
     1    0.02                           clk (net)
                  0.08    0.00    0.05 ^ clkbuf_0_clk/A (sky130_fd_sc_hd__clkbuf_16)
                  0.04    0.14    0.20 ^ clkbuf_0_clk/X (sky130_fd_sc_hd__clkbuf_16)
     2    0.02                           clknet_0_clk (net)
                  0.04    0.00    0.20 ^ clkbuf_1_0__f_clk/A (sky130_fd_sc_hd__clkbuf_16)
                  0.03    0.12    0.31 ^ clkbuf_1_0__f_clk/X (sky130_fd_sc_hd__clkbuf_16)
     2    0.01                           clknet_1_0__leaf_clk (net)
                  0.03    0.00    0.31 ^ f2/CLK (D_FF_pe)
                  0.14    0.45    0.76 ^ f2/Q (D_FF_pe)
     3    0.02                           net5 (net)
                  0.14    0.00    0.76 ^ output5/A (sky130_fd_sc_hd__clkbuf_4)
                  0.11    0.23    0.99 ^ output5/X (sky130_fd_sc_hd__clkbuf_4)
     1    0.03                           count[2] (net)
                  0.11    0.00    1.00 ^ count[2] (out)
                                  1.00   data arrival time

                         10.00   10.00   clock clk (rise edge)
                          0.00   10.00   clock network delay (propagated)
                         -0.25    9.75   clock uncertainty
                          0.00    9.75   clock reconvergence pessimism
                         -2.00    7.75   output external delay
                                  7.75   data required time
-----------------------------------------------------------------------------
                                  7.75   data required time
                                 -1.00   data arrival time
-----------------------------------------------------------------------------
                                  6.75   slack (MET)


Startpoint: f3 (rising edge-triggered flip-flop clocked by clk)
Endpoint: count[3] (output port clocked by clk)
Path Group: clk
Path Type: max
Corner: Typical

Fanout     Cap    Slew   Delay    Time   Description
-----------------------------------------------------------------------------
                          0.00    0.00   clock clk (rise edge)
                          0.00    0.00   clock source latency
                  0.08    0.05    0.05 ^ clk (in)
     1    0.02                           clk (net)
                  0.08    0.00    0.05 ^ clkbuf_0_clk/A (sky130_fd_sc_hd__clkbuf_16)
                  0.04    0.14    0.20 ^ clkbuf_0_clk/X (sky130_fd_sc_hd__clkbuf_16)
     2    0.02                           clknet_0_clk (net)
                  0.04    0.00    0.20 ^ clkbuf_1_1__f_clk/A (sky130_fd_sc_hd__clkbuf_16)
                  0.03    0.12    0.31 ^ clkbuf_1_1__f_clk/X (sky130_fd_sc_hd__clkbuf_16)
     2    0.01                           clknet_1_1__leaf_clk (net)
                  0.03    0.00    0.31 ^ f3/CLK (D_FF_pe)
                  0.12    0.43    0.75 ^ f3/Q (D_FF_pe)
     2    0.02                           net6 (net)
                  0.12    0.00    0.75 ^ output6/A (sky130_fd_sc_hd__clkbuf_4)
                  0.11    0.23    0.97 ^ output6/X (sky130_fd_sc_hd__clkbuf_4)
     1    0.04                           count[3] (net)
                  0.11    0.00    0.97 ^ count[3] (out)
                                  0.97   data arrival time

                         10.00   10.00   clock clk (rise edge)
                          0.00   10.00   clock network delay (propagated)
                         -0.25    9.75   clock uncertainty
                          0.00    9.75   clock reconvergence pessimism
                         -2.00    7.75   output external delay
                                  7.75   data required time
-----------------------------------------------------------------------------
                                  7.75   data required time
                                 -0.97   data arrival time
-----------------------------------------------------------------------------
                                  6.78   slack (MET)


Startpoint: f1 (rising edge-triggered flip-flop clocked by clk)
Endpoint: count[1] (output port clocked by clk)
Path Group: clk
Path Type: max
Corner: Typical

Fanout     Cap    Slew   Delay    Time   Description
-----------------------------------------------------------------------------
                          0.00    0.00   clock clk (rise edge)
                          0.00    0.00   clock source latency
                  0.08    0.05    0.05 ^ clk (in)
     1    0.02                           clk (net)
                  0.08    0.00    0.05 ^ clkbuf_0_clk/A (sky130_fd_sc_hd__clkbuf_16)
                  0.04    0.14    0.20 ^ clkbuf_0_clk/X (sky130_fd_sc_hd__clkbuf_16)
     2    0.02                           clknet_0_clk (net)
                  0.04    0.00    0.20 ^ clkbuf_1_0__f_clk/A (sky130_fd_sc_hd__clkbuf_16)
                  0.03    0.12    0.31 ^ clkbuf_1_0__f_clk/X (sky130_fd_sc_hd__clkbuf_16)
     2    0.01                           clknet_1_0__leaf_clk (net)
                  0.03    0.00    0.31 ^ f1/CLK (D_FF_pe)
                  0.11    0.42    0.74 ^ f1/Q (D_FF_pe)
     3    0.01                           net4 (net)
                  0.11    0.00    0.74 ^ output4/A (sky130_fd_sc_hd__clkbuf_4)
                  0.11    0.22    0.96 ^ output4/X (sky130_fd_sc_hd__clkbuf_4)
     1    0.03                           count[1] (net)
                  0.11    0.00    0.96 ^ count[1] (out)
                                  0.96   data arrival time

                         10.00   10.00   clock clk (rise edge)
                          0.00   10.00   clock network delay (propagated)
                         -0.25    9.75   clock uncertainty
                          0.00    9.75   clock reconvergence pessimism
                         -2.00    7.75   output external delay
                                  7.75   data required time
-----------------------------------------------------------------------------
                                  7.75   data required time
                                 -0.96   data arrival time
-----------------------------------------------------------------------------
                                  6.79   slack (MET)


Startpoint: f0 (rising edge-triggered flip-flop clocked by clk)
Endpoint: count[0] (output port clocked by clk)
Path Group: clk
Path Type: max
Corner: Typical

Fanout     Cap    Slew   Delay    Time   Description
-----------------------------------------------------------------------------
                          0.00    0.00   clock clk (rise edge)
                          0.00    0.00   clock source latency
                  0.08    0.05    0.05 ^ clk (in)
     1    0.02                           clk (net)
                  0.08    0.00    0.05 ^ clkbuf_0_clk/A (sky130_fd_sc_hd__clkbuf_16)
                  0.04    0.14    0.20 ^ clkbuf_0_clk/X (sky130_fd_sc_hd__clkbuf_16)
     2    0.02                           clknet_0_clk (net)
                  0.04    0.00    0.20 ^ clkbuf_1_1__f_clk/A (sky130_fd_sc_hd__clkbuf_16)
                  0.03    0.12    0.31 ^ clkbuf_1_1__f_clk/X (sky130_fd_sc_hd__clkbuf_16)
     2    0.01                           clknet_1_1__leaf_clk (net)
                  0.03    0.00    0.31 ^ f0/CLK (D_FF_pe)
                  0.11    0.42    0.73 ^ f0/Q (D_FF_pe)
     3    0.01                           net3 (net)
                  0.11    0.00    0.74 ^ output3/A (sky130_fd_sc_hd__clkbuf_4)
                  0.11    0.22    0.95 ^ output3/X (sky130_fd_sc_hd__clkbuf_4)
     1    0.03                           count[0] (net)
                  0.11    0.00    0.95 ^ count[0] (out)
                                  0.95   data arrival time

                         10.00   10.00   clock clk (rise edge)
                          0.00   10.00   clock network delay (propagated)
                         -0.25    9.75   clock uncertainty
                          0.00    9.75   clock reconvergence pessimism
                         -2.00    7.75   output external delay
                                  7.75   data required time
-----------------------------------------------------------------------------
                                  7.75   data required time
                                 -0.95   data arrival time
-----------------------------------------------------------------------------
                                  6.80   slack (MET)


Startpoint: en (input port clocked by clk)
Endpoint: f3 (rising edge-triggered flip-flop clocked by clk)
Path Group: clk
Path Type: max
Corner: Typical

Fanout     Cap    Slew   Delay    Time   Description
-----------------------------------------------------------------------------
                          0.00    0.00   clock clk (rise edge)
                          0.00    0.00   clock network delay (propagated)
                          2.00    2.00 ^ input external delay
                  0.02    0.01    2.01 ^ en (in)
     1    0.00                           en (net)
                  0.02    0.00    2.01 ^ input1/A (sky130_fd_sc_hd__buf_1)
                  0.18    0.18    2.19 ^ input1/X (sky130_fd_sc_hd__buf_1)
     2    0.01                           net1 (net)
                  0.18    0.00    2.19 ^ n1/A (Nand_gate)
                  0.04    0.07    2.26 v n1/Y (Nand_gate)
     1    0.00                           nc[1] (net)
                  0.04    0.00    2.26 v i1/A (inverter)
                  0.07    0.07    2.33 ^ i1/Y (inverter)
     2    0.01                           c[1] (net)
                  0.07    0.00    2.33 ^ n2/A (Nand_gate)
                  0.04    0.05    2.38 v n2/Y (Nand_gate)
     1    0.00                           nc[2] (net)
                  0.04    0.00    2.38 v i2/A (inverter)
                  0.09    0.08    2.46 ^ i2/Y (inverter)
     2    0.01                           c[2] (net)
                  0.09    0.00    2.46 ^ n3/A (Nand_gate)
                  0.04    0.05    2.51 v n3/Y (Nand_gate)
     1    0.00                           nc[3] (net)
                  0.04    0.00    2.51 v i3/A (inverter)
                  0.05    0.05    2.56 ^ i3/Y (inverter)
     1    0.01                           c[3] (net)
                  0.05    0.00    2.56 ^ x3/B (Xnor)
                  0.16    0.17    2.73 ^ x3/Y (Xnor)
     1    0.00                           xo[3] (net)
                  0.16    0.00    2.73 ^ r3/A (Nor_gate)
                  0.03    0.06    2.79 v r3/Y (Nor_gate)
     1    0.00                           d[3] (net)
                  0.03    0.00    2.79 v f3/D (D_FF_pe)
                                  2.79   data arrival time

                         10.00   10.00   clock clk (rise edge)
                          0.00   10.00   clock source latency
                  0.08    0.05   10.05 ^ clk (in)
     1    0.02                           clk (net)
                  0.08    0.00   10.05 ^ clkbuf_0_clk/A (sky130_fd_sc_hd__clkbuf_16)
                  0.04    0.13   10.18 ^ clkbuf_0_clk/X (sky130_fd_sc_hd__clkbuf_16)
     2    0.02                           clknet_0_clk (net)
                  0.04    0.00   10.18 ^ clkbuf_1_1__f_clk/A (sky130_fd_sc_hd__clkbuf_16)
                  0.03    0.11   10.28 ^ clkbuf_1_1__f_clk/X (sky130_fd_sc_hd__clkbuf_16)
     2    0.01                           clknet_1_1__leaf_clk (net)
                  0.03    0.00   10.28 ^ f3/CLK (D_FF_pe)
                         -0.25   10.03   clock uncertainty
                          0.00   10.03   clock reconvergence pessimism
                         -0.23    9.81   library setup time
                                  9.81   data required time
-----------------------------------------------------------------------------
                                  9.81   data required time
                                 -2.79   data arrival time
-----------------------------------------------------------------------------
                                  7.02   slack (MET)


Startpoint: en (input port clocked by clk)
Endpoint: f2 (rising edge-triggered flip-flop clocked by clk)
Path Group: clk
Path Type: max
Corner: Typical

Fanout     Cap    Slew   Delay    Time   Description
-----------------------------------------------------------------------------
                          0.00    0.00   clock clk (rise edge)
                          0.00    0.00   clock network delay (propagated)
                          2.00    2.00 ^ input external delay
                  0.02    0.01    2.01 ^ en (in)
     1    0.00                           en (net)
                  0.02    0.00    2.01 ^ input1/A (sky130_fd_sc_hd__buf_1)
                  0.18    0.18    2.19 ^ input1/X (sky130_fd_sc_hd__buf_1)
     2    0.01                           net1 (net)
                  0.18    0.00    2.19 ^ n1/A (Nand_gate)
                  0.04    0.07    2.26 v n1/Y (Nand_gate)
     1    0.00                           nc[1] (net)
                  0.04    0.00    2.26 v i1/A (inverter)
                  0.07    0.07    2.33 ^ i1/Y (inverter)
     2    0.01                           c[1] (net)
                  0.07    0.00    2.33 ^ n2/A (Nand_gate)
                  0.04    0.05    2.38 v n2/Y (Nand_gate)
     1    0.00                           nc[2] (net)
                  0.04    0.00    2.38 v i2/A (inverter)
                  0.09    0.08    2.46 ^ i2/Y (inverter)
     2    0.01                           c[2] (net)
                  0.09    0.00    2.46 ^ x2/B (Xnor)
                  0.15    0.17    2.63 ^ x2/Y (Xnor)
     1    0.00                           xo[2] (net)
                  0.15    0.00    2.63 ^ r2/A (Nor_gate)
                  0.03    0.05    2.68 v r2/Y (Nor_gate)
     1    0.00                           d[2] (net)
                  0.03    0.00    2.68 v f2/D (D_FF_pe)
                                  2.68   data arrival time

                         10.00   10.00   clock clk (rise edge)
                          0.00   10.00   clock source latency
                  0.08    0.05   10.05 ^ clk (in)
     1    0.02                           clk (net)
                  0.08    0.00   10.05 ^ clkbuf_0_clk/A (sky130_fd_sc_hd__clkbuf_16)
                  0.04    0.13   10.18 ^ clkbuf_0_clk/X (sky130_fd_sc_hd__clkbuf_16)
     2    0.02                           clknet_0_clk (net)
                  0.04    0.00   10.18 ^ clkbuf_1_0__f_clk/A (sky130_fd_sc_hd__clkbuf_16)
                  0.03    0.11   10.28 ^ clkbuf_1_0__f_clk/X (sky130_fd_sc_hd__clkbuf_16)
     2    0.01                           clknet_1_0__leaf_clk (net)
                  0.03    0.00   10.28 ^ f2/CLK (D_FF_pe)
                         -0.25   10.03   clock uncertainty
                          0.00   10.03   clock reconvergence pessimism
                         -0.23    9.81   library setup time
                                  9.81   data required time
-----------------------------------------------------------------------------
                                  9.81   data required time
                                 -2.68   data arrival time
-----------------------------------------------------------------------------
                                  7.13   slack (MET)


Startpoint: en (input port clocked by clk)
Endpoint: f1 (rising edge-triggered flip-flop clocked by clk)
Path Group: clk
Path Type: max
Corner: Typical

Fanout     Cap    Slew   Delay    Time   Description
-----------------------------------------------------------------------------
                          0.00    0.00   clock clk (rise edge)
                          0.00    0.00   clock network delay (propagated)
                          2.00    2.00 ^ input external delay
                  0.02    0.01    2.01 ^ en (in)
     1    0.00                           en (net)
                  0.02    0.00    2.01 ^ input1/A (sky130_fd_sc_hd__buf_1)
                  0.18    0.18    2.19 ^ input1/X (sky130_fd_sc_hd__buf_1)
     2    0.01                           net1 (net)
                  0.18    0.00    2.19 ^ n1/A (Nand_gate)
                  0.04    0.07    2.26 v n1/Y (Nand_gate)
     1    0.00                           nc[1] (net)
                  0.04    0.00    2.26 v i1/A (inverter)
                  0.07    0.07    2.33 ^ i1/Y (inverter)
     2    0.01                           c[1] (net)
                  0.07    0.00    2.33 ^ x1/B (Xnor)
                  0.16    0.17    2.50 ^ x1/Y (Xnor)
     1    0.00                           xo[1] (net)
                  0.16    0.00    2.50 ^ r1/A (Nor_gate)
                  0.03    0.06    2.56 v r1/Y (Nor_gate)
     1    0.00                           d[1] (net)
                  0.03    0.00    2.56 v f1/D (D_FF_pe)
                                  2.56   data arrival time

                         10.00   10.00   clock clk (rise edge)
                          0.00   10.00   clock source latency
                  0.08    0.05   10.05 ^ clk (in)
     1    0.02                           clk (net)
                  0.08    0.00   10.05 ^ clkbuf_0_clk/A (sky130_fd_sc_hd__clkbuf_16)
                  0.04    0.13   10.18 ^ clkbuf_0_clk/X (sky130_fd_sc_hd__clkbuf_16)
     2    0.02                           clknet_0_clk (net)
                  0.04    0.00   10.18 ^ clkbuf_1_0__f_clk/A (sky130_fd_sc_hd__clkbuf_16)
                  0.03    0.11   10.28 ^ clkbuf_1_0__f_clk/X (sky130_fd_sc_hd__clkbuf_16)
     2    0.01                           clknet_1_0__leaf_clk (net)
                  0.03    0.00   10.28 ^ f1/CLK (D_FF_pe)
                         -0.25   10.03   clock uncertainty
                          0.00   10.03   clock reconvergence pessimism
                         -0.23    9.81   library setup time
                                  9.81   data required time
-----------------------------------------------------------------------------
                                  9.81   data required time
                                 -2.56   data arrival time
-----------------------------------------------------------------------------
                                  7.25   slack (MET)


Startpoint: en (input port clocked by clk)
Endpoint: f0 (rising edge-triggered flip-flop clocked by clk)
Path Group: clk
Path Type: max
Corner: Typical

Fanout     Cap    Slew   Delay    Time   Description
-----------------------------------------------------------------------------
                          0.00    0.00   clock clk (rise edge)
                          0.00    0.00   clock network delay (propagated)
                          2.00    2.00 ^ input external delay
                  0.02    0.01    2.01 ^ en (in)
     1    0.00                           en (net)
                  0.02    0.00    2.01 ^ input1/A (sky130_fd_sc_hd__buf_1)
                  0.18    0.18    2.19 ^ input1/X (sky130_fd_sc_hd__buf_1)
     2    0.01                           net1 (net)
                  0.18    0.00    2.19 ^ x0/B (Xnor)
                  0.17    0.20    2.39 ^ x0/Y (Xnor)
     1    0.00                           xo[0] (net)
                  0.17    0.00    2.39 ^ r0/A (Nor_gate)
                  0.03    0.05    2.44 v r0/Y (Nor_gate)
     1    0.00                           d[0] (net)
                  0.03    0.00    2.44 v f0/D (D_FF_pe)
                                  2.44   data arrival time

                         10.00   10.00   clock clk (rise edge)
                          0.00   10.00   clock source latency
                  0.08    0.05   10.05 ^ clk (in)
     1    0.02                           clk (net)
                  0.08    0.00   10.05 ^ clkbuf_0_clk/A (sky130_fd_sc_hd__clkbuf_16)
                  0.04    0.13   10.18 ^ clkbuf_0_clk/X (sky130_fd_sc_hd__clkbuf_16)
     2    0.02                           clknet_0_clk (net)
                  0.04    0.00   10.18 ^ clkbuf_1_1__f_clk/A (sky130_fd_sc_hd__clkbuf_16)
                  0.03    0.11   10.28 ^ clkbuf_1_1__f_clk/X (sky130_fd_sc_hd__clkbuf_16)
     2    0.01                           clknet_1_1__leaf_clk (net)
                  0.03    0.00   10.28 ^ f0/CLK (D_FF_pe)
                         -0.25   10.03   clock uncertainty
                          0.00   10.03   clock reconvergence pessimism
                         -0.23    9.81   library setup time
                                  9.81   data required time
-----------------------------------------------------------------------------
                                  9.81   data required time
                                 -2.44   data arrival time
-----------------------------------------------------------------------------
                                  7.36   slack (MET)



max_report_end
checks_report

===========================================================================
report_checks -unconstrained
===========================================================================
======================= Fastest Corner ===================================

Startpoint: f2 (rising edge-triggered flip-flop clocked by clk)
Endpoint: count[2] (output port clocked by clk)
Path Group: clk
Path Type: max
Corner: Fastest

Fanout     Cap    Slew   Delay    Time   Description
-----------------------------------------------------------------------------
                          0.00    0.00   clock clk (rise edge)
                          0.00    0.00   clock source latency
                  0.06    0.04    0.04 ^ clk (in)
     1    0.02                           clk (net)
                  0.06    0.00    0.04 ^ clkbuf_0_clk/A (sky130_fd_sc_hd__clkbuf_16)
                  0.03    0.10    0.14 ^ clkbuf_0_clk/X (sky130_fd_sc_hd__clkbuf_16)
     2    0.02                           clknet_0_clk (net)
                  0.03    0.00    0.14 ^ clkbuf_1_0__f_clk/A (sky130_fd_sc_hd__clkbuf_16)
                  0.02    0.08    0.22 ^ clkbuf_1_0__f_clk/X (sky130_fd_sc_hd__clkbuf_16)
     2    0.01                           clknet_1_0__leaf_clk (net)
                  0.02    0.00    0.22 ^ f2/CLK (D_FF_pe)
                  0.14    0.44    0.66 ^ f2/Q (D_FF_pe)
     3    0.02                           net5 (net)
                  0.14    0.00    0.66 ^ output5/A (sky130_fd_sc_hd__clkbuf_4)
                  0.09    0.16    0.83 ^ output5/X (sky130_fd_sc_hd__clkbuf_4)
     1    0.03                           count[2] (net)
                  0.09    0.00    0.83 ^ count[2] (out)
                                  0.83   data arrival time

                         10.00   10.00   clock clk (rise edge)
                          0.00   10.00   clock network delay (propagated)
                         -0.25    9.75   clock uncertainty
                          0.00    9.75   clock reconvergence pessimism
                         -2.00    7.75   output external delay
                                  7.75   data required time
-----------------------------------------------------------------------------
                                  7.75   data required time
                                 -0.83   data arrival time
-----------------------------------------------------------------------------
                                  6.92   slack (MET)



======================= Slowest Corner ===================================

Startpoint: f2 (rising edge-triggered flip-flop clocked by clk)
Endpoint: count[2] (output port clocked by clk)
Path Group: clk
Path Type: max
Corner: Slowest

Fanout     Cap    Slew   Delay    Time   Description
-----------------------------------------------------------------------------
                          0.00    0.00   clock clk (rise edge)
                          0.00    0.00   clock source latency
                  0.12    0.08    0.08 ^ clk (in)
     1    0.02                           clk (net)
                  0.12    0.00    0.08 ^ clkbuf_0_clk/A (sky130_fd_sc_hd__clkbuf_16)
                  0.07    0.26    0.34 ^ clkbuf_0_clk/X (sky130_fd_sc_hd__clkbuf_16)
     2    0.02                           clknet_0_clk (net)
                  0.07    0.00    0.34 ^ clkbuf_1_0__f_clk/A (sky130_fd_sc_hd__clkbuf_16)
                  0.05    0.21    0.55 ^ clkbuf_1_0__f_clk/X (sky130_fd_sc_hd__clkbuf_16)
     2    0.01                           clknet_1_0__leaf_clk (net)
                  0.05    0.00    0.55 ^ f2/CLK (D_FF_pe)
                  0.14    0.45    1.00 ^ f2/Q (D_FF_pe)
     3    0.02                           net5 (net)
                  0.14    0.00    1.00 ^ output5/A (sky130_fd_sc_hd__clkbuf_4)
                  0.18    0.38    1.38 ^ output5/X (sky130_fd_sc_hd__clkbuf_4)
     1    0.03                           count[2] (net)
                  0.18    0.00    1.38 ^ count[2] (out)
                                  1.38   data arrival time

                         10.00   10.00   clock clk (rise edge)
                          0.00   10.00   clock network delay (propagated)
                         -0.25    9.75   clock uncertainty
                          0.00    9.75   clock reconvergence pessimism
                         -2.00    7.75   output external delay
                                  7.75   data required time
-----------------------------------------------------------------------------
                                  7.75   data required time
                                 -1.38   data arrival time
-----------------------------------------------------------------------------
                                  6.37   slack (MET)



======================= Typical Corner ===================================

Startpoint: f2 (rising edge-triggered flip-flop clocked by clk)
Endpoint: count[2] (output port clocked by clk)
Path Group: clk
Path Type: max
Corner: Typical

Fanout     Cap    Slew   Delay    Time   Description
-----------------------------------------------------------------------------
                          0.00    0.00   clock clk (rise edge)
                          0.00    0.00   clock source latency
                  0.08    0.05    0.05 ^ clk (in)
     1    0.02                           clk (net)
                  0.08    0.00    0.05 ^ clkbuf_0_clk/A (sky130_fd_sc_hd__clkbuf_16)
                  0.04    0.14    0.20 ^ clkbuf_0_clk/X (sky130_fd_sc_hd__clkbuf_16)
     2    0.02                           clknet_0_clk (net)
                  0.04    0.00    0.20 ^ clkbuf_1_0__f_clk/A (sky130_fd_sc_hd__clkbuf_16)
                  0.03    0.12    0.31 ^ clkbuf_1_0__f_clk/X (sky130_fd_sc_hd__clkbuf_16)
     2    0.01                           clknet_1_0__leaf_clk (net)
                  0.03    0.00    0.31 ^ f2/CLK (D_FF_pe)
                  0.14    0.45    0.76 ^ f2/Q (D_FF_pe)
     3    0.02                           net5 (net)
                  0.14    0.00    0.76 ^ output5/A (sky130_fd_sc_hd__clkbuf_4)
                  0.11    0.23    0.99 ^ output5/X (sky130_fd_sc_hd__clkbuf_4)
     1    0.03                           count[2] (net)
                  0.11    0.00    1.00 ^ count[2] (out)
                                  1.00   data arrival time

                         10.00   10.00   clock clk (rise edge)
                          0.00   10.00   clock network delay (propagated)
                         -0.25    9.75   clock uncertainty
                          0.00    9.75   clock reconvergence pessimism
                         -2.00    7.75   output external delay
                                  7.75   data required time
-----------------------------------------------------------------------------
                                  7.75   data required time
                                 -1.00   data arrival time
-----------------------------------------------------------------------------
                                  6.75   slack (MET)




===========================================================================
report_checks --slack_max -0.01
============================================================================
======================= Fastest Corner ===================================

No paths found.

======================= Slowest Corner ===================================

No paths found.

======================= Typical Corner ===================================

No paths found.


===========================================================================
 report_check_types -max_slew -max_cap -max_fanout -violators
============================================================================
======================= Fastest Corner ===================================


======================= Slowest Corner ===================================


======================= Typical Corner ===================================



===========================================================================
report_parasitic_annotation -report_unannotated
============================================================================
Found 4 unannotated drivers.
 f0/QN
 f1/QN
 f2/QN
 f3/QN
Found 0 partially unannotated drivers.

===========================================================================
max slew violation count 0
max fanout violation count 0
max cap violation count 0
============================================================================

===========================================================================
check_setup -verbose -unconstrained_endpoints -multiple_clock -no_clock -no_input_delay -loops -generated_clocks
===========================================================================
checks_report_end
power_report

===========================================================================
 report_power
============================================================================
======================= Fastest Corner ===================================

Group                  Internal  Switching    Leakage      Total
                          Power      Power      Power      Power (Watts)
----------------------------------------------------------------
Sequential             1.61e-05   1.17e-06   0.00e+00   1.73e-05  18.0%
Combinational          6.16e-05   1.70e-05   9.24e-10   7.86e-05  82.0%
Macro                  0.00e+00   0.00e+00   0.00e+00   0.00e+00   0.0%
Pad                    0.00e+00   0.00e+00   0.00e+00   0.00e+00   0.0%
----------------------------------------------------------------
Total                  7.77e-05   1.82e-05   9.24e-10   9.58e-05 100.0%
                          81.1%      18.9%       0.0%

======================= Slowest Corner ===================================

Group                  Internal  Switching    Leakage      Total
                          Power      Power      Power      Power (Watts)
----------------------------------------------------------------
Sequential             1.59e-05   7.88e-07   0.00e+00   1.67e-05  23.1%
Combinational          4.40e-05   1.14e-05   9.31e-08   5.55e-05  76.9%
Macro                  0.00e+00   0.00e+00   0.00e+00   0.00e+00   0.0%
Pad                    0.00e+00   0.00e+00   0.00e+00   0.00e+00   0.0%
----------------------------------------------------------------
Total                  6.00e-05   1.22e-05   9.31e-08   7.23e-05 100.0%
                          83.0%      16.9%       0.1%

======================= Typical Corner ===================================

Group                  Internal  Switching    Leakage      Total
                          Power      Power      Power      Power (Watts)
----------------------------------------------------------------
Sequential             1.61e-05   9.98e-07   0.00e+00   1.71e-05  20.0%
Combinational          5.38e-05   1.44e-05   7.21e-10   6.82e-05  80.0%
Macro                  0.00e+00   0.00e+00   0.00e+00   0.00e+00   0.0%
Pad                    0.00e+00   0.00e+00   0.00e+00   0.00e+00   0.0%
----------------------------------------------------------------
Total                  6.98e-05   1.54e-05   7.21e-10   8.53e-05 100.0%
                          81.9%      18.1%       0.0%

power_report_end
skew_report

===========================================================================
report_clock_skew
============================================================================
Clock clk
Latency      CRPR       Skew
f0/CLK ^
   0.55
f2/CLK ^
   0.50     -0.03       0.02

skew_report_end
summary_report

===========================================================================
report_tns
============================================================================
tns 0.00

===========================================================================
report_wns
============================================================================
wns 0.00

===========================================================================
report_worst_slack -max (Setup)
============================================================================
worst slack 6.37

===========================================================================
report_worst_slack -min (Hold)
============================================================================
worst slack 0.16
summary_report_end
[WARNING] Did not save OpenROAD database!
Writing SDF files for all corners…
Writing SDF for the Fastest corner to /openlane/designs/4bit/runs/RUN_2026.09.22_13.10.46/results/routing/mca/process_corner_nom/counter4s.Fastest.sdf…
Writing SDF for the Slowest corner to /openlane/designs/4bit/runs/RUN_2026.09.22_13.10.46/results/routing/mca/process_corner_nom/counter4s.Slowest.sdf…
Writing SDF for the Typical corner to /openlane/designs/4bit/runs/RUN_2026.09.22_13.10.46/results/routing/mca/process_corner_nom/counter4s.Typical.sdf…
Writing timing models for all corners…
Writing timing models for the Fastest corner to /openlane/designs/4bit/runs/RUN_2026.09.22_13.10.46/results/routing/mca/process_corner_nom/counter4s.Fastest.lib…
Writing timing models for the Slowest corner to /openlane/designs/4bit/runs/RUN_2026.09.22_13.10.46/results/routing/mca/process_corner_nom/counter4s.Slowest.lib…
Writing timing models for the Typical corner to /openlane/designs/4bit/runs/RUN_2026.09.22_13.10.46/results/routing/mca/process_corner_nom/counter4s.Typical.lib…
